Tipo Titulo;Data Vencimento;Data Base;Taxa Compra Manha;Taxa Venda Manha;PU Compra Manha;PU Venda Manha;PU Base Manha
Tesouro IPCA+ com Juros Semestrais;15/08/2050;01/06/2012;4,57;4,67;2741,85;2696,91;2695,32
Tesouro IPCA+ com Juros Semestrais;15/08/2050;04/06/2012;4,68;4,78;2693,33;2649,66;2648,81
Tesouro IPCA+ com Juros Semestrais;15/08/2050;05/06/2012;4,87;4,97;2612,18;2570,63;2569,79
Tesouro IPCA+ com Juros Semestrais;15/08/2050;06/06/2012;4,90;5,00;2599,60;2558,38;2557,29
Tesouro IPCA+ com Juros Semestrais;15/08/2050;08/06/2012;4,84;4,94;2626,25;2584,37;2582,98
Tesouro IPCA+ com Juros Semestrais;15/08/2050;11/06/2012;4,74;4,84;2670,04;2627,05;2626,25
Tesouro IPCA+ com Juros Semestrais;15/08/2050;12/06/2012;4,89;4,99;2606,77;2565,42;2564,63
Tesouro IPCA+ com Juros Semestrais;15/08/2050;13/06/2012;4,88;4,98;2611,76;2570,31;2569,51
Tesouro IPCA+ com Juros Semestrais;15/08/2050;14/06/2012;4,85;4,95;2625,20;2583,42;2582,63
Tesouro IPCA+ com Juros Semestrais;15/08/2050;15/06/2012;4,84;4,94;2630,46;2588,56;2587,55
Tesouro IPCA+ com Juros Semestrais;15/08/2050;18/06/2012;4,96;5,06;2580,98;2540,37;2539,70
Tesouro IPCA+ com Juros Semestrais;15/08/2050;19/06/2012;4,95;5,05;2585,77;2545,05;2544,38
Tesouro IPCA+ com Juros Semestrais;15/08/2050;20/06/2012;4,91;5,01;2603,02;2561,88;2561,21
Tesouro IPCA+ com Juros Semestrais;15/08/2050;21/06/2012;4,88;4,98;2616,24;2574,78;2574,11
Tesouro IPCA+ com Juros Semestrais;15/08/2050;22/06/2012;4,80;4,90;2650,52;2608,18;2607,38
Tesouro IPCA+ com Juros Semestrais;15/08/2050;25/06/2012;4,78;4,88;2659,72;2617,16;2616,56
Tesouro IPCA+ com Juros Semestrais;15/08/2050;26/06/2012;4,68;4,78;2704,00;2660,32;2659,72
Tesouro IPCA+ com Juros Semestrais;15/08/2050;27/06/2012;4,68;4,78;2704,60;2660,92;2660,32
Tesouro IPCA+ com Juros Semestrais;15/08/2050;28/06/2012;4,71;4,81;2691,97;2648,63;2648,03
Tesouro IPCA+ com Juros Semestrais;15/08/2050;29/06/2012;4,74;4,84;2679,67;2636,66;2635,85
Tesouro IPCA+ com Juros Semestrais;15/08/2050;02/07/2012;4,75;4,85;2675,91;2633,02;2632,42
Tesouro IPCA+ com Juros Semestrais;15/08/2050;03/07/2012;4,72;4,82;2689,60;2646,37;2645,77
Tesouro IPCA+ com Juros Semestrais;15/08/2050;04/07/2012;4,72;4,82;2690,20;2646,97;2646,37
Tesouro IPCA+ com Juros Semestrais;15/08/2050;05/07/2012;4,76;4,86;2673,37;2630,60;2629,99
Tesouro IPCA+ com Juros Semestrais;15/08/2050;06/07/2012;4,81;4,91;2651,81;2609,60;2608,89
Tesouro IPCA+ com Juros Semestrais;15/08/2050;09/07/2012;4,77;4,87;2669,57;2626,91;2626,35
Tesouro IPCA+ com Juros Semestrais;15/08/2050;10/07/2012;4,77;4,87;2670,14;2627,48;2626,91
Tesouro IPCA+ com Juros Semestrais;15/08/2050;11/07/2012;4,75;4,85;2679,37;2636,49;2635,92
Tesouro IPCA+ com Juros Semestrais;15/08/2050;12/07/2012;4,68;4,78;2710,62;2666,95;2666,39
Tesouro IPCA+ com Juros Semestrais;15/08/2050;13/07/2012;4,70;4,80;2702,63;2659,18;2658,35
Tesouro IPCA+ com Juros Semestrais;15/08/2050;16/07/2012;4,65;4,75;2725,48;2681,46;2680,76
Tesouro IPCA+ com Juros Semestrais;15/08/2050;17/07/2012;4,60;4,70;2748,62;2704,01;2703,32
Tesouro IPCA+ com Juros Semestrais;15/08/2050;18/07/2012;4,59;4,69;2753,84;2709,12;2708,42
Tesouro IPCA+ com Juros Semestrais;15/08/2050;19/07/2012;4,56;4,66;2768,19;2723,10;2722,41
Tesouro IPCA+ com Juros Semestrais;15/08/2050;20/07/2012;4,52;4,62;2787,67;2742,10;2740,99
Tesouro IPCA+ com Juros Semestrais;15/08/2050;23/07/2012;4,42;4,52;2836,39;2789,57;2788,74
Tesouro IPCA+ com Juros Semestrais;15/08/2050;24/07/2012;4,40;4,50;2846,74;2799,67;2798,84
Tesouro IPCA+ com Juros Semestrais;15/08/2050;25/07/2012;4,46;4,56;2819,18;2772,85;2772,02
Tesouro IPCA+ com Juros Semestrais;15/08/2050;26/07/2012;4,43;4,53;2834,15;2787,45;2786,62
Tesouro IPCA+ com Juros Semestrais;15/08/2050;27/07/2012;4,44;4,54;2830,95;2784,36;2782,85
Tesouro IPCA+ com Juros Semestrais;15/08/2050;30/07/2012;4,54;4,64;2785,19;2739,82;2738,99
Tesouro IPCA+ com Juros Semestrais;15/08/2050;31/07/2012;4,54;4,64;2786,02;2740,64;2739,82
Tesouro IPCA+ com Juros Semestrais;15/08/2050;01/08/2012;4,51;4,61;2800,71;2754,96;2754,13
Tesouro IPCA+ com Juros Semestrais;15/08/2050;02/08/2012;4,48;4,58;2815,50;2769,39;2768,56
Tesouro IPCA+ com Juros Semestrais;15/08/2050;03/08/2012;4,48;4,58;2817,03;2770,90;2769,39
Tesouro IPCA+ com Juros Semestrais;15/08/2050;06/08/2012;4,49;4,59;2813,19;2767,18;2766,35
Tesouro IPCA+ com Juros Semestrais;15/08/2050;07/08/2012;4,48;4,58;2818,70;2772,56;2771,73
Tesouro IPCA+ com Juros Semestrais;15/08/2050;08/08/2012;4,43;4,53;2844,20;2797,43;2796,55
Tesouro IPCA+ com Juros Semestrais;15/08/2050;09/08/2012;4,43;4,53;2845,09;2798,31;2797,43
Tesouro IPCA+ com Juros Semestrais;15/08/2050;10/08/2012;4,46;4,56;2832,59;2786,17;2784,52
Tesouro IPCA+ com Juros Semestrais;15/08/2050;13/08/2012;4,52;4,62;2805,47;2759,78;2758,90
Tesouro IPCA+ com Juros Semestrais;15/08/2050;14/08/2012;4,51;4,61;2746,95;2701,13;2764,29
Tesouro IPCA+ com Juros Semestrais;15/08/2050;15/08/2012;4,52;4,62;2743,12;2697,42;2696,62
Tesouro IPCA+ com Juros Semestrais;15/08/2050;16/08/2012;4,45;4,55;2776,65;2730,09;2729,28
Tesouro IPCA+ com Juros Semestrais;15/08/2050;17/08/2012;4,49;4,59;2759,34;2713,26;2711,81
Tesouro IPCA+ com Juros Semestrais;15/08/2050;20/08/2012;4,47;4,57;2769,52;2723,19;2722,38
Tesouro IPCA+ com Juros Semestrais;15/08/2050;21/08/2012;4,51;4,61;2751,65;2705,80;2705,00
Tesouro IPCA+ com Juros Semestrais;15/08/2050;22/08/2012;4,47;4,57;2771,14;2724,80;2724,00
Tesouro IPCA+ com Juros Semestrais;15/08/2050;23/08/2012;4,49;4,59;2762,66;2716,57;2715,75
Tesouro IPCA+ com Juros Semestrais;15/08/2050;24/08/2012;4,49;4,59;2764,16;2718,05;2716,57
Tesouro IPCA+ com Juros Semestrais;15/08/2050;27/08/2012;4,47;4,57;2774,35;2727,99;2727,18
Tesouro IPCA+ com Juros Semestrais;15/08/2050;28/08/2012;4,44;4,54;2789,32;2742,59;2741,77
Tesouro IPCA+ com Juros Semestrais;15/08/2050;29/08/2012;4,42;4,52;2799,64;2752,66;2751,84
Tesouro IPCA+ com Juros Semestrais;15/08/2050;30/08/2012;4,42;4,52;2800,46;2753,48;2752,66
Tesouro IPCA+ com Juros Semestrais;15/08/2050;31/08/2012;4,39;4,49;2816,32;2768,94;2767,44
Tesouro IPCA+ com Juros Semestrais;15/08/2050;03/09/2012;4,37;4,47;2826,77;2779,14;2778,32
Tesouro IPCA+ com Juros Semestrais;15/08/2050;04/09/2012;4,37;4,47;2827,60;2779,96;2779,14
Tesouro IPCA+ com Juros Semestrais;15/08/2050;05/09/2012;4,38;4,48;2824,20;2776,68;2775,83
Tesouro IPCA+ com Juros Semestrais;15/08/2050;06/09/2012;4,40;4,50;2816,56;2769,27;2767,32
Tesouro IPCA+ com Juros Semestrais;15/08/2050;10/09/2012;4,42;4,52;2807,86;2760,81;2759,96
Tesouro IPCA+ com Juros Semestrais;15/08/2050;11/09/2012;4,44;4,54;2799,20;2752,39;2751,55
Tesouro IPCA+ com Juros Semestrais;15/08/2050;12/09/2012;4,45;4,55;2795,31;2748,63;2747,78
Tesouro IPCA+ com Juros Semestrais;15/08/2050;13/09/2012;4,43;4,53;2805,65;2758,72;2757,87
Tesouro IPCA+ com Juros Semestrais;15/08/2050;14/09/2012;4,43;4,53;2807,40;2760,45;2758,72
Tesouro IPCA+ com Juros Semestrais;15/08/2050;17/09/2012;4,43;4,53;2808,33;2761,37;2749,18
Tesouro IPCA+ com Juros Semestrais;15/08/2050;18/09/2012;4,43;4,53;2809,26;2762,30;2750,10
Tesouro IPCA+ com Juros Semestrais;15/08/2050;19/09/2012;4,45;4,55;2800,70;2753,98;2741,81
Tesouro IPCA+ com Juros Semestrais;15/08/2050;20/09/2012;4,47;4,57;2792,19;2745,71;2733,58
Tesouro IPCA+ com Juros Semestrais;15/08/2050;21/09/2012;4,46;4,56;2799,23;2752,60;2739,40
Tesouro IPCA+ com Juros Semestrais;15/08/2050;24/09/2012;4,47;4,57;2795,50;2748,98;2736,78
Tesouro IPCA+ com Juros Semestrais;15/08/2050;25/09/2012;4,48;4,58;2791,78;2745,38;2744,40
Tesouro IPCA+ com Juros Semestrais;15/08/2050;26/09/2012;4,47;4,57;2797,47;2750,94;2749,96
Tesouro IPCA+ com Juros Semestrais;15/08/2050;27/09/2012;4,47;4,57;2798,46;2751,93;2750,94
Tesouro IPCA+ com Juros Semestrais;15/08/2050;28/09/2012;4,43;4,53;2819,42;2772,37;2770,39
Tesouro IPCA+ com Juros Semestrais;15/08/2050;01/10/2012;4,37;4,47;2849,25;2801,44;2800,45
Tesouro IPCA+ com Juros Semestrais;15/08/2050;02/10/2012;4,34;4,44;2864,85;2816,64;2815,65
Tesouro IPCA+ com Juros Semestrais;15/08/2050;03/10/2012;4,31;4,41;2880,56;2831,96;2830,97
Tesouro IPCA+ com Juros Semestrais;15/08/2050;04/10/2012;4,31;4,41;2881,56;2832,96;2831,96
Tesouro IPCA+ com Juros Semestrais;15/08/2050;05/10/2012;4,30;4,40;2889,19;2840,42;2838,32
Tesouro IPCA+ com Juros Semestrais;15/08/2050;08/10/2012;4,17;4,27;2955,60;2905,11;2904,07
Tesouro IPCA+ com Juros Semestrais;15/08/2050;09/10/2012;4,23;4,33;2926,18;2876,48;2875,45
Tesouro IPCA+ com Juros Semestrais;15/08/2050;10/10/2012;4,22;4,32;2932,26;2882,42;2881,39
Tesouro IPCA+ com Juros Semestrais;15/08/2050;11/10/2012;4,22;4,32;2934,96;2885,09;2882,42
Tesouro IPCA+ com Juros Semestrais;15/08/2050;15/10/2012;4,11;4,21;2992,37;2941,00;2940,03
Tesouro IPCA+ com Juros Semestrais;15/08/2050;16/10/2012;4,10;4,20;2998,57;2947,05;2946,07
Tesouro IPCA+ com Juros Semestrais;15/08/2050;17/10/2012;4,05;4,15;3025,84;2973,61;2972,63
Tesouro IPCA+ com Juros Semestrais;15/08/2050;18/10/2012;4,11;4,21;2995,31;2943,92;2942,95
Tesouro IPCA+ com Juros Semestrais;15/08/2050;19/10/2012;4,09;4,19;3007,75;2956,05;2954,09
Tesouro IPCA+ com Juros Semestrais;15/08/2050;22/10/2012;4,05;4,15;3030,27;2978,00;2976,96
Tesouro IPCA+ com Juros Semestrais;15/08/2050;23/10/2012;4,00;4,10;3057,98;3005,00;3003,96
Tesouro IPCA+ com Juros Semestrais;15/08/2050;24/10/2012;3,97;4,07;3075,21;3021,78;3020,74
Tesouro IPCA+ com Juros Semestrais;15/08/2050;25/10/2012;3,98;4,08;3070,85;3017,56;3016,52
Tesouro IPCA+ com Juros Semestrais;15/08/2050;26/10/2012;4,02;4,12;3051,55;2998,81;2996,65
Tesouro IPCA+ com Juros Semestrais;15/08/2050;29/10/2012;4,02;4,12;3052,59;2999,85;2998,81
Tesouro IPCA+ com Juros Semestrais;15/08/2050;30/10/2012;4,03;4,13;3048,30;2995,69;2994,65
Tesouro IPCA+ com Juros Semestrais;15/08/2050;31/10/2012;4,03;4,13;3049,35;2996,73;2995,69
Tesouro IPCA+ com Juros Semestrais;15/08/2050;01/11/2012;4,02;4,12;3057,44;3004,65;3001,93
Tesouro IPCA+ com Juros Semestrais;15/08/2050;05/11/2012;4,03;4,13;3053,15;3000,49;2999,45
Tesouro IPCA+ com Juros Semestrais;15/08/2050;06/11/2012;4,03;4,13;3054,20;3001,53;3000,49
Tesouro IPCA+ com Juros Semestrais;15/08/2050;07/11/2012;4,05;4,15;3044,83;2992,44;2991,39
Tesouro IPCA+ com Juros Semestrais;15/08/2050;08/11/2012;4,05;4,15;3045,89;2993,49;2992,44
Tesouro IPCA+ com Juros Semestrais;15/08/2050;09/11/2012;4,06;4,16;3042,80;2990,51;2988,33
Tesouro IPCA+ com Juros Semestrais;15/08/2050;12/11/2012;4,08;4,18;3033,28;2981,27;2980,22
Tesouro IPCA+ com Juros Semestrais;15/08/2050;13/11/2012;4,12;4,22;3013,36;2961,90;2960,86
Tesouro IPCA+ com Juros Semestrais;15/08/2050;14/11/2012;4,17;4,27;2988,99;2938,20;2936,69
Tesouro IPCA+ com Juros Semestrais;15/08/2050;16/11/2012;4,23;4,33;2960,26;2910,25;2908,37
Tesouro IPCA+ com Juros Semestrais;15/08/2050;19/11/2012;4,18;4,28;2986,73;2936,05;2935,09
Tesouro IPCA+ com Juros Semestrais;15/08/2050;20/11/2012;4,15;4,25;3003,16;2952,07;2951,11
Tesouro IPCA+ com Juros Semestrais;15/08/2050;21/11/2012;4,15;4,25;3004,13;2953,03;2952,07
Tesouro IPCA+ com Juros Semestrais;15/08/2050;22/11/2012;4,16;4,26;2999,92;2948,95;2947,99
Tesouro IPCA+ com Juros Semestrais;15/08/2050;23/11/2012;4,16;4,26;3001,95;2950,96;2949,03
Tesouro IPCA+ com Juros Semestrais;15/08/2050;26/11/2012;4,13;4,23;3018,49;2967,08;2966,11
Tesouro IPCA+ com Juros Semestrais;15/08/2050;27/11/2012;4,10;4,20;3035,16;2983,33;2982,36
Tesouro IPCA+ com Juros Semestrais;15/08/2050;28/11/2012;4,07;4,17;3051,97;2999,71;2998,74
Tesouro IPCA+ com Juros Semestrais;15/08/2050;29/11/2012;4,08;4,18;3047,66;2995,54;2994,56
Tesouro IPCA+ com Juros Semestrais;15/08/2050;30/11/2012;4,08;4,18;3049,63;2997,49;2995,54
Tesouro IPCA+ com Juros Semestrais;15/08/2050;03/12/2012;4,06;4,16;3061,21;3008,78;3007,81
Tesouro IPCA+ com Juros Semestrais;15/08/2050;04/12/2012;4,05;4,15;3067,52;3014,94;3013,96
Tesouro IPCA+ com Juros Semestrais;15/08/2050;05/12/2012;3,99;4,09;3100,74;3047,30;3046,32
Tesouro IPCA+ com Juros Semestrais;15/08/2050;06/12/2012;4,00;4,10;3096,32;3043,01;3042,03
Tesouro IPCA+ com Juros Semestrais;15/08/2050;07/12/2012;3,94;4,04;3133,86;3079,62;3077,29
Tesouro IPCA+ com Juros Semestrais;15/08/2050;10/12/2012;3,95;4,05;3129,48;3075,37;3074,27
Tesouro IPCA+ com Juros Semestrais;15/08/2050;11/12/2012;3,99;4,09;3108,76;3055,23;3054,13
Tesouro IPCA+ com Juros Semestrais;15/08/2050;12/12/2012;4,03;4,13;3088,27;3035,31;3034,21
Tesouro IPCA+ com Juros Semestrais;15/08/2050;13/12/2012;4,00;4,10;3105,54;3052,14;3051,05
Tesouro IPCA+ com Juros Semestrais;15/08/2050;14/12/2012;3,98;4,08;3118,75;3065,03;3062,71
Tesouro IPCA+ com Juros Semestrais;15/08/2050;17/12/2012;3,98;4,08;3119,85;3066,13;3065,03
Tesouro IPCA+ com Juros Semestrais;15/08/2050;18/12/2012;3,97;4,07;3126,41;3072,53;3071,43
Tesouro IPCA+ com Juros Semestrais;15/08/2050;19/12/2012;3,99;4,09;3116,63;3063,03;3061,93
Tesouro IPCA+ com Juros Semestrais;15/08/2050;20/12/2012;3,98;4,08;3123,89;3070,13;3068,91
Tesouro IPCA+ com Juros Semestrais;15/08/2050;21/12/2012;4,02;4,12;3106,88;3053,64;3049,03
Tesouro IPCA+ com Juros Semestrais;15/08/2050;26/12/2012;4,02;4,12;3108,10;3054,85;3053,64
Tesouro IPCA+ com Juros Semestrais;15/08/2050;27/12/2012;3,99;4,09;3125,59;3071,89;3070,67
Tesouro IPCA+ com Juros Semestrais;15/08/2050;28/12/2012;3,99;4,09;3130,28;3076,53;3071,89
Tesouro IPCA+ com Juros Semestrais;15/08/2050;02/01/2013;3,96;4,06;3147,92;3093,72;3092,50
Tesouro IPCA+ com Juros Semestrais;15/08/2050;03/01/2013;3,93;4,03;3165,71;3111,06;3109,83
Tesouro IPCA+ com Juros Semestrais;15/08/2050;04/01/2013;3,87;3,97;3201,98;3146,40;3143,67
Tesouro IPCA+ com Juros Semestrais;15/08/2050;07/01/2013;3,85;3,95;3214,52;3158,63;3157,39
Tesouro IPCA+ com Juros Semestrais;15/08/2050;08/01/2013;3,86;3,96;3210,11;3154,36;3153,12
Tesouro IPCA+ com Juros Semestrais;15/08/2050;09/01/2013;3,89;3,99;3194,47;3139,16;3137,93
Tesouro IPCA+ com Juros Semestrais;15/08/2050;10/01/2013;3,86;3,96;3213,99;3158,20;3156,91
Tesouro IPCA+ com Juros Semestrais;15/08/2050;11/01/2013;3,84;3,94;3228,27;3172,14;3169,24
Tesouro IPCA+ com Juros Semestrais;15/08/2050;14/01/2013;3,82;3,92;3240,99;3184,54;3183,24
Tesouro IPCA+ com Juros Semestrais;15/08/2050;15/01/2013;3,81;3,91;3248,03;3191,41;3190,12
Tesouro IPCA+ com Juros Semestrais;15/08/2050;16/01/2013;3,81;3,91;3249,34;3192,71;3191,41
Tesouro IPCA+ com Juros Semestrais;15/08/2050;17/01/2013;3,79;3,89;3262,16;3205,21;3203,91
Tesouro IPCA+ com Juros Semestrais;15/08/2050;18/01/2013;3,82;3,92;3247,87;3191,34;3188,43
Tesouro IPCA+ com Juros Semestrais;15/08/2050;21/01/2013;3,86;3,96;3226,37;3170,45;3169,16
Tesouro IPCA+ com Juros Semestrais;15/08/2050;22/01/2013;3,80;3,90;3261,98;3205,12;3203,82
Tesouro IPCA+ com Juros Semestrais;15/08/2050;23/01/2013;3,80;3,90;3263,29;3206,42;3205,12
Tesouro IPCA+ com Juros Semestrais;15/08/2050;24/01/2013;3,78;3,88;3280,64;3223,39;3218,69
Tesouro IPCA+ com Juros Semestrais;15/08/2050;28/01/2013;3,83;3,93;3253,24;3196,76;3195,34
Tesouro IPCA+ com Juros Semestrais;15/08/2050;29/01/2013;3,89;3,99;3220,59;3164,99;3163,59
Tesouro IPCA+ com Juros Semestrais;15/08/2050;30/01/2013;3,90;4,00;3216,37;3160,92;3159,52
Tesouro IPCA+ com Juros Semestrais;15/08/2050;31/01/2013;3,95;4,05;3189,87;3135,15;3133,75
Tesouro IPCA+ com Juros Semestrais;15/08/2050;01/02/2013;3,99;4,09;3171,05;3116,87;3113,67
Tesouro IPCA+ com Juros Semestrais;15/08/2050;04/02/2013;4,00;4,10;3166,97;3112,93;3111,53
Tesouro IPCA+ com Juros Semestrais;15/08/2050;05/02/2013;4,04;4,14;3146,58;3093,11;3091,72
Tesouro IPCA+ com Juros Semestrais;15/08/2050;06/02/2013;4,06;4,16;3137,18;3083,97;3082,58
Tesouro IPCA+ com Juros Semestrais;15/08/2050;07/02/2013;4,15;4,25;3089,67;3037,74;3036,40
Tesouro IPCA+ com Juros Semestrais;15/08/2050;08/02/2013;4,22;4,32;3057,90;3006,86;3002,20
Tesouro IPCA+ com Juros Semestrais;15/08/2050;13/02/2013;4,25;4,35;3043,79;2993,14;2991,81
Tesouro IPCA+ com Juros Semestrais;15/08/2050;14/02/2013;4,25;4,35;2978,60;2927,95;2993,14
Tesouro IPCA+ com Juros Semestrais;15/08/2050;15/02/2013;4,24;4,34;2985,51;2934,70;2932,95
Tesouro IPCA+ com Juros Semestrais;15/08/2050;18/02/2013;4,19;4,29;3012,35;2960,85;2959,94
Tesouro IPCA+ com Juros Semestrais;15/08/2050;19/02/2013;4,21;4,31;3002,86;2951,63;2950,72
Tesouro IPCA+ com Juros Semestrais;15/08/2050;20/02/2013;4,19;4,29;3014,19;2962,69;2961,77
Tesouro IPCA+ com Juros Semestrais;15/08/2050;21/02/2013;4,18;4,28;3020,33;2968,69;2967,77
Tesouro IPCA+ com Juros Semestrais;15/08/2050;22/02/2013;4,16;4,26;3032,62;2980,68;2978,91
Tesouro IPCA+ com Juros Semestrais;15/08/2050;25/02/2013;4,18;4,28;3023,99;2972,30;2971,30
Tesouro IPCA+ com Juros Semestrais;15/08/2050;26/02/2013;4,13;4,23;3051,36;2998,98;2997,97
Tesouro IPCA+ com Juros Semestrais;15/08/2050;27/02/2013;4,11;4,21;3063,02;3010,35;3009,34
Tesouro IPCA+ com Juros Semestrais;15/08/2050;28/02/2013;4,10;4,20;3069,38;3016,56;3015,55
Tesouro IPCA+ com Juros Semestrais;15/08/2050;01/03/2013;4,10;4,20;3071,45;3018,60;3016,56
Tesouro IPCA+ com Juros Semestrais;15/08/2050;04/03/2013;4,07;4,17;3088,59;3035,32;3034,31
Tesouro IPCA+ com Juros Semestrais;15/08/2050;05/03/2013;4,07;4,17;3089,61;3036,33;3035,32
Tesouro IPCA+ com Juros Semestrais;15/08/2050;06/03/2013;4,02;4,12;3117,81;3063,81;3062,79
Tesouro IPCA+ com Juros Semestrais;15/08/2050;07/03/2013;4,03;4,13;3113,37;3059,50;3058,48
Tesouro IPCA+ com Juros Semestrais;15/08/2050;08/03/2013;4,05;4,15;3107,74;3054,08;3051,63
Tesouro IPCA+ com Juros Semestrais;15/08/2050;11/03/2013;4,10;4,20;3081,88;3028,92;3027,78
Tesouro IPCA+ com Juros Semestrais;15/08/2050;12/03/2013;4,14;4,24;3061,67;3009,27;3008,14
Tesouro IPCA+ com Juros Semestrais;15/08/2050;13/03/2013;4,20;4,30;3031,21;2979,64;2978,50
Tesouro IPCA+ com Juros Semestrais;15/08/2050;14/03/2013;4,28;4,38;2990,97;2940,48;2939,35
Tesouro IPCA+ com Juros Semestrais;15/08/2050;15/03/2013;4,26;4,36;3003,24;2952,45;2950,47
Tesouro IPCA+ com Juros Semestrais;15/08/2050;18/03/2013;4,23;4,33;3019,74;2968,54;2967,55
Tesouro IPCA+ com Juros Semestrais;15/08/2050;19/03/2013;4,23;4,33;3020,75;2969,54;2968,54
Tesouro IPCA+ com Juros Semestrais;15/08/2050;20/03/2013;4,22;4,32;3026,94;2975,60;2974,60
Tesouro IPCA+ com Juros Semestrais;15/08/2050;21/03/2013;4,27;4,37;3002,10;2951,42;2950,43
Tesouro IPCA+ com Juros Semestrais;15/08/2050;22/03/2013;4,37;4,47;2953,41;2904,03;2902,07
Tesouro IPCA+ com Juros Semestrais;15/08/2050;25/03/2013;4,40;4,50;2939,24;2890,25;2889,28
Tesouro IPCA+ com Juros Semestrais;15/08/2050;26/03/2013;4,39;4,49;2945,19;2896,06;2895,09
Tesouro IPCA+ com Juros Semestrais;15/08/2050;27/03/2013;4,40;4,50;2941,19;2892,19;2891,22
Tesouro IPCA+ com Juros Semestrais;15/08/2050;28/03/2013;4,42;4,52;2933,68;2884,91;2882,55
Tesouro IPCA+ com Juros Semestrais;15/08/2050;01/04/2013;4,60;4,70;2847,77;2801,24;2800,28
Tesouro IPCA+ com Juros Semestrais;15/08/2050;02/04/2013;4,77;4,87;2770,34;2725,81;2724,86
Tesouro IPCA+ com Juros Semestrais;15/08/2050;03/04/2013;4,66;4,76;2821,63;2775,81;2774,86
Tesouro IPCA+ com Juros Semestrais;15/08/2050;04/04/2013;4,74;4,84;2785,84;2740,96;2740,00
Tesouro IPCA+ com Juros Semestrais;15/08/2050;05/04/2013;4,69;4,79;2810,59;2765,10;2763,26
Tesouro IPCA+ com Juros Semestrais;15/08/2050;08/04/2013;4,50;4,60;2901,33;2853,52;2852,55
Tesouro IPCA+ com Juros Semestrais;15/08/2050;09/04/2013;4,55;4,65;2878,24;2831,05;2830,09
Tesouro IPCA+ com Juros Semestrais;15/08/2050;10/04/2013;4,50;4,60;2902,52;2854,72;2853,78
Tesouro IPCA+ com Juros Semestrais;15/08/2050;11/04/2013;4,49;4,59;2908,32;2860,39;2859,44
Tesouro IPCA+ com Juros Semestrais;15/08/2050;12/04/2013;4,53;4,63;2890,81;2843,36;2841,56
Tesouro IPCA+ com Juros Semestrais;15/08/2050;15/04/2013;4,56;4,66;2877,39;2830,30;2829,37
Tesouro IPCA+ com Juros Semestrais;15/08/2050;16/04/2013;4,58;4,68;2868,81;2821,96;2821,03
Tesouro IPCA+ com Juros Semestrais;15/08/2050;17/04/2013;4,55;4,65;2884,04;2836,83;2835,89
Tesouro IPCA+ com Juros Semestrais;15/08/2050;18/04/2013;4,55;4,65;2884,99;2837,76;2836,83
Tesouro IPCA+ com Juros Semestrais;15/08/2050;19/04/2013;4,43;4,53;2945,14;2896,39;2894,58
Tesouro IPCA+ com Juros Semestrais;15/08/2050;22/04/2013;4,40;4,50;2961,20;2912,06;2911,08
Tesouro IPCA+ com Juros Semestrais;15/08/2050;23/04/2013;4,39;4,49;2967,17;2917,89;2916,91
Tesouro IPCA+ com Juros Semestrais;15/08/2050;24/04/2013;4,39;4,49;2968,15;2918,86;2917,89
Tesouro IPCA+ com Juros Semestrais;15/08/2050;25/04/2013;4,43;4,53;2949,25;2900,48;2899,51
Tesouro IPCA+ com Juros Semestrais;15/08/2050;26/04/2013;4,48;4,58;2926,62;2878,46;2876,57
Tesouro IPCA+ com Juros Semestrais;15/08/2050;29/04/2013;4,49;4,59;2922,72;2874,68;2873,71
Tesouro IPCA+ com Juros Semestrais;15/08/2050;30/04/2013;4,48;4,58;2929,04;2880,86;2879,43
Tesouro IPCA+ com Juros Semestrais;15/08/2050;02/05/2013;4,44;4,54;2949,64;2900,95;2899,98
Tesouro IPCA+ com Juros Semestrais;15/08/2050;03/05/2013;4,34;4,44;3001,57;2951,57;2949,64
Tesouro IPCA+ com Juros Semestrais;15/08/2050;06/05/2013;4,38;4,48;2982,40;2932,90;2931,93
Tesouro IPCA+ com Juros Semestrais;15/08/2050;07/05/2013;4,36;4,46;2993,43;2943,68;2942,70
Tesouro IPCA+ com Juros Semestrais;15/08/2050;08/05/2013;4,34;4,44;3006,21;2956,15;2955,10
Tesouro IPCA+ com Juros Semestrais;15/08/2050;09/05/2013;4,36;4,46;2997,14;2947,35;2946,30
Tesouro IPCA+ com Juros Semestrais;15/08/2050;10/05/2013;4,41;4,51;2974,22;2925,05;2922,94
Tesouro IPCA+ com Juros Semestrais;15/08/2050;13/05/2013;4,46;4,56;2950,53;2901,99;2900,95
Tesouro IPCA+ com Juros Semestrais;15/08/2050;14/05/2013;4,44;4,54;2961,44;2912,64;2911,60
Tesouro IPCA+ com Juros Semestrais;15/08/2050;15/05/2013;4,55;4,65;2908,67;2861,25;2860,42
Tesouro IPCA+ com Juros Semestrais;15/08/2050;16/05/2013;4,51;4,61;2928,81;2880,90;2880,07
Tesouro IPCA+ com Juros Semestrais;15/08/2050;17/05/2013;4,47;4,57;2949,81;2901,38;2899,91
Tesouro IPCA+ com Juros Semestrais;15/08/2050;20/05/2013;4,51;4,61;2931,12;2883,19;2882,36
Tesouro IPCA+ com Juros Semestrais;15/08/2050;21/05/2013;4,55;4,65;2912,63;2865,20;2864,37
Tesouro IPCA+ com Juros Semestrais;15/08/2050;22/05/2013;4,54;4,64;2918,28;2870,71;2869,88
Tesouro IPCA+ com Juros Semestrais;15/08/2050;23/05/2013;4,59;4,69;2895,51;2848,55;2847,69
Tesouro IPCA+ com Juros Semestrais;15/08/2050;24/05/2013;4,63;4,73;2878,15;2831,67;2830,11
Tesouro IPCA+ com Juros Semestrais;15/08/2050;27/05/2013;4,72;4,82;2837,13;2791,71;2790,85
Tesouro IPCA+ com Juros Semestrais;15/08/2050;28/05/2013;4,87;4,97;2770,30;2726,60;2725,74
Tesouro IPCA+ com Juros Semestrais;15/08/2050;29/05/2013;4,97;5,07;2727,79;2685,19;2684,00
Tesouro IPCA+ com Juros Semestrais;15/08/2050;31/05/2013;4,88;4,98;2768,62;2725,01;2723,48
Tesouro IPCA+ com Juros Semestrais;15/08/2050;03/06/2013;5,05;5,15;2695,99;2654,23;2653,38
Tesouro IPCA+ com Juros Semestrais;15/08/2050;04/06/2013;5,05;5,15;2696,85;2655,08;2654,23
Tesouro IPCA+ com Juros Semestrais;15/08/2050;05/06/2013;4,75;4,85;2829,62;2784,51;2783,65
Tesouro IPCA+ com Juros Semestrais;15/08/2050;06/06/2013;4,88;4,98;2772,07;2728,45;2727,59
Tesouro IPCA+ com Juros Semestrais;15/08/2050;07/06/2013;5,04;5,14;2704,09;2662,21;2660,73
Tesouro IPCA+ com Juros Semestrais;15/08/2050;10/06/2013;5,02;5,12;2713,45;2671,35;2670,50
Tesouro IPCA+ com Juros Semestrais;15/08/2050;11/06/2013;5,79;5,89;2415,77;2381,01;2380,19
Tesouro IPCA+ com Juros Semestrais;15/08/2050;12/06/2013;5,50;5,60;2522,37;2485,04;2484,20
Tesouro IPCA+ com Juros Semestrais;15/08/2050;13/06/2013;5,59;5,69;2489,56;2453,05;2452,22
Tesouro IPCA+ com Juros Semestrais;15/08/2050;14/06/2013;5,30;5,40;2602,18;2562,93;2561,48
Tesouro IPCA+ com Juros Semestrais;15/08/2050;17/06/2013;5,33;5,43;2591,15;2552,18;2551,34
Tesouro IPCA+ com Juros Semestrais;15/08/2050;18/06/2013;5,57;5,67;2500,08;2463,37;2462,53
Tesouro IPCA+ com Juros Semestrais;15/08/2050;19/06/2013;5,59;5,69;2493,50;2456,97;2456,13
Tesouro IPCA+ com Juros Semestrais;15/08/2050;20/06/2013;5,88;5,98;2390,81;2356,77;2355,95
Tesouro IPCA+ com Juros Semestrais;15/08/2050;21/06/2013;5,40;5,50;2567,76;2529,45;2528,00
Tesouro IPCA+ com Juros Semestrais;15/08/2050;24/06/2013;5,60;5,70;2492,58;2456,13;2455,33
Tesouro IPCA+ com Juros Semestrais;15/08/2050;25/06/2013;5,40;5,50;2569,07;2530,76;2529,95
Tesouro IPCA+ com Juros Semestrais;15/08/2050;26/06/2013;5,35;5,45;2589,40;2550,60;2549,79
Tesouro IPCA+ com Juros Semestrais;15/08/2050;27/06/2013;5,34;5,44;2594,14;2555,25;2554,44
Tesouro IPCA+ com Juros Semestrais;15/08/2050;28/06/2013;5,27;5,37;2623,32;2583,73;2582,37
Tesouro IPCA+ com Juros Semestrais;15/08/2050;01/07/2013;5,42;5,52;2565,12;2526,98;2526,17
Tesouro IPCA+ com Juros Semestrais;15/08/2050;02/07/2013;5,42;5,52;2565,93;2527,78;2526,98
Tesouro IPCA+ com Juros Semestrais;15/08/2050;03/07/2013;5,40;5,50;2574,48;2536,15;2535,34
Tesouro IPCA+ com Juros Semestrais;15/08/2050;04/07/2013;5,46;5,56;2552,17;2514,41;2513,60
Tesouro IPCA+ com Juros Semestrais;15/08/2050;05/07/2013;5,61;5,71;2496,06;2459,68;2458,49
Tesouro IPCA+ com Juros Semestrais;15/08/2050;08/07/2013;5,63;5,73;2490,23;2454,01;2452,50
Tesouro IPCA+ com Juros Semestrais;15/08/2050;10/07/2013;5,60;5,70;2502,02;2465,54;2464,79
Tesouro IPCA+ com Juros Semestrais;15/08/2050;11/07/2013;5,62;5,72;2495,41;2459,11;2458,35
Tesouro IPCA+ com Juros Semestrais;15/08/2050;12/07/2013;5,72;5,82;2460,29;2424,86;2423,68
Tesouro IPCA+ com Juros Semestrais;15/08/2050;15/07/2013;5,70;5,80;2468,13;2432,52;2431,87
Tesouro IPCA+ com Juros Semestrais;15/08/2050;16/07/2013;5,60;5,70;2505,27;2468,77;2468,13
Tesouro IPCA+ com Juros Semestrais;15/08/2050;17/07/2013;5,59;5,69;2509,61;2473,03;2472,38
Tesouro IPCA+ com Juros Semestrais;15/08/2050;18/07/2013;5,47;5,57;2555,37;2517,69;2517,04
Tesouro IPCA+ com Juros Semestrais;15/08/2050;19/07/2013;5,36;5,46;2598,79;2560,05;2559,19
Tesouro IPCA+ com Juros Semestrais;15/08/2050;22/07/2013;5,29;5,39;2626,45;2587,04;2586,48
Tesouro IPCA+ com Juros Semestrais;15/08/2050;23/07/2013;5,24;5,34;2647,09;2607,19;2606,62
Tesouro IPCA+ com Juros Semestrais;15/08/2050;24/07/2013;5,20;5,30;2663,89;2623,59;2623,03
Tesouro IPCA+ com Juros Semestrais;15/08/2050;25/07/2013;5,30;5,40;2624,15;2584,85;2584,28
Tesouro IPCA+ com Juros Semestrais;15/08/2050;26/07/2013;5,30;5,40;2624,77;2585,46;2584,85
Tesouro IPCA+ com Juros Semestrais;15/08/2050;29/07/2013;5,33;5,43;2613,44;2574,43;2573,86
Tesouro IPCA+ com Juros Semestrais;15/08/2050;30/07/2013;5,45;5,55;2567,31;2529,45;2528,88
Tesouro IPCA+ com Juros Semestrais;15/08/2050;31/07/2013;5,50;5,60;2548,83;2511,44;2510,87
Tesouro IPCA+ com Juros Semestrais;15/08/2050;01/08/2013;5,39;5,49;2591,61;2553,18;2552,62
Tesouro IPCA+ com Juros Semestrais;15/08/2050;02/08/2013;5,50;5,60;2550,01;2512,62;2512,00
Tesouro IPCA+ com Juros Semestrais;15/08/2050;05/08/2013;5,43;5,53;2577,31;2539,26;2538,69
Tesouro IPCA+ com Juros Semestrais;15/08/2050;06/08/2013;5,39;5,49;2593,36;2554,93;2554,37
Tesouro IPCA+ com Juros Semestrais;15/08/2050;07/08/2013;5,43;5,53;2578,44;2540,40;2539,83
Tesouro IPCA+ com Juros Semestrais;15/08/2050;08/08/2013;5,44;5,54;2575,16;2537,21;2536,64
Tesouro IPCA+ com Juros Semestrais;15/08/2050;09/08/2013;5,41;5,51;2587,34;2549,11;2548,50
Tesouro IPCA+ com Juros Semestrais;15/08/2050;12/08/2013;5,40;5,50;2591,78;2553,46;2552,89
Tesouro IPCA+ com Juros Semestrais;15/08/2050;13/08/2013;5,55;5,65;2535,22;2498,30;2497,73
Tesouro IPCA+ com Juros Semestrais;15/08/2050;14/08/2013;5,62;5,72;2441,79;2405,49;2472,98
Tesouro IPCA+ com Juros Semestrais;15/08/2050;15/08/2013;5,67;5,77;2424,29;2388,43;2387,68
Tesouro IPCA+ com Juros Semestrais;15/08/2050;16/08/2013;5,62;5,72;2443,76;2407,46;2406,25
Tesouro IPCA+ com Juros Semestrais;15/08/2050;19/08/2013;5,67;5,77;2426,25;2390,39;2389,63
Tesouro IPCA+ com Juros Semestrais;15/08/2050;20/08/2013;5,75;5,85;2398,25;2363,08;2362,32
Tesouro IPCA+ com Juros Semestrais;15/08/2050;21/08/2013;5,62;5,72;2446,04;2409,73;2408,97
Tesouro IPCA+ com Juros Semestrais;15/08/2050;22/08/2013;5,76;5,86;2396,02;2360,93;2360,20
Tesouro IPCA+ com Juros Semestrais;15/08/2050;23/08/2013;5,68;5,78;2425,85;2390,07;2388,93
Tesouro IPCA+ com Juros Semestrais;15/08/2050;26/08/2013;5,64;5,74;2441,15;2405,01;2404,28
Tesouro IPCA+ com Juros Semestrais;15/08/2050;27/08/2013;5,68;5,78;2427,33;2391,53;2390,80
Tesouro IPCA+ com Juros Semestrais;15/08/2050;28/08/2013;5,68;5,78;2428,06;2392,27;2391,53
Tesouro IPCA+ com Juros Semestrais;15/08/2050;29/08/2013;5,68;5,78;2428,80;2393,00;2392,27
Tesouro IPCA+ com Juros Semestrais;15/08/2050;30/08/2013;5,78;5,88;2394,14;2359,20;2358,07
Tesouro IPCA+ com Juros Semestrais;15/08/2050;02/09/2013;5,80;5,90;2387,81;2353,04;2352,31
Tesouro IPCA+ com Juros Semestrais;15/08/2050;03/09/2013;5,80;5,90;2388,55;2353,77;2353,04
Tesouro IPCA+ com Juros Semestrais;15/08/2050;04/09/2013;5,81;5,91;2385,77;2351,08;2350,34
Tesouro IPCA+ com Juros Semestrais;15/08/2050;05/09/2013;5,83;5,93;2379,50;2344,97;2344,24
Tesouro IPCA+ com Juros Semestrais;15/08/2050;06/09/2013;5,86;5,96;2369,80;2335,52;2334,44
Tesouro IPCA+ com Juros Semestrais;15/08/2050;09/09/2013;5,84;5,94;2377,47;2343,03;2342,31
Tesouro IPCA+ com Juros Semestrais;15/08/2050;10/09/2013;5,85;5,95;2374,71;2340,35;2339,63
Tesouro IPCA+ com Juros Semestrais;15/08/2050;11/09/2013;5,84;5,94;2378,91;2344,47;2343,75
Tesouro IPCA+ com Juros Semestrais;15/08/2050;12/09/2013;5,85;5,95;2376,15;2341,78;2341,07
Tesouro IPCA+ com Juros Semestrais;15/08/2050;13/09/2013;5,90;6,00;2360,09;2326,12;2324,91
Tesouro IPCA+ com Juros Semestrais;15/08/2050;16/09/2013;5,92;6,02;2354,09;2320,28;2319,43
Tesouro IPCA+ com Juros Semestrais;15/08/2050;17/09/2013;5,90;6,00;2361,81;2327,83;2326,98
Tesouro IPCA+ com Juros Semestrais;15/08/2050;18/09/2013;5,91;6,01;2359,23;2325,34;2324,48
Tesouro IPCA+ com Juros Semestrais;15/08/2050;19/09/2013;5,69;5,79;2437,62;2401,86;2401,00
Tesouro IPCA+ com Juros Semestrais;15/08/2050;20/09/2013;5,69;5,79;2439,15;2403,38;2401,86
Tesouro IPCA+ com Juros Semestrais;15/08/2050;23/09/2013;5,71;5,81;2432,29;2396,70;2395,89
Tesouro IPCA+ com Juros Semestrais;15/08/2050;24/09/2013;5,78;5,88;2408,09;2373,10;2372,29
Tesouro IPCA+ com Juros Semestrais;15/08/2050;25/09/2013;5,79;5,89;2405,36;2370,45;2369,65
Tesouro IPCA+ com Juros Semestrais;15/08/2050;26/09/2013;5,84;5,94;2388,61;2354,12;2353,31
Tesouro IPCA+ com Juros Semestrais;15/08/2050;27/09/2013;5,92;6,02;2362,29;2328,45;2327,12
Tesouro IPCA+ com Juros Semestrais;15/08/2050;30/09/2013;5,96;6,06;2349,46;2315,94;2315,14
Tesouro IPCA+ com Juros Semestrais;15/08/2050;01/10/2013;5,96;6,06;2350,27;2316,74;2315,94
Tesouro IPCA+ com Juros Semestrais;15/08/2050;02/10/2013;5,98;6,08;2344,30;2310,94;2310,13
Tesouro IPCA+ com Juros Semestrais;15/08/2050;03/10/2013;5,93;6,03;2362,09;2328,32;2327,52
Tesouro IPCA+ com Juros Semestrais;15/08/2050;04/10/2013;5,93;6,03;2363,44;2329,65;2328,32
Tesouro IPCA+ com Juros Semestrais;15/08/2050;07/10/2013;5,93;6,03;2364,24;2330,46;2329,65
Tesouro IPCA+ com Juros Semestrais;15/08/2050;08/10/2013;5,91;6,01;2371,91;2337,96;2337,15
Tesouro IPCA+ com Juros Semestrais;15/08/2050;09/10/2013;5,86;5,96;2390,20;2355,83;2355,02
Tesouro IPCA+ com Juros Semestrais;15/08/2050;10/10/2013;5,81;5,91;2408,52;2373,73;2372,91
Tesouro IPCA+ com Juros Semestrais;15/08/2050;11/10/2013;5,82;5,92;2406,39;2371,67;2370,30
Tesouro IPCA+ com Juros Semestrais;15/08/2050;14/10/2013;5,81;5,91;2410,72;2375,92;2375,10
Tesouro IPCA+ com Juros Semestrais;15/08/2050;15/10/2013;5,81;5,91;2411,71;2376,90;2375,92
Tesouro IPCA+ com Juros Semestrais;15/08/2050;16/10/2013;5,82;5,92;2409,17;2374,44;2373,46
Tesouro IPCA+ com Juros Semestrais;15/08/2050;17/10/2013;5,82;5,92;2410,15;2375,42;2374,44
Tesouro IPCA+ com Juros Semestrais;15/08/2050;18/10/2013;5,79;5,89;2422,61;2387,60;2385,75
Tesouro IPCA+ com Juros Semestrais;15/08/2050;21/10/2013;5,84;5,94;2406,09;2371,50;2370,51
Tesouro IPCA+ com Juros Semestrais;15/08/2050;22/10/2013;5,88;5,98;2393,15;2358,89;2357,90
Tesouro IPCA+ com Juros Semestrais;15/08/2050;23/10/2013;5,85;5,95;2404,59;2370,07;2369,08
Tesouro IPCA+ com Juros Semestrais;15/08/2050;24/10/2013;5,82;5,92;2416,11;2381,33;2380,34
Tesouro IPCA+ com Juros Semestrais;15/08/2050;25/10/2013;5,82;5,92;2418,03;2383,24;2381,33
Tesouro IPCA+ com Juros Semestrais;15/08/2050;28/10/2013;5,80;5,90;2426,10;2391,13;2390,13
Tesouro IPCA+ com Juros Semestrais;15/08/2050;29/10/2013;5,80;5,90;2427,10;2392,12;2391,13
Tesouro IPCA+ com Juros Semestrais;15/08/2050;30/10/2013;5,79;5,89;2431,65;2396,58;2395,58
Tesouro IPCA+ com Juros Semestrais;15/08/2050;31/10/2013;5,79;5,89;2432,65;2397,58;2396,58
Tesouro IPCA+ com Juros Semestrais;15/08/2050;01/11/2013;5,84;5,94;2416,93;2382,26;2380,36
Tesouro IPCA+ com Juros Semestrais;15/08/2050;04/11/2013;5,93;6,03;2386,69;2352,76;2351,77
Tesouro IPCA+ com Juros Semestrais;15/08/2050;05/11/2013;5,96;6,06;2377,42;2343,73;2342,74
Tesouro IPCA+ com Juros Semestrais;15/08/2050;06/11/2013;6,03;6,13;2354,75;2321,61;2320,62
Tesouro IPCA+ com Juros Semestrais;15/08/2050;07/11/2013;6,08;6,18;2338,71;2305,97;2305,00
Tesouro IPCA+ com Juros Semestrais;15/08/2050;08/11/2013;6,23;6,33;2291,70;2260,09;2258,29
Tesouro IPCA+ com Juros Semestrais;15/08/2050;11/11/2013;6,28;6,38;2276,77;2245,52;2244,56
Tesouro IPCA+ com Juros Semestrais;15/08/2050;12/11/2013;6,26;6,36;2284,07;2252,68;2251,71
Tesouro IPCA+ com Juros Semestrais;15/08/2050;13/11/2013;6,15;6,25;2320,46;2288,22;2287,26
Tesouro IPCA+ com Juros Semestrais;15/08/2050;14/11/2013;6,11;6,21;2336,12;2303,56;2301,03
Tesouro IPCA+ com Juros Semestrais;15/08/2050;18/11/2013;6,14;6,24;2327,35;2295,00;2293,94
Tesouro IPCA+ com Juros Semestrais;15/08/2050;19/11/2013;6,11;6,21;2339,36;2306,77;2304,63
Tesouro IPCA+ com Juros Semestrais;15/08/2050;20/11/2013;6,19;6,29;2312,86;2280,89;2279,88
Tesouro IPCA+ com Juros Semestrais;15/08/2050;21/11/2013;6,19;6,29;2313,87;2281,90;2280,89
Tesouro IPCA+ com Juros Semestrais;15/08/2050;22/11/2013;6,30;6,40;2280,66;2249,49;2247,59
Tesouro IPCA+ com Juros Semestrais;15/08/2050;25/11/2013;6,30;6,40;2281,67;2250,49;2249,49
Tesouro IPCA+ com Juros Semestrais;15/08/2050;26/11/2013;6,41;6,51;2248,42;2218,03;2217,03
Tesouro IPCA+ com Juros Semestrais;15/08/2050;27/11/2013;6,39;6,49;2255,58;2225,05;2224,05
Tesouro IPCA+ com Juros Semestrais;15/08/2050;28/11/2013;6,40;6,50;2253,50;2223,03;2222,04
Tesouro IPCA+ com Juros Semestrais;15/08/2050;29/11/2013;6,43;6,53;2246,19;2215,91;2214,03
Tesouro IPCA+ com Juros Semestrais;15/08/2050;02/12/2013;6,55;6,65;2210,94;2181,50;2180,51
Tesouro IPCA+ com Juros Semestrais;15/08/2050;03/12/2013;6,66;6,76;2179,58;2150,88;2149,89
Tesouro IPCA+ com Juros Semestrais;15/08/2050;04/12/2013;6,73;6,83;2160,41;2132,16;2131,18
Tesouro IPCA+ com Juros Semestrais;15/08/2050;05/12/2013;6,73;6,83;2161,40;2133,14;2132,16
Tesouro IPCA+ com Juros Semestrais;15/08/2050;06/12/2013;6,66;6,76;2182,39;2153,67;2151,96
Tesouro IPCA+ com Juros Semestrais;15/08/2050;09/12/2013;6,63;6,73;2192,09;2163,17;2162,22
Tesouro IPCA+ com Juros Semestrais;15/08/2050;10/12/2013;6,56;6,66;2213,69;2184,29;2183,34
Tesouro IPCA+ com Juros Semestrais;15/08/2050;11/12/2013;6,48;6,58;2238,67;2208,71;2207,76
Tesouro IPCA+ com Juros Semestrais;15/08/2050;12/12/2013;6,49;6,59;2236,60;2206,71;2205,76
Tesouro IPCA+ com Juros Semestrais;15/08/2050;13/12/2013;6,46;6,56;2247,59;2217,48;2215,61
Tesouro IPCA+ com Juros Semestrais;15/08/2050;16/12/2013;6,46;6,56;2248,67;2218,55;2217,48
Tesouro IPCA+ com Juros Semestrais;15/08/2050;17/12/2013;6,44;6,54;2255,87;2225,59;2224,52
Tesouro IPCA+ com Juros Semestrais;15/08/2050;18/12/2013;6,42;6,52;2263,09;2232,67;2231,59
Tesouro IPCA+ com Juros Semestrais;15/08/2050;19/12/2013;6,40;6,50;2270,34;2239,77;2238,69
Tesouro IPCA+ com Juros Semestrais;15/08/2050;20/12/2013;6,48;6,58;2248,52;2218,49;2216,18
Tesouro IPCA+ com Juros Semestrais;15/08/2050;23/12/2013;6,53;6,63;2236,31;2206,60;2203,74
Tesouro IPCA+ com Juros Semestrais;15/08/2050;24/12/2013;6,52;6,62;2239,32;2209,54;2207,82
Tesouro IPCA+ com Juros Semestrais;15/08/2050;26/12/2013;6,52;6,62;2240,47;2210,69;2209,54
Tesouro IPCA+ com Juros Semestrais;15/08/2050;27/12/2013;6,58;6,68;2224,84;2195,44;2193,15
Tesouro IPCA+ com Juros Semestrais;15/08/2050;30/12/2013;6,51;6,61;2248,72;2218,83;2215,95
Tesouro IPCA+ com Juros Semestrais;15/08/2050;31/12/2013;6,52;6,62;2245,70;2215,87;2214,14
Tesouro IPCA+ com Juros Semestrais;15/08/2050;02/01/2014;6,52;6,62;2246,86;2217,02;2215,87
Tesouro IPCA+ com Juros Semestrais;15/08/2050;03/01/2014;6,56;6,66;2237,17;2207,59;2205,28
Tesouro IPCA+ com Juros Semestrais;15/08/2050;06/01/2014;6,57;6,67;2235,33;2205,81;2204,67
Tesouro IPCA+ com Juros Semestrais;15/08/2050;07/01/2014;6,58;6,68;2233,51;2204,05;2202,90
Tesouro IPCA+ com Juros Semestrais;15/08/2050;08/01/2014;6,57;6,67;2237,64;2208,11;2206,96
Tesouro IPCA+ com Juros Semestrais;15/08/2050;09/01/2014;6,63;6,73;2220,99;2191,86;2190,71
Tesouro IPCA+ com Juros Semestrais;15/08/2050;10/01/2014;6,68;6,78;2210,70;2181,85;2179,35
Tesouro IPCA+ com Juros Semestrais;15/08/2050;13/01/2014;6,65;6,75;2220,71;2191,65;2190,44
Tesouro IPCA+ com Juros Semestrais;15/08/2050;14/01/2014;6,67;6,77;2216,06;2187,13;2185,92
Tesouro IPCA+ com Juros Semestrais;15/08/2050;15/01/2014;6,73;6,83;2199,71;2171,17;2170,09
Tesouro IPCA+ com Juros Semestrais;15/08/2050;16/01/2014;6,72;6,82;2203,69;2175,08;2174,00
Tesouro IPCA+ com Juros Semestrais;15/08/2050;17/01/2014;6,71;6,81;2208,71;2180,01;2177,91
Tesouro IPCA+ com Juros Semestrais;15/08/2050;20/01/2014;6,66;6,76;2224,40;2195,36;2194,28
Tesouro IPCA+ com Juros Semestrais;15/08/2050;21/01/2014;6,72;6,82;2207,98;2179,34;2178,26
Tesouro IPCA+ com Juros Semestrais;15/08/2050;22/01/2014;6,77;6,87;2194,66;2166,34;2165,26
Tesouro IPCA+ com Juros Semestrais;15/08/2050;23/01/2014;6,78;6,88;2192,89;2164,63;2163,55
Tesouro IPCA+ com Juros Semestrais;15/08/2050;24/01/2014;7,03;7,13;2124,75;2098,04;2096,18
Tesouro IPCA+ com Juros Semestrais;15/08/2050;27/01/2014;6,92;7,02;2155,86;2128,47;2127,46
Tesouro IPCA+ com Juros Semestrais;15/08/2050;28/01/2014;7,00;7,10;2134,91;2108,01;2107,00
Tesouro IPCA+ com Juros Semestrais;15/08/2050;29/01/2014;7,03;7,13;2127,79;2101,06;2100,05
Tesouro IPCA+ com Juros Semestrais;15/08/2050;30/01/2014;7,07;7,17;2118,03;2091,54;2090,54
Tesouro IPCA+ com Juros Semestrais;15/08/2050;31/01/2014;7,06;7,16;2122,60;2096,03;2094,17
Tesouro IPCA+ com Juros Semestrais;15/08/2050;03/02/2014;7,05;7,15;2126,30;2099,67;2098,66
Tesouro IPCA+ com Juros Semestrais;15/08/2050;04/02/2014;7,08;7,18;2119,26;2092,81;2091,80
Tesouro IPCA+ com Juros Semestrais;15/08/2050;05/02/2014;7,04;7,14;2131,02;2104,32;2103,32
Tesouro IPCA+ com Juros Semestrais;15/08/2050;06/02/2014;6,99;7,09;2145,62;2118,61;2117,60
Tesouro IPCA+ com Juros Semestrais;15/08/2050;07/02/2014;6,98;7,08;2148,64;2121,58;2119,88
Tesouro IPCA+ com Juros Semestrais;15/08/2050;10/02/2014;6,91;7,01;2168,92;2141,41;2140,46
Tesouro IPCA+ com Juros Semestrais;15/08/2050;11/02/2014;6,97;7,07;2153,30;2126,16;2125,21
Tesouro IPCA+ com Juros Semestrais;15/08/2050;12/02/2014;7,00;7,10;2146,05;2119,09;2118,14
Tesouro IPCA+ com Juros Semestrais;15/08/2050;13/02/2014;7,01;7,11;2144,28;2117,38;2116,43
Tesouro IPCA+ com Juros Semestrais;15/08/2050;14/02/2014;6,94;7,04;2095,16;2067,82;2136,15
Tesouro IPCA+ com Juros Semestrais;15/08/2050;17/02/2014;6,92;7,02;2101,75;2074,28;2073,24
Tesouro IPCA+ com Juros Semestrais;15/08/2050;18/02/2014;6,88;6,98;2113,97;2086,23;2085,19
Tesouro IPCA+ com Juros Semestrais;15/08/2050;19/02/2014;6,86;6,96;2120,64;2092,77;2091,73
Tesouro IPCA+ com Juros Semestrais;15/08/2050;20/02/2014;6,88;6,98;2116,06;2088,32;2087,27
Tesouro IPCA+ com Juros Semestrais;15/08/2050;21/02/2014;6,79;6,89;2143,62;2115,28;2113,26
Tesouro IPCA+ com Juros Semestrais;15/08/2050;24/02/2014;6,73;6,83;2161,92;2133,19;2132,14
Tesouro IPCA+ com Juros Semestrais;15/08/2050;25/02/2014;6,71;6,81;2168,80;2139,93;2138,88
Tesouro IPCA+ com Juros Semestrais;15/08/2050;26/02/2014;6,70;6,80;2172,78;2143,84;2142,79
Tesouro IPCA+ com Juros Semestrais;15/08/2050;27/02/2014;6,67;6,77;2182,65;2153,50;2152,45
Tesouro IPCA+ com Juros Semestrais;15/08/2050;28/02/2014;6,57;6,67;2215,57;2185,70;2182,65
Tesouro IPCA+ com Juros Semestrais;15/08/2050;05/03/2014;6,67;6,77;2186,76;2157,57;2156,51
Tesouro IPCA+ com Juros Semestrais;15/08/2050;06/03/2014;6,68;6,78;2184,87;2155,74;2154,68
Tesouro IPCA+ com Juros Semestrais;15/08/2050;07/03/2014;6,70;6,80;2181,04;2152,02;2149,99
Tesouro IPCA+ com Juros Semestrais;15/08/2050;10/03/2014;6,78;6,88;2158,83;2130,33;2129,28
Tesouro IPCA+ com Juros Semestrais;15/08/2050;11/03/2014;6,87;6,97;2134,20;2106,28;2105,23
Tesouro IPCA+ com Juros Semestrais;15/08/2050;12/03/2014;6,93;7,03;2119,39;2091,83;2090,75
Tesouro IPCA+ com Juros Semestrais;15/08/2050;13/03/2014;6,89;6,99;2131,68;2103,86;2102,78
Tesouro IPCA+ com Juros Semestrais;15/08/2050;14/03/2014;6,87;6,97;2139,45;2111,48;2109,37
Tesouro IPCA+ com Juros Semestrais;15/08/2050;17/03/2014;6,91;7,01;2129,27;2101,55;2100,47
Tesouro IPCA+ com Juros Semestrais;15/08/2050;18/03/2014;6,92;7,02;2127,55;2099,89;2098,81
Tesouro IPCA+ com Juros Semestrais;15/08/2050;19/03/2014;6,97;7,07;2114,72;2087,36;2086,29
Tesouro IPCA+ com Juros Semestrais;15/08/2050;20/03/2014;7,03;7,13;2099,31;2072,31;2071,24
Tesouro IPCA+ com Juros Semestrais;15/08/2050;21/03/2014;6,97;7,07;2117,92;2090,54;2088,44
Tesouro IPCA+ com Juros Semestrais;15/08/2050;24/03/2014;6,94;7,04;2127,89;2100,30;2099,17
Tesouro IPCA+ com Juros Semestrais;15/08/2050;25/03/2014;6,90;7,00;2140,25;2112,40;2111,26
Tesouro IPCA+ com Juros Semestrais;15/08/2050;26/03/2014;6,82;6,92;2164,13;2135,77;2134,63
Tesouro IPCA+ com Juros Semestrais;15/08/2050;27/03/2014;6,77;6,87;2179,71;2151,02;2149,87
Tesouro IPCA+ com Juros Semestrais;15/08/2050;28/03/2014;6,67;6,77;2211,43;2182,04;2179,71
Tesouro IPCA+ com Juros Semestrais;15/08/2050;31/03/2014;6,72;6,82;2197,81;2168,75;2167,60
Tesouro IPCA+ com Juros Semestrais;15/08/2050;01/04/2014;6,73;6,83;2196,03;2167,04;2165,89
Tesouro IPCA+ com Juros Semestrais;15/08/2050;02/04/2014;6,74;6,84;2194,27;2165,33;2164,18
Tesouro IPCA+ com Juros Semestrais;15/08/2050;03/04/2014;6,71;6,81;2204,24;2175,10;2173,94
Tesouro IPCA+ com Juros Semestrais;15/08/2050;04/04/2014;6,72;6,82;2203,65;2174,55;2172,22
Tesouro IPCA+ com Juros Semestrais;15/08/2050;07/04/2014;6,69;6,79;2213,67;2184,36;2183,20
Tesouro IPCA+ com Juros Semestrais;15/08/2050;08/04/2014;6,67;6,77;2220,78;2191,33;2190,17
Tesouro IPCA+ com Juros Semestrais;15/08/2050;09/04/2014;6,63;6,73;2235,41;2205,66;2204,44
Tesouro IPCA+ com Juros Semestrais;15/08/2050;10/04/2014;6,64;6,74;2233,64;2203,95;2202,73
Tesouro IPCA+ com Juros Semestrais;15/08/2050;11/04/2014;6,66;6,76;2230,19;2200,61;2198,09
Tesouro IPCA+ com Juros Semestrais;15/08/2050;14/04/2014;6,65;6,75;2234,42;2204,76;2203,54
Tesouro IPCA+ com Juros Semestrais;15/08/2050;15/04/2014;6,66;6,76;2232,57;2202,98;2201,83
Tesouro IPCA+ com Juros Semestrais;15/08/2050;16/04/2014;6,65;6,75;2236,72;2207,05;2205,90
Tesouro IPCA+ com Juros Semestrais;15/08/2050;17/04/2014;6,66;6,76;2237,19;2207,55;2204,12
Tesouro IPCA+ com Juros Semestrais;15/08/2050;22/04/2014;6,64;6,74;2244,41;2214,62;2213,47
Tesouro IPCA+ com Juros Semestrais;15/08/2050;23/04/2014;6,62;6,72;2251,61;2221,68;2220,53
Tesouro IPCA+ com Juros Semestrais;15/08/2050;24/04/2014;6,60;6,70;2258,84;2228,77;2227,61
Tesouro IPCA+ com Juros Semestrais;15/08/2050;25/04/2014;6,58;6,68;2267,30;2237,06;2234,73
Tesouro IPCA+ com Juros Semestrais;15/08/2050;28/04/2014;6,57;6,67;2271,53;2241,22;2240,06
Tesouro IPCA+ com Juros Semestrais;15/08/2050;29/04/2014;6,60;6,70;2263,53;2233,42;2232,26
Tesouro IPCA+ com Juros Semestrais;15/08/2050;30/04/2014;6,58;6,68;2271,40;2241,14;2239,39
Tesouro IPCA+ com Juros Semestrais;15/08/2050;02/05/2014;6,52;6,62;2292,28;2261,57;2259,21
Tesouro IPCA+ com Juros Semestrais;15/08/2050;05/05/2014;6,41;6,51;2328,08;2296,57;2295,39
Tesouro IPCA+ com Juros Semestrais;15/08/2050;06/05/2014;6,42;6,52;2326,08;2294,63;2293,45
Tesouro IPCA+ com Juros Semestrais;15/08/2050;07/05/2014;6,29;6,39;2369,27;2336,84;2335,66
Tesouro IPCA+ com Juros Semestrais;15/08/2050;08/05/2014;6,23;6,33;2390,29;2357,40;2356,21
Tesouro IPCA+ com Juros Semestrais;15/08/2050;09/05/2014;6,29;6,39;2370,36;2337,94;2335,80
Tesouro IPCA+ com Juros Semestrais;15/08/2050;12/05/2014;6,32;6,42;2361,65;2329,45;2328,36
Tesouro IPCA+ com Juros Semestrais;15/08/2050;13/05/2014;6,37;6,47;2346,56;2314,72;2313,63
Tesouro IPCA+ com Juros Semestrais;15/08/2050;14/05/2014;6,35;6,45;2354,11;2322,12;2321,03
Tesouro IPCA+ com Juros Semestrais;15/08/2050;15/05/2014;6,25;6,35;2387,79;2355,04;2354,11
Tesouro IPCA+ com Juros Semestrais;15/08/2050;16/05/2014;6,29;6,39;2376,26;2343,79;2342,16
Tesouro IPCA+ com Juros Semestrais;15/08/2050;19/05/2014;6,29;6,39;2377,19;2344,73;2343,79
Tesouro IPCA+ com Juros Semestrais;15/08/2050;20/05/2014;6,27;6,37;2384,71;2352,09;2351,16
Tesouro IPCA+ com Juros Semestrais;15/08/2050;21/05/2014;6,22;6,32;2402,25;2369,24;2368,30
Tesouro IPCA+ com Juros Semestrais;15/08/2050;22/05/2014;6,12;6,22;2436,99;2403,19;2402,25
Tesouro IPCA+ com Juros Semestrais;15/08/2050;23/05/2014;6,09;6,19;2448,97;2414,91;2413,24
Tesouro IPCA+ com Juros Semestrais;15/08/2050;26/05/2014;6,13;6,23;2436,19;2402,46;2401,51
Tesouro IPCA+ com Juros Semestrais;15/08/2050;27/05/2014;6,13;6,23;2437,14;2403,39;2402,46
Tesouro IPCA+ com Juros Semestrais;15/08/2050;28/05/2014;6,19;6,29;2417,74;2384,47;2383,53
Tesouro IPCA+ com Juros Semestrais;15/08/2050;29/05/2014;6,13;6,23;2439,03;2405,28;2404,33
Tesouro IPCA+ com Juros Semestrais;15/08/2050;30/05/2014;6,04;6,14;2471,79;2437,30;2435,61
Tesouro IPCA+ com Juros Semestrais;15/08/2050;02/06/2014;5,99;6,09;2490,30;2455,39;2454,44
Tesouro IPCA+ com Juros Semestrais;15/08/2050;03/06/2014;6,10;6,20;2452,89;2418,88;2417,93
Tesouro IPCA+ com Juros Semestrais;15/08/2050;04/06/2014;6,18;6,28;2426,56;2393,18;2392,24
Tesouro IPCA+ com Juros Semestrais;15/08/2050;05/06/2014;6,20;6,30;2420,76;2387,53;2386,59
Tesouro IPCA+ com Juros Semestrais;15/08/2050;06/06/2014;6,22;6,32;2415,53;2382,45;2380,81
Tesouro IPCA+ com Juros Semestrais;15/08/2050;09/06/2014;6,02;6,12;2485,04;2450,35;2449,41
Tesouro IPCA+ com Juros Semestrais;15/08/2050;10/06/2014;6,07;6,17;2468,53;2434,25;2433,31
Tesouro IPCA+ com Juros Semestrais;15/08/2050;11/06/2014;6,09;6,19;2463,49;2429,36;2427,49
Tesouro IPCA+ com Juros Semestrais;15/08/2050;12/06/2014;6,02;6,12;2487,87;2453,17;2452,23
Tesouro IPCA+ com Juros Semestrais;15/08/2050;13/06/2014;6,02;6,12;2489,47;2454,76;2453,17
Tesouro IPCA+ com Juros Semestrais;15/08/2050;16/06/2014;5,93;6,03;2523,17;2487,70;2485,96
Tesouro IPCA+ com Juros Semestrais;15/08/2050;17/06/2014;6,07;6,17;2473,75;2439,44;2438,57
Tesouro IPCA+ com Juros Semestrais;15/08/2050;18/06/2014;6,16;6,26;2443,98;2410,38;2409,24
Tesouro IPCA+ com Juros Semestrais;15/08/2050;20/06/2014;6,11;6,21;2463,60;2429,59;2427,20
Tesouro IPCA+ com Juros Semestrais;15/08/2050;23/06/2014;6,14;6,24;2453,32;2419,54;2418,66
Tesouro IPCA+ com Juros Semestrais;15/08/2050;24/06/2014;6,14;6,24;2454,21;2420,43;2419,54
Tesouro IPCA+ com Juros Semestrais;15/08/2050;25/06/2014;6,09;6,19;2473,18;2439,00;2437,22
Tesouro IPCA+ com Juros Semestrais;15/08/2050;26/06/2014;6,07;6,17;2480,11;2445,77;2444,88
Tesouro IPCA+ com Juros Semestrais;15/08/2050;27/06/2014;6,02;6,12;2500,02;2465,25;2462,84
Tesouro IPCA+ com Juros Semestrais;15/08/2050;30/06/2014;6,13;6,23;2461,82;2427,94;2427,05
Tesouro IPCA+ com Juros Semestrais;15/08/2050;01/07/2014;6,16;6,26;2452,46;2418,82;2417,93
Tesouro IPCA+ com Juros Semestrais;15/08/2050;02/07/2014;6,10;6,20;2473,92;2439,80;2438,91
Tesouro IPCA+ com Juros Semestrais;15/08/2050;03/07/2014;6,17;6,27;2452,36;2418,78;2416,39
Tesouro IPCA+ com Juros Semestrais;15/08/2050;04/07/2014;6,13;6,23;2466,01;2432,11;2430,61
Tesouro IPCA+ com Juros Semestrais;15/08/2050;07/07/2014;6,13;6,23;2468,69;2434,79;2432,11
Tesouro IPCA+ com Juros Semestrais;15/08/2050;08/07/2014;6,11;6,21;2475,98;2441,91;2440,09
Tesouro IPCA+ com Juros Semestrais;15/08/2050;09/07/2014;6,09;6,19;2482,90;2448,66;2447,75
Tesouro IPCA+ com Juros Semestrais;15/08/2050;10/07/2014;6,09;6,19;2483,81;2449,57;2448,66
Tesouro IPCA+ com Juros Semestrais;15/08/2050;11/07/2014;6,10;6,20;2481,92;2447,75;2446,19
Tesouro IPCA+ com Juros Semestrais;15/08/2050;14/07/2014;6,11;6,21;2479,38;2445,29;2444,38
Tesouro IPCA+ com Juros Semestrais;15/08/2050;15/07/2014;6,09;6,19;2487,08;2452,83;2452,04
Tesouro IPCA+ com Juros Semestrais;15/08/2050;16/07/2014;6,12;6,22;2477,50;2443,49;2442,71
Tesouro IPCA+ com Juros Semestrais;15/08/2050;17/07/2014;6,09;6,19;2488,65;2454,39;2453,61
Tesouro IPCA+ com Juros Semestrais;15/08/2050;18/07/2014;6,11;6,21;2482,92;2448,81;2447,63
Tesouro IPCA+ com Juros Semestrais;15/08/2050;21/07/2014;5,95;6,05;2539,98;2504,56;2503,77
Tesouro IPCA+ com Juros Semestrais;15/08/2050;22/07/2014;5,88;5,98;2566,07;2530,05;2529,26
Tesouro IPCA+ com Juros Semestrais;15/08/2050;23/07/2014;5,78;5,88;2602,77;2565,89;2565,21
Tesouro IPCA+ com Juros Semestrais;15/08/2050;24/07/2014;5,87;5,97;2570,22;2534,13;2533,44
Tesouro IPCA+ com Juros Semestrais;15/08/2050;25/07/2014;5,92;6,02;2552,94;2517,28;2516,40
Tesouro IPCA+ com Juros Semestrais;15/08/2050;28/07/2014;5,89;5,99;2564,50;2528,57;2527,89
Tesouro IPCA+ com Juros Semestrais;15/08/2050;29/07/2014;5,93;6,03;2550,70;2515,12;2514,44
Tesouro IPCA+ com Juros Semestrais;15/08/2050;30/07/2014;5,98;6,08;2533,49;2498,32;2497,64
Tesouro IPCA+ com Juros Semestrais;15/08/2050;31/07/2014;6,06;6,16;2505,97;2471,46;2470,78
Tesouro IPCA+ com Juros Semestrais;15/08/2050;01/08/2014;6,11;6,21;2489,49;2455,39;2454,52
Tesouro IPCA+ com Juros Semestrais;15/08/2050;04/08/2014;6,18;6,28;2466,22;2432,67;2431,99
Tesouro IPCA+ com Juros Semestrais;15/08/2050;05/08/2014;6,10;6,20;2494,31;2460,13;2459,44
Tesouro IPCA+ com Juros Semestrais;15/08/2050;06/08/2014;6,20;6,30;2460,81;2427,42;2426,74
Tesouro IPCA+ com Juros Semestrais;15/08/2050;07/08/2014;6,04;6,14;2516,58;2481,91;2481,22
Tesouro IPCA+ com Juros Semestrais;15/08/2050;08/08/2014;6,10;6,20;2494,16;2460,01;2459,40
Tesouro IPCA+ com Juros Semestrais;15/08/2050;11/08/2014;6,06;6,16;2508,64;2474,17;2473,57
Tesouro IPCA+ com Juros Semestrais;15/08/2050;12/08/2014;6,05;6,15;2512,73;2478,17;2477,58
Tesouro IPCA+ com Juros Semestrais;15/08/2050;13/08/2014;6,08;6,18;2502,87;2468,56;2467,96
Tesouro IPCA+ com Juros Semestrais;15/08/2050;14/08/2014;6,18;6,28;2396,68;2363,16;2435,05
Tesouro IPCA+ com Juros Semestrais;15/08/2050;15/08/2014;6,08;6,18;2432,10;2397,78;2396,68
Tesouro IPCA+ com Juros Semestrais;15/08/2050;18/08/2014;5,88;5,98;2503,98;2467,99;2467,24
Tesouro IPCA+ com Juros Semestrais;15/08/2050;19/08/2014;5,78;5,88;2541,59;2504,73;2503,98
Tesouro IPCA+ com Juros Semestrais;15/08/2050;20/08/2014;5,80;5,90;2534,90;2498,22;2497,46
Tesouro IPCA+ com Juros Semestrais;15/08/2050;21/08/2014;5,85;5,95;2517,32;2481,06;2480,30
Tesouro IPCA+ com Juros Semestrais;15/08/2050;22/08/2014;5,91;6,01;2496,63;2460,89;2459,72
Tesouro IPCA+ com Juros Semestrais;15/08/2050;25/08/2014;5,81;5,91;2534,01;2497,40;2496,63
Tesouro IPCA+ com Juros Semestrais;15/08/2050;26/08/2014;5,75;5,85;2557,18;2520,03;2519,26
Tesouro IPCA+ com Juros Semestrais;15/08/2050;27/08/2014;5,68;5,78;2584,49;2546,71;2545,94
Tesouro IPCA+ com Juros Semestrais;15/08/2050;28/08/2014;5,55;5,65;2635,76;2596,78;2596,00
Tesouro IPCA+ com Juros Semestrais;15/08/2050;29/08/2014;5,53;5,63;2644,87;2605,69;2604,49
Tesouro IPCA+ com Juros Semestrais;15/08/2050;01/09/2014;5,48;5,58;2665,60;2625,94;2625,16
Tesouro IPCA+ com Juros Semestrais;15/08/2050;02/09/2014;5,43;5,53;2686,58;2646,43;2645,65
Tesouro IPCA+ com Juros Semestrais;15/08/2050;03/09/2014;5,32;5,42;2732,67;2691,43;2690,65
Tesouro IPCA+ com Juros Semestrais;15/08/2050;04/09/2014;5,34;5,44;2725,12;2684,08;2683,30
Tesouro IPCA+ com Juros Semestrais;15/08/2050;05/09/2014;5,39;5,49;2705,69;2665,14;2663,93
Tesouro IPCA+ com Juros Semestrais;15/08/2050;08/09/2014;5,42;5,52;2694,20;2653,94;2653,16
Tesouro IPCA+ com Juros Semestrais;15/08/2050;09/09/2014;5,55;5,65;2642,83;2603,82;2603,05
Tesouro IPCA+ com Juros Semestrais;15/08/2050;10/09/2014;5,64;5,74;2608,46;2570,29;2569,52
Tesouro IPCA+ com Juros Semestrais;15/08/2050;11/09/2014;5,65;5,75;2605,38;2567,30;2566,52
Tesouro IPCA+ com Juros Semestrais;15/08/2050;12/09/2014;5,64;5,74;2610,44;2572,26;2571,07
Tesouro IPCA+ com Juros Semestrais;15/08/2050;15/09/2014;5,91;6,01;2510,34;2474,54;2473,63
Tesouro IPCA+ com Juros Semestrais;15/08/2050;16/09/2014;5,90;6,00;2514,88;2479,00;2478,09
Tesouro IPCA+ com Juros Semestrais;15/08/2050;17/09/2014;5,82;5,92;2545,12;2508,55;2507,63
Tesouro IPCA+ com Juros Semestrais;15/08/2050;18/09/2014;5,81;5,91;2549,75;2513,08;2512,17
Tesouro IPCA+ com Juros Semestrais;15/08/2050;19/09/2014;5,86;5,96;2532,92;2496,67;2495,07
Tesouro IPCA+ com Juros Semestrais;15/08/2050;22/09/2014;5,84;5,94;2541,59;2505,16;2504,20
Tesouro IPCA+ com Juros Semestrais;15/08/2050;23/09/2014;6,00;6,10;2484,68;2449,61;2448,65
Tesouro IPCA+ com Juros Semestrais;15/08/2050;24/09/2014;5,96;6,06;2499,91;2464,50;2463,54
Tesouro IPCA+ com Juros Semestrais;15/08/2050;25/09/2014;5,88;5,98;2529,82;2493,72;2492,76
Tesouro IPCA+ com Juros Semestrais;15/08/2050;26/09/2014;5,91;6,01;2520,66;2484,80;2483,06
Tesouro IPCA+ com Juros Semestrais;15/08/2050;29/09/2014;6,11;6,21;2450,75;2416,54;2415,59
Tesouro IPCA+ com Juros Semestrais;15/08/2050;30/09/2014;6,26;6,36;2400,69;2367,66;2366,71
Tesouro IPCA+ com Juros Semestrais;15/08/2050;01/10/2014;6,17;6,27;2432,04;2398,31;2397,35
Tesouro IPCA+ com Juros Semestrais;15/08/2050;02/10/2014;6,26;6,36;2402,60;2369,56;2368,61
Tesouro IPCA+ com Juros Semestrais;15/08/2050;03/10/2014;6,18;6,28;2431,31;2397,63;2395,93
Tesouro IPCA+ com Juros Semestrais;15/08/2050;06/10/2014;5,73;5,83;2594,07;2556,60;2555,63
Tesouro IPCA+ com Juros Semestrais;15/08/2050;07/10/2014;5,83;5,93;2557,57;2520,99;2520,02
Tesouro IPCA+ com Juros Semestrais;15/08/2050;08/10/2014;5,71;5,81;2605,71;2568,02;2566,96
Tesouro IPCA+ com Juros Semestrais;15/08/2050;09/10/2014;5,72;5,82;2602,97;2565,36;2564,30
Tesouro IPCA+ com Juros Semestrais;15/08/2050;10/10/2014;5,67;5,77;2624,17;2586,09;2584,05
Tesouro IPCA+ com Juros Semestrais;15/08/2050;13/10/2014;5,55;5,65;2672,18;2632,97;2631,90
Tesouro IPCA+ com Juros Semestrais;15/08/2050;14/10/2014;5,54;5,64;2677,23;2637,93;2636,85
Tesouro IPCA+ com Juros Semestrais;15/08/2050;15/10/2014;5,60;5,70;2654,54;2615,80;2614,79
Tesouro IPCA+ com Juros Semestrais;15/08/2050;16/10/2014;5,83;5,93;2567,80;2531,13;2530,14
Tesouro IPCA+ com Juros Semestrais;15/08/2050;17/10/2014;5,65;5,75;2637,93;2599,63;2597,78
Tesouro IPCA+ com Juros Semestrais;15/08/2050;20/10/2014;5,58;5,68;2666,31;2627,35;2626,35
Tesouro IPCA+ com Juros Semestrais;15/08/2050;21/10/2014;5,98;6,08;2516,93;2481,52;2480,53
Tesouro IPCA+ com Juros Semestrais;15/08/2050;22/10/2014;6,02;6,12;2503,46;2468,38;2467,42
Tesouro IPCA+ com Juros Semestrais;15/08/2050;23/10/2014;6,04;6,14;2497,35;2462,43;2461,46
Tesouro IPCA+ com Juros Semestrais;15/08/2050;24/10/2014;6,17;6,27;2453,83;2419,95;2418,24
Tesouro IPCA+ com Juros Semestrais;15/08/2050;27/10/2014;6,00;6,10;2514,26;2478,99;2478,02
Tesouro IPCA+ com Juros Semestrais;15/08/2050;28/10/2014;6,22;6,32;2438,71;2405,21;2404,26
Tesouro IPCA+ com Juros Semestrais;15/08/2050;29/10/2014;6,06;6,16;2494,93;2460,15;2459,19
Tesouro IPCA+ com Juros Semestrais;15/08/2050;30/10/2014;6,06;6,16;2495,90;2461,11;2460,15
Tesouro IPCA+ com Juros Semestrais;15/08/2050;31/10/2014;6,09;6,19;2487,11;2452,56;2450,84
Tesouro IPCA+ com Juros Semestrais;15/08/2050;03/11/2014;5,98;6,08;2527,05;2491,58;2490,61
Tesouro IPCA+ com Juros Semestrais;15/08/2050;04/11/2014;6,07;6,17;2496,06;2461,33;2460,37
Tesouro IPCA+ com Juros Semestrais;15/08/2050;05/11/2014;6,17;6,27;2462,30;2428,37;2427,41
Tesouro IPCA+ com Juros Semestrais;15/08/2050;06/11/2014;6,08;6,18;2494,49;2459,84;2458,87
Tesouro IPCA+ com Juros Semestrais;15/08/2050;07/11/2014;6,25;6,35;2436,55;2403,25;2401,69
Tesouro IPCA+ com Juros Semestrais;15/08/2050;10/11/2014;6,27;6,37;2430,74;2397,59;2396,68
Tesouro IPCA+ com Juros Semestrais;15/08/2050;11/11/2014;6,21;6,31;2451,92;2418,30;2417,39
Tesouro IPCA+ com Juros Semestrais;15/08/2050;12/11/2014;6,28;6,38;2429,22;2396,14;2395,23
Tesouro IPCA+ com Juros Semestrais;15/08/2050;13/11/2014;6,35;6,45;2406,90;2374,35;2373,44
Tesouro IPCA+ com Juros Semestrais;15/08/2050;14/11/2014;6,43;6,53;2382,67;2350,70;2348,85
Tesouro IPCA+ com Juros Semestrais;15/08/2050;17/11/2014;6,39;6,49;2396,74;2364,47;2363,40
Tesouro IPCA+ com Juros Semestrais;15/08/2050;18/11/2014;6,38;6,48;2401,09;2368,74;2367,67
Tesouro IPCA+ com Juros Semestrais;15/08/2050;19/11/2014;6,32;6,42;2423,02;2390,21;2388,06
Tesouro IPCA+ com Juros Semestrais;15/08/2050;20/11/2014;6,13;6,23;2487,13;2452,83;2451,81
Tesouro IPCA+ com Juros Semestrais;15/08/2050;21/11/2014;6,13;6,23;2489,03;2454,71;2452,83
Tesouro IPCA+ com Juros Semestrais;15/08/2050;24/11/2014;5,84;5,94;2594,29;2557,53;2556,50
Tesouro IPCA+ com Juros Semestrais;15/08/2050;25/11/2014;5,84;5,94;2595,33;2558,57;2557,53
Tesouro IPCA+ com Juros Semestrais;15/08/2050;26/11/2014;5,77;5,87;2622,63;2585,25;2584,21
Tesouro IPCA+ com Juros Semestrais;15/08/2050;27/11/2014;5,73;5,83;2638,89;2601,14;2600,09
Tesouro IPCA+ com Juros Semestrais;15/08/2050;28/11/2014;5,72;5,82;2644,69;2606,83;2604,87
Tesouro IPCA+ com Juros Semestrais;15/08/2050;01/12/2014;5,78;5,88;2622,91;2585,59;2584,55
Tesouro IPCA+ com Juros Semestrais;15/08/2050;02/12/2014;5,92;6,02;2571,95;2535,85;2534,81
Tesouro IPCA+ com Juros Semestrais;15/08/2050;03/12/2014;6,08;6,18;2515,62;2480,85;2479,82
Tesouro IPCA+ com Juros Semestrais;15/08/2050;04/12/2014;6,01;6,11;2541,49;2506,13;2505,11
Tesouro IPCA+ com Juros Semestrais;15/08/2050;05/12/2014;6,02;6,12;2539,46;2504,18;2502,31
Tesouro IPCA+ com Juros Semestrais;15/08/2050;08/12/2014;5,98;6,08;2554,83;2519,21;2518,19
Tesouro IPCA+ com Juros Semestrais;15/08/2050;09/12/2014;6,02;6,12;2541,50;2506,21;2505,19
Tesouro IPCA+ com Juros Semestrais;15/08/2050;10/12/2014;6,09;6,19;2517,73;2483,00;2481,99
Tesouro IPCA+ com Juros Semestrais;15/08/2050;11/12/2014;6,19;6,29;2484,02;2450,09;2449,08
Tesouro IPCA+ com Juros Semestrais;15/08/2050;12/12/2014;6,28;6,38;2455,29;2422,05;2420,23
Tesouro IPCA+ com Juros Semestrais;15/08/2050;15/12/2014;6,32;6,42;2443,12;2410,18;2408,98
Tesouro IPCA+ com Juros Semestrais;15/08/2050;16/12/2014;6,41;6,51;2414,65;2382,38;2381,18
Tesouro IPCA+ com Juros Semestrais;15/08/2050;17/12/2014;6,41;6,51;2415,86;2383,58;2382,38
Tesouro IPCA+ com Juros Semestrais;15/08/2050;18/12/2014;6,40;6,50;2420,34;2387,98;2386,78
Tesouro IPCA+ com Juros Semestrais;15/08/2050;19/12/2014;6,33;6,43;2445,89;2412,98;2410,55
Tesouro IPCA+ com Juros Semestrais;15/08/2050;22/12/2014;6,27;6,37;2467,23;2433,85;2432,63
Tesouro IPCA+ com Juros Semestrais;15/08/2050;23/12/2014;6,22;6,32;2487,29;2453,50;2450,44
Tesouro IPCA+ com Juros Semestrais;15/08/2050;24/12/2014;6,23;6,33;2483,87;2450,16;2448,32
Tesouro IPCA+ com Juros Semestrais;15/08/2050;26/12/2014;6,23;6,33;2486,36;2452,63;2450,16
Tesouro IPCA+ com Juros Semestrais;15/08/2050;29/12/2014;6,23;6,33;2487,59;2453,85;2452,63
Tesouro IPCA+ com Juros Semestrais;15/08/2050;30/12/2014;6,26;6,36;2482,96;2449,40;2443,88
Tesouro IPCA+ com Juros Semestrais;15/08/2050;31/12/2014;6,17;6,27;2513,83;2479,56;2475,22
Tesouro IPCA+ com Juros Semestrais;15/08/2050;02/01/2015;6,17;6,27;2513,83;2479,56;2477,08
Tesouro IPCA+ com Juros Semestrais;15/08/2050;05/01/2015;6,18;6,28;2511,60;2477,41;2476,18
Tesouro IPCA+ com Juros Semestrais;15/08/2050;06/01/2015;6,17;6,27;2516,30;2482,02;2480,79
Tesouro IPCA+ com Juros Semestrais;15/08/2050;07/01/2015;6,05;6,15;2559,76;2524,49;2523,26
Tesouro IPCA+ com Juros Semestrais;15/08/2050;08/01/2015;6,08;6,18;2550,34;2515,31;2514,08
Tesouro IPCA+ com Juros Semestrais;15/08/2050;09/01/2015;6,07;6,17;2556,20;2521,07;2518,58
Tesouro IPCA+ com Juros Semestrais;15/08/2050;12/01/2015;5,97;6,07;2593,42;2557,44;2556,20
Tesouro IPCA+ com Juros Semestrais;15/08/2050;13/01/2015;6,06;6,16;2562,24;2527,01;2525,78
Tesouro IPCA+ com Juros Semestrais;15/08/2050;14/01/2015;6,01;6,11;2581,41;2545,76;2544,52
Tesouro IPCA+ com Juros Semestrais;15/08/2050;15/01/2015;6,02;6,12;2579,35;2543,77;2542,24
Tesouro IPCA+ com Juros Semestrais;15/08/2050;16/01/2015;6,00;6,10;2590,00;2554,22;2550,82
Tesouro IPCA+ com Juros Semestrais;15/08/2050;19/01/2015;5,95;6,05;2609,77;2573,55;2572,01
Tesouro IPCA+ com Juros Semestrais;15/08/2050;20/01/2015;5,98;6,08;2600,36;2564,38;2562,84
Tesouro IPCA+ com Juros Semestrais;15/08/2050;21/01/2015;5,88;5,98;2638,77;2601,91;2600,36
Tesouro IPCA+ com Juros Semestrais;15/08/2050;22/01/2015;5,88;5,98;2640,33;2603,46;2601,91
Tesouro IPCA+ com Juros Semestrais;15/08/2050;23/01/2015;5,94;6,04;2621,58;2585,20;2581,76
Tesouro IPCA+ com Juros Semestrais;15/08/2050;26/01/2015;5,85;5,95;2657,65;2620,46;2618,82
Tesouro IPCA+ com Juros Semestrais;15/08/2050;27/01/2015;5,90;6,00;2640,60;2603,83;2602,19
Tesouro IPCA+ com Juros Semestrais;15/08/2050;28/01/2015;5,91;6,01;2638,53;2601,84;2600,20
Tesouro IPCA+ com Juros Semestrais;15/08/2050;29/01/2015;5,93;6,03;2632,77;2596,24;2594,60
Tesouro IPCA+ com Juros Semestrais;15/08/2050;30/01/2015;5,92;6,02;2640,22;2603,56;2599,85
Tesouro IPCA+ com Juros Semestrais;15/08/2050;02/02/2015;6,00;6,10;2612,46;2576,47;2574,84
Tesouro IPCA+ com Juros Semestrais;15/08/2050;03/02/2015;6,09;6,19;2581,67;2546,41;2544,79
Tesouro IPCA+ com Juros Semestrais;15/08/2050;04/02/2015;6,08;6,18;2586,87;2551,52;2549,90
Tesouro IPCA+ com Juros Semestrais;15/08/2050;05/02/2015;6,14;6,24;2567,19;2532,32;2530,71
Tesouro IPCA+ com Juros Semestrais;15/08/2050;06/02/2015;6,20;6,30;2549,82;2515,40;2511,79
Tesouro IPCA+ com Juros Semestrais;15/08/2050;09/02/2015;6,30;6,40;2517,00;2483,36;2481,76
Tesouro IPCA+ com Juros Semestrais;15/08/2050;10/02/2015;6,31;6,41;2515,22;2481,64;2480,04
Tesouro IPCA+ com Juros Semestrais;15/08/2050;11/02/2015;6,31;6,41;2516,83;2483,23;2481,64
Tesouro IPCA+ com Juros Semestrais;15/08/2050;12/02/2015;6,42;6,52;2481,52;2448,75;2447,17
Tesouro IPCA+ com Juros Semestrais;15/08/2050;13/02/2015;6,31;6,41;2448,48;2414,82;2484,83
Tesouro IPCA+ com Juros Semestrais;15/08/2050;18/02/2015;6,32;6,42;2446,57;2412,97;2411,49
Tesouro IPCA+ com Juros Semestrais;15/08/2050;19/02/2015;6,36;6,46;2434,52;2401,22;2399,75
Tesouro IPCA+ com Juros Semestrais;15/08/2050;20/02/2015;6,34;6,44;2444,55;2411,06;2407,82
Tesouro IPCA+ com Juros Semestrais;15/08/2050;23/02/2015;6,34;6,44;2446,05;2412,54;2411,06
Tesouro IPCA+ com Juros Semestrais;15/08/2050;24/02/2015;6,32;6,42;2454,33;2420,67;2419,18
Tesouro IPCA+ com Juros Semestrais;15/08/2050;25/02/2015;6,36;6,46;2442,74;2409,36;2407,84
Tesouro IPCA+ com Juros Semestrais;15/08/2050;26/02/2015;6,32;6,42;2457,85;2424,15;2422,62
Tesouro IPCA+ com Juros Semestrais;15/08/2050;27/02/2015;6,30;6,40;2468,12;2434,22;2430,83
Tesouro IPCA+ com Juros Semestrais;15/08/2050;02/03/2015;6,12;6,22;2532,72;2497,36;2495,81
Tesouro IPCA+ com Juros Semestrais;15/08/2050;03/03/2015;6,21;6,31;2502,42;2467,78;2466,24
Tesouro IPCA+ com Juros Semestrais;15/08/2050;04/03/2015;6,32;6,42;2465,91;2432,13;2430,60
Tesouro IPCA+ com Juros Semestrais;15/08/2050;05/03/2015;6,29;6,39;2477,75;2443,72;2442,18
Tesouro IPCA+ com Juros Semestrais;15/08/2050;06/03/2015;6,36;6,46;2459,95;2426,40;2422,65
Tesouro IPCA+ com Juros Semestrais;15/08/2050;09/03/2015;6,48;6,58;2421,43;2388,78;2387,14
Tesouro IPCA+ com Juros Semestrais;15/08/2050;10/03/2015;6,49;6,59;2419,78;2387,19;2385,55
Tesouro IPCA+ com Juros Semestrais;15/08/2050;11/03/2015;6,49;6,59;2421,44;2388,83;2387,19
Tesouro IPCA+ com Juros Semestrais;15/08/2050;12/03/2015;6,44;6,54;2439,68;2406,69;2405,04
Tesouro IPCA+ com Juros Semestrais;15/08/2050;13/03/2015;6,61;6,71;2387,77;2355,99;2352,30
Tesouro IPCA+ com Juros Semestrais;15/08/2050;16/03/2015;6,49;6,59;2428,56;2395,89;2394,21
Tesouro IPCA+ com Juros Semestrais;15/08/2050;17/03/2015;6,50;6,60;2426,94;2394,33;2392,66
Tesouro IPCA+ com Juros Semestrais;15/08/2050;18/03/2015;6,37;6,47;2472,18;2438,56;2436,87
Tesouro IPCA+ com Juros Semestrais;15/08/2050;19/03/2015;6,36;6,46;2477,29;2443,59;2441,89
Tesouro IPCA+ com Juros Semestrais;15/08/2050;20/03/2015;6,54;6,64;2421,02;2388,63;2384,83
Tesouro IPCA+ com Juros Semestrais;15/08/2050;23/03/2015;6,51;6,61;2432,71;2400,08;2398,39
Tesouro IPCA+ com Juros Semestrais;15/08/2050;24/03/2015;6,48;6,58;2444,35;2411,49;2409,79
Tesouro IPCA+ com Juros Semestrais;15/08/2050;25/03/2015;6,48;6,58;2446,07;2413,19;2411,49
Tesouro IPCA+ com Juros Semestrais;15/08/2050;26/03/2015;6,49;6,59;2444,46;2411,64;2409,94
Tesouro IPCA+ com Juros Semestrais;15/08/2050;27/03/2015;6,49;6,59;2448,38;2415,53;2411,64
Tesouro IPCA+ com Juros Semestrais;15/08/2050;30/03/2015;6,52;6,62;2440,16;2407,51;2405,81
Tesouro IPCA+ com Juros Semestrais;15/08/2050;31/03/2015;6,48;6,58;2455,15;2422,19;2420,48
Tesouro IPCA+ com Juros Semestrais;15/08/2050;01/04/2015;6,39;6,49;2487,20;2453,54;2451,82
Tesouro IPCA+ com Juros Semestrais;15/08/2050;02/04/2015;6,30;6,40;2523,34;2488,91;2483,80
Tesouro IPCA+ com Juros Semestrais;15/08/2050;06/04/2015;6,30;6,40;2525,09;2490,64;2488,91
Tesouro IPCA+ com Juros Semestrais;15/08/2050;07/04/2015;6,28;6,38;2533,83;2499,21;2497,47
Tesouro IPCA+ com Juros Semestrais;15/08/2050;08/04/2015;6,28;6,38;2533,77;2499,16;2497,49
Tesouro IPCA+ com Juros Semestrais;15/08/2050;09/04/2015;6,15;6,25;2581,68;2546,00;2544,31
Tesouro IPCA+ com Juros Semestrais;15/08/2050;10/04/2015;6,18;6,28;2574,77;2539,29;2535,46
Tesouro IPCA+ com Juros Semestrais;15/08/2050;13/04/2015;6,10;6,20;2605,47;2569,31;2567,61
Tesouro IPCA+ com Juros Semestrais;15/08/2050;14/04/2015;6,13;6,23;2596,25;2560,32;2558,62
Tesouro IPCA+ com Juros Semestrais;15/08/2050;15/04/2015;6,02;6,12;2637,93;2601,07;2599,88
Tesouro IPCA+ com Juros Semestrais;15/08/2050;16/04/2015;5,97;6,07;2657,88;2620,58;2619,39
Tesouro IPCA+ com Juros Semestrais;15/08/2050;17/04/2015;6,00;6,10;2648,95;2611,89;2609,56
Tesouro IPCA+ com Juros Semestrais;15/08/2050;20/04/2015;6,03;6,13;2640,00;2603,17;2601,28
Tesouro IPCA+ com Juros Semestrais;15/08/2050;22/04/2015;6,10;6,20;2615,39;2579,15;2577,90
Tesouro IPCA+ com Juros Semestrais;15/08/2050;23/04/2015;6,09;6,19;2620,32;2583,98;2582,73
Tesouro IPCA+ com Juros Semestrais;15/08/2050;24/04/2015;6,10;6,20;2619,19;2582,92;2580,40
Tesouro IPCA+ com Juros Semestrais;15/08/2050;27/04/2015;6,10;6,20;2620,45;2584,17;2582,92
Tesouro IPCA+ com Juros Semestrais;15/08/2050;28/04/2015;6,05;6,15;2640,17;2603,46;2602,20
Tesouro IPCA+ com Juros Semestrais;15/08/2050;29/04/2015;6,06;6,16;2637,73;2601,09;2599,83
Tesouro IPCA+ com Juros Semestrais;15/08/2050;30/04/2015;6,03;6,13;2652,11;2615,18;2611,99
Tesouro IPCA+ com Juros Semestrais;15/08/2050;04/05/2015;6,11;6,21;2623,76;2587,50;2586,25
Tesouro IPCA+ com Juros Semestrais;15/08/2050;05/05/2015;6,10;6,20;2628,69;2592,35;2591,09
Tesouro IPCA+ com Juros Semestrais;15/08/2050;06/05/2015;6,10;6,20;2629,96;2593,60;2592,35
Tesouro IPCA+ com Juros Semestrais;15/08/2050;07/05/2015;6,10;6,20;2631,22;2594,86;2593,60
Tesouro IPCA+ com Juros Semestrais;15/08/2050;08/05/2015;6,10;6,20;2633,10;2596,72;2594,27
Tesouro IPCA+ com Juros Semestrais;15/08/2050;11/05/2015;5,99;6,09;2675,36;2638,03;2636,79
Tesouro IPCA+ com Juros Semestrais;15/08/2050;12/05/2015;6,02;6,12;2665,31;2628,24;2627,00
Tesouro IPCA+ com Juros Semestrais;15/08/2050;13/05/2015;6,05;6,15;2655,34;2618,52;2617,28
Tesouro IPCA+ com Juros Semestrais;15/08/2050;14/05/2015;6,03;6,13;2664,06;2627,05;2625,81
Tesouro IPCA+ com Juros Semestrais;15/08/2050;15/05/2015;5,88;5,98;2723,27;2684,91;2682,90
Tesouro IPCA+ com Juros Semestrais;15/08/2050;18/05/2015;5,81;5,91;2751,75;2712,75;2711,66
Tesouro IPCA+ com Juros Semestrais;15/08/2050;19/05/2015;5,89;5,99;2721,57;2683,30;2682,21
Tesouro IPCA+ com Juros Semestrais;15/08/2050;20/05/2015;5,89;5,99;2722,66;2684,38;2683,30
Tesouro IPCA+ com Juros Semestrais;15/08/2050;21/05/2015;5,78;5,88;2766,92;2727,63;2726,54
Tesouro IPCA+ com Juros Semestrais;15/08/2050;22/05/2015;5,78;5,88;2768,99;2729,67;2727,63
Tesouro IPCA+ com Juros Semestrais;15/08/2050;25/05/2015;5,74;5,84;2786,27;2746,57;2745,46
Tesouro IPCA+ com Juros Semestrais;15/08/2050;26/05/2015;5,79;5,89;2767,42;2728,19;2727,08
Tesouro IPCA+ com Juros Semestrais;15/08/2050;27/05/2015;5,85;5,95;2744,88;2706,20;2705,09
Tesouro IPCA+ com Juros Semestrais;15/08/2050;28/05/2015;5,90;6,00;2726,54;2688,30;2687,20
Tesouro IPCA+ com Juros Semestrais;15/08/2050;29/05/2015;5,84;5,94;2752,02;2713,22;2711,14
Tesouro IPCA+ com Juros Semestrais;15/08/2050;01/06/2015;5,88;5,98;2737,51;2699,06;2697,95
Tesouro IPCA+ com Juros Semestrais;15/08/2050;02/06/2015;5,90;6,00;2730,86;2692,59;2691,48
Tesouro IPCA+ com Juros Semestrais;15/08/2050;03/06/2015;5,94;6,04;2717,04;2679,12;2677,53
Tesouro IPCA+ com Juros Semestrais;15/08/2050;05/06/2015;5,94;6,04;2719,14;2681,19;2679,12
Tesouro IPCA+ com Juros Semestrais;15/08/2050;08/06/2015;5,95;6,05;2716,41;2678,55;2677,45
Tesouro IPCA+ com Juros Semestrais;15/08/2050;09/06/2015;5,88;5,98;2744,57;2706,07;2704,96
Tesouro IPCA+ com Juros Semestrais;15/08/2050;10/06/2015;5,87;5,97;2753,87;2715,22;2713,95
Tesouro IPCA+ com Juros Semestrais;15/08/2050;11/06/2015;5,90;6,00;2743,45;2705,07;2703,80
Tesouro IPCA+ com Juros Semestrais;15/08/2050;12/06/2015;5,92;6,02;2738,28;2700,05;2697,50
Tesouro IPCA+ com Juros Semestrais;15/08/2050;15/06/2015;5,89;5,99;2751,12;2712,62;2711,42
Tesouro IPCA+ com Juros Semestrais;15/08/2050;16/06/2015;5,95;6,05;2729,11;2691,13;2689,94
Tesouro IPCA+ com Juros Semestrais;15/08/2050;17/06/2015;5,95;6,05;2730,31;2692,32;2691,13
Tesouro IPCA+ com Juros Semestrais;15/08/2050;18/06/2015;5,92;6,02;2743,08;2704,82;2703,62
Tesouro IPCA+ com Juros Semestrais;15/08/2050;19/06/2015;5,92;6,02;2745,43;2707,15;2704,82
Tesouro IPCA+ com Juros Semestrais;15/08/2050;22/06/2015;5,89;5,99;2759,53;2720,96;2719,61
Tesouro IPCA+ com Juros Semestrais;15/08/2050;23/06/2015;5,88;5,98;2764,80;2726,13;2724,77
Tesouro IPCA+ com Juros Semestrais;15/08/2050;24/06/2015;5,89;5,99;2762,25;2723,66;2722,31
Tesouro IPCA+ com Juros Semestrais;15/08/2050;25/06/2015;5,90;6,00;2759,71;2721,20;2719,85
Tesouro IPCA+ com Juros Semestrais;15/08/2050;26/06/2015;6,01;6,11;2720,20;2682,64;2679,87
Tesouro IPCA+ com Juros Semestrais;15/08/2050;29/06/2015;5,98;6,08;2732,99;2695,16;2693,81
Tesouro IPCA+ com Juros Semestrais;15/08/2050;30/06/2015;6,05;6,15;2707,77;2670,54;2669,20
Tesouro IPCA+ com Juros Semestrais;15/08/2050;01/07/2015;6,06;6,16;2705,36;2668,21;2666,87
Tesouro IPCA+ com Juros Semestrais;15/08/2050;02/07/2015;6,12;6,22;2684,31;2647,67;2646,33
Tesouro IPCA+ com Juros Semestrais;15/08/2050;03/07/2015;6,07;6,17;2705,74;2668,64;2665,88
Tesouro IPCA+ com Juros Semestrais;15/08/2050;06/07/2015;6,07;6,17;2707,09;2669,98;2668,64
Tesouro IPCA+ com Juros Semestrais;15/08/2050;07/07/2015;6,13;6,23;2686,07;2649,47;2648,13
Tesouro IPCA+ com Juros Semestrais;15/08/2050;08/07/2015;6,14;6,24;2684,84;2648,31;2645,65
Tesouro IPCA+ com Juros Semestrais;15/08/2050;09/07/2015;6,19;6,29;2666,47;2630,36;2629,04
Tesouro IPCA+ com Juros Semestrais;15/08/2050;10/07/2015;6,19;6,29;2669,21;2633,07;2630,36
Tesouro IPCA+ com Juros Semestrais;15/08/2050;13/07/2015;6,20;6,30;2666,89;2630,83;2629,50
Tesouro IPCA+ com Juros Semestrais;15/08/2050;14/07/2015;6,21;6,31;2664,59;2628,60;2627,27
Tesouro IPCA+ com Juros Semestrais;15/08/2050;15/07/2015;6,22;6,32;2662,03;2626,13;2625,05
Tesouro IPCA+ com Juros Semestrais;15/08/2050;16/07/2015;6,20;6,30;2670,40;2634,32;2633,24
Tesouro IPCA+ com Juros Semestrais;15/08/2050;17/07/2015;6,18;6,28;2679,70;2643,43;2641,47
Tesouro IPCA+ com Juros Semestrais;15/08/2050;20/07/2015;6,20;6,30;2673,46;2637,36;2636,28
Tesouro IPCA+ com Juros Semestrais;15/08/2050;21/07/2015;6,18;6,28;2681,87;2645,60;2644,52
Tesouro IPCA+ com Juros Semestrais;15/08/2050;22/07/2015;6,15;6,25;2694,01;2657,47;2656,39
Tesouro IPCA+ com Juros Semestrais;15/08/2050;23/07/2015;6,35;6,45;2623,47;2588,57;2587,43
Tesouro IPCA+ com Juros Semestrais;15/08/2050;24/07/2015;6,49;6,59;2576,96;2543,15;2541,03
Tesouro IPCA+ com Juros Semestrais;15/08/2050;27/07/2015;6,49;6,59;2578,10;2544,28;2543,15
Tesouro IPCA+ com Juros Semestrais;15/08/2050;28/07/2015;6,48;6,58;2582,67;2548,77;2547,63
Tesouro IPCA+ com Juros Semestrais;15/08/2050;29/07/2015;6,47;6,57;2587,25;2553,26;2552,12
Tesouro IPCA+ com Juros Semestrais;15/08/2050;30/07/2015;6,41;6,51;2609,16;2574,70;2573,56
Tesouro IPCA+ com Juros Semestrais;15/08/2050;31/07/2015;6,47;6,57;2590,53;2556,52;2554,40
Tesouro IPCA+ com Juros Semestrais;15/08/2050;03/08/2015;6,47;6,57;2591,68;2557,66;2556,52
Tesouro IPCA+ com Juros Semestrais;15/08/2050;04/08/2015;6,57;6,67;2558,80;2525,54;2524,41
Tesouro IPCA+ com Juros Semestrais;15/08/2050;05/08/2015;6,54;6,64;2570,07;2536,58;2535,44
Tesouro IPCA+ com Juros Semestrais;15/08/2050;06/08/2015;6,67;6,77;2527,81;2495,28;2494,15
Tesouro IPCA+ com Juros Semestrais;15/08/2050;07/08/2015;6,84;6,94;2475,44;2444,11;2442,00
Tesouro IPCA+ com Juros Semestrais;15/08/2050;10/08/2015;6,90;7,00;2457,70;2426,78;2425,64
Tesouro IPCA+ com Juros Semestrais;15/08/2050;11/08/2015;6,83;6,93;2480,90;2449,49;2448,35
Tesouro IPCA+ com Juros Semestrais;15/08/2050;12/08/2015;6,82;6,92;2485,23;2453,74;2452,60
Tesouro IPCA+ com Juros Semestrais;15/08/2050;13/08/2015;6,75;6,85;2508,84;2476,85;2475,71
Tesouro IPCA+ com Juros Semestrais;15/08/2050;14/08/2015;6,74;6,84;2434,28;2402,20;2480,02
Tesouro IPCA+ com Juros Semestrais;15/08/2050;17/08/2015;6,73;6,83;2438,38;2406,23;2405,38
Tesouro IPCA+ com Juros Semestrais;15/08/2050;18/08/2015;6,68;6,78;2455,59;2423,07;2422,22
Tesouro IPCA+ com Juros Semestrais;15/08/2050;19/08/2015;6,64;6,74;2469,66;2436,85;2435,99
Tesouro IPCA+ com Juros Semestrais;15/08/2050;20/08/2015;6,68;6,78;2457,31;2424,79;2423,93
Tesouro IPCA+ com Juros Semestrais;15/08/2050;21/08/2015;6,74;6,84;2439,02;2406,93;2405,63
Tesouro IPCA+ com Juros Semestrais;15/08/2050;24/08/2015;7,01;7,11;2354,39;2324,18;2323,37
Tesouro IPCA+ com Juros Semestrais;15/08/2050;25/08/2015;6,95;7,05;2373,65;2343,03;2342,23
Tesouro IPCA+ com Juros Semestrais;15/08/2050;26/08/2015;6,98;7,08;2365,20;2334,79;2333,98
Tesouro IPCA+ com Juros Semestrais;15/08/2050;27/08/2015;6,94;7,04;2378,37;2347,68;2346,87
Tesouro IPCA+ com Juros Semestrais;15/08/2050;28/08/2015;7,00;7,10;2361,04;2330,74;2329,59
Tesouro IPCA+ com Juros Semestrais;15/08/2050;31/08/2015;7,05;7,15;2346,61;2316,65;2315,84
Tesouro IPCA+ com Juros Semestrais;15/08/2050;01/09/2015;7,05;7,15;2347,42;2317,46;2316,65
Tesouro IPCA+ com Juros Semestrais;15/08/2050;02/09/2015;7,27;7,37;2283,17;2254,61;2253,81
Tesouro IPCA+ com Juros Semestrais;15/08/2050;03/09/2015;7,46;7,56;2230,24;2202,84;2202,04
Tesouro IPCA+ com Juros Semestrais;15/08/2050;04/09/2015;7,38;7,48;2253,90;2226,01;2224,71
Tesouro IPCA+ com Juros Semestrais;15/08/2050;08/09/2015;7,49;7,59;2224,06;2196,82;2196,02
Tesouro IPCA+ com Juros Semestrais;15/08/2050;09/09/2015;7,45;7,55;2235,92;2208,45;2207,64
Tesouro IPCA+ com Juros Semestrais;15/08/2050;10/09/2015;7,53;7,63;2214,50;2187,50;2186,71
Tesouro IPCA+ com Juros Semestrais;15/08/2050;11/09/2015;7,53;7,63;2215,61;2188,60;2187,50
Tesouro IPCA+ com Juros Semestrais;15/08/2050;14/09/2015;7,47;7,57;2232,90;2205,54;2204,74
Tesouro IPCA+ com Juros Semestrais;15/08/2050;15/09/2015;7,32;7,42;2276,03;2247,77;2246,80
Tesouro IPCA+ com Juros Semestrais;15/08/2050;16/09/2015;7,27;7,37;2291,37;2262,79;2261,82
Tesouro IPCA+ com Juros Semestrais;15/08/2050;17/09/2015;7,31;7,41;2280,84;2252,50;2251,53
Tesouro IPCA+ com Juros Semestrais;15/08/2050;18/09/2015;7,25;7,35;2299,79;2271,06;2269,43
Tesouro IPCA+ com Juros Semestrais;15/08/2050;21/09/2015;7,50;7,60;2230,10;2202,89;2201,93
Tesouro IPCA+ com Juros Semestrais;15/08/2050;22/09/2015;7,58;7,68;2209,25;2182,50;2181,54
Tesouro IPCA+ com Juros Semestrais;15/08/2050;23/09/2015;7,56;7,66;2216,10;2189,22;2188,21
Tesouro IPCA+ com Juros Semestrais;15/08/2050;24/09/2015;7,74;7,84;2169,14;2143,28;2142,27
Tesouro IPCA+ com Juros Semestrais;15/08/2050;25/09/2015;7,00;7,10;2380,75;2350,37;2348,54
Tesouro IPCA+ com Juros Semestrais;15/08/2050;28/09/2015;7,14;7,24;2339,45;2309,98;2308,95
Tesouro IPCA+ com Juros Semestrais;15/08/2050;29/09/2015;7,50;7,60;2237,34;2210,09;2209,08
Tesouro IPCA+ com Juros Semestrais;15/08/2050;30/09/2015;7,25;7,35;2309,14;2280,36;2279,34
Tesouro IPCA+ com Juros Semestrais;15/08/2050;01/10/2015;7,33;7,43;2287,10;2258,82;2257,80
Tesouro IPCA+ com Juros Semestrais;15/08/2050;02/10/2015;7,33;7,43;2288,91;2260,61;2258,82
Tesouro IPCA+ com Juros Semestrais;15/08/2050;05/10/2015;7,17;7,27;2336,51;2307,21;2306,18
Tesouro IPCA+ com Juros Semestrais;15/08/2050;06/10/2015;7,24;7,34;2316,97;2288,11;2287,08
Tesouro IPCA+ com Juros Semestrais;15/08/2050;07/10/2015;7,20;7,30;2330,26;2301,14;2300,08
Tesouro IPCA+ com Juros Semestrais;15/08/2050;08/10/2015;7,30;7,40;2302,20;2273,69;2272,64
Tesouro IPCA+ com Juros Semestrais;15/08/2050;09/10/2015;7,25;7,35;2318,99;2290,15;2287,87
Tesouro IPCA+ com Juros Semestrais;15/08/2050;13/10/2015;7,35;7,45;2291,21;2262,99;2261,94
Tesouro IPCA+ com Juros Semestrais;15/08/2050;14/10/2015;7,43;7,53;2269,64;2241,90;2240,85
Tesouro IPCA+ com Juros Semestrais;15/08/2050;15/10/2015;7,35;7,45;2293,45;2265,22;2264,04
Tesouro IPCA+ com Juros Semestrais;15/08/2050;16/10/2015;7,33;7,43;2301,43;2273,06;2270,82
Tesouro IPCA+ com Juros Semestrais;15/08/2050;19/10/2015;7,43;7,53;2274,24;2246,47;2245,30
Tesouro IPCA+ com Juros Semestrais;15/08/2050;20/10/2015;7,41;7,51;2281,05;2253,15;2251,98
Tesouro IPCA+ com Juros Semestrais;15/08/2050;21/10/2015;7,37;7,47;2293,56;2265,42;2264,24
Tesouro IPCA+ com Juros Semestrais;15/08/2050;22/10/2015;7,37;7,47;2295,04;2266,89;2265,67
Tesouro IPCA+ com Juros Semestrais;15/08/2050;23/10/2015;7,24;7,34;2334,97;2305,99;2303,61
Tesouro IPCA+ com Juros Semestrais;15/08/2050;26/10/2015;7,28;7,38;2324,53;2295,80;2294,57
Tesouro IPCA+ com Juros Semestrais;15/08/2050;27/10/2015;7,22;7,32;2343,32;2314,19;2312,96
Tesouro IPCA+ com Juros Semestrais;15/08/2050;28/10/2015;7,15;7,25;2365,33;2335,75;2334,51
Tesouro IPCA+ com Juros Semestrais;15/08/2050;29/10/2015;7,12;7,22;2375,57;2345,79;2344,55
Tesouro IPCA+ com Juros Semestrais;15/08/2050;30/10/2015;7,16;7,26;2366,60;2337,05;2334,06
Tesouro IPCA+ com Juros Semestrais;15/08/2050;03/11/2015;7,14;7,24;2373,83;2344,14;2342,91
Tesouro IPCA+ com Juros Semestrais;15/08/2050;04/11/2015;6,97;7,07;2427,08;2396,25;2395,00
Tesouro IPCA+ com Juros Semestrais;15/08/2050;05/11/2015;6,85;6,95;2466,25;2434,59;2433,33
Tesouro IPCA+ com Juros Semestrais;15/08/2050;06/11/2015;6,90;7,00;2453,61;2422,26;2419,70
Tesouro IPCA+ com Juros Semestrais;15/08/2050;09/11/2015;6,96;7,06;2436,01;2405,07;2403,78
Tesouro IPCA+ com Juros Semestrais;15/08/2050;10/11/2015;6,93;7,03;2446,72;2415,57;2414,28
Tesouro IPCA+ com Juros Semestrais;15/08/2050;11/11/2015;6,87;6,97;2467,05;2435,47;2434,18
Tesouro IPCA+ com Juros Semestrais;15/08/2050;12/11/2015;6,84;6,94;2477,96;2446,16;2444,87
Tesouro IPCA+ com Juros Semestrais;15/08/2050;13/11/2015;6,83;6,93;2483,67;2451,78;2449,31
Tesouro IPCA+ com Juros Semestrais;15/08/2050;16/11/2015;6,82;6,92;2488,09;2456,12;2454,94
Tesouro IPCA+ com Juros Semestrais;15/08/2050;17/11/2015;6,80;6,90;2495,76;2463,64;2462,46
Tesouro IPCA+ com Juros Semestrais;15/08/2050;18/11/2015;6,79;6,89;2500,20;2468,01;2466,82
Tesouro IPCA+ com Juros Semestrais;15/08/2050;19/11/2015;6,81;6,91;2497,17;2465,09;2461,65
Tesouro IPCA+ com Juros Semestrais;15/08/2050;20/11/2015;6,76;6,86;2515,08;2482,61;2479,76
Tesouro IPCA+ com Juros Semestrais;15/08/2050;23/11/2015;6,76;6,86;2516,47;2484,00;2482,61
Tesouro IPCA+ com Juros Semestrais;15/08/2050;24/11/2015;6,77;6,87;2514,59;2482,18;2480,79
Tesouro IPCA+ com Juros Semestrais;15/08/2050;25/11/2015;6,93;7,03;2464,47;2433,18;2431,81
Tesouro IPCA+ com Juros Semestrais;15/08/2050;26/11/2015;7,00;7,10;2443,87;2413,06;2411,69
Tesouro IPCA+ com Juros Semestrais;15/08/2050;27/11/2015;6,98;7,08;2452,94;2421,97;2419,17
Tesouro IPCA+ com Juros Semestrais;15/08/2050;30/11/2015;7,10;7,20;2417,23;2387,06;2385,69
Tesouro IPCA+ com Juros Semestrais;15/08/2050;01/12/2015;7,11;7,21;2415,55;2385,44;2384,08
Tesouro IPCA+ com Juros Semestrais;15/08/2050;02/12/2015;7,08;7,18;2426,09;2395,77;2394,40
Tesouro IPCA+ com Juros Semestrais;15/08/2050;03/12/2015;7,00;7,10;2452,22;2421,35;2419,98
Tesouro IPCA+ com Juros Semestrais;15/08/2050;04/12/2015;7,05;7,15;2439,52;2408,96;2406,17
Tesouro IPCA+ com Juros Semestrais;15/08/2050;07/12/2015;7,05;7,15;2440,90;2410,33;2408,96
Tesouro IPCA+ com Juros Semestrais;15/08/2050;08/12/2015;7,06;7,16;2439,19;2408,68;2407,31
Tesouro IPCA+ com Juros Semestrais;15/08/2050;09/12/2015;7,07;7,17;2439,91;2409,43;2407,96
Tesouro IPCA+ com Juros Semestrais;15/08/2050;10/12/2015;7,05;7,15;2447,57;2416,94;2415,47
Tesouro IPCA+ com Juros Semestrais;15/08/2050;11/12/2015;7,05;7,15;2450,69;2420,04;2416,94
Tesouro IPCA+ com Juros Semestrais;15/08/2050;14/12/2015;7,07;7,17;2445,99;2415,46;2413,98
Tesouro IPCA+ com Juros Semestrais;15/08/2050;15/12/2015;7,11;7,21;2435,09;2404,82;2403,43
Tesouro IPCA+ com Juros Semestrais;15/08/2050;16/12/2015;7,27;7,37;2388,36;2359,12;2357,74
Tesouro IPCA+ com Juros Semestrais;15/08/2050;17/12/2015;7,22;7,32;2404,61;2375,04;2373,66
Tesouro IPCA+ com Juros Semestrais;15/08/2050;18/12/2015;7,23;7,33;2404,47;2374,94;2372,12
Tesouro IPCA+ com Juros Semestrais;15/08/2050;21/12/2015;7,26;7,36;2397,36;2368,01;2366,56
Tesouro IPCA+ com Juros Semestrais;15/08/2050;22/12/2015;7,30;7,40;2386,99;2357,88;2356,44
Tesouro IPCA+ com Juros Semestrais;15/08/2050;23/12/2015;7,29;7,39;2395,19;2365,97;2360,76
Tesouro IPCA+ com Juros Semestrais;15/08/2050;24/12/2015;7,25;7,35;2407,05;2377,58;2373,80
Tesouro IPCA+ com Juros Semestrais;15/08/2050;28/12/2015;7,25;7,35;2408,51;2379,03;2377,58
Tesouro IPCA+ com Juros Semestrais;15/08/2050;29/12/2015;7,22;7,32;2418,94;2389,26;2387,81
Tesouro IPCA+ com Juros Semestrais;15/08/2050;30/12/2015;7,22;7,32;2425,71;2395,97;2389,26
Tesouro IPCA+ com Juros Semestrais;15/08/2050;31/12/2015;7,24;7,34;2419,71;2390,10;2384,85
Tesouro IPCA+ com Juros Semestrais;15/08/2050;04/01/2016;7,24;7,34;2419,71;2390,10;2388,64
Tesouro IPCA+ com Juros Semestrais;15/08/2050;05/01/2016;7,24;7,34;2421,17;2391,55;2390,10
Tesouro IPCA+ com Juros Semestrais;15/08/2050;06/01/2016;7,22;7,32;2428,64;2398,88;2397,42
Tesouro IPCA+ com Juros Semestrais;15/08/2050;07/01/2016;7,20;7,30;2436,14;2406,24;2404,78
Tesouro IPCA+ com Juros Semestrais;15/08/2050;08/01/2016;7,28;7,38;2413,96;2384,57;2381,69
Tesouro IPCA+ com Juros Semestrais;15/08/2050;11/01/2016;7,32;7,42;2403,54;2374,40;2372,99
Tesouro IPCA+ com Juros Semestrais;15/08/2050;12/01/2016;7,31;7,41;2407,91;2378,69;2377,28
Tesouro IPCA+ com Juros Semestrais;15/08/2050;13/01/2016;7,30;7,40;2412,28;2382,99;2381,58
Tesouro IPCA+ com Juros Semestrais;15/08/2050;14/01/2016;7,34;7,44;2401,90;2372,86;2371,45
Tesouro IPCA+ com Juros Semestrais;15/08/2050;15/01/2016;7,32;7,42;2410,67;2381,47;2378,62
Tesouro IPCA+ com Juros Semestrais;15/08/2050;18/01/2016;7,33;7,43;2409,13;2379,99;2378,58
Tesouro IPCA+ com Juros Semestrais;15/08/2050;19/01/2016;7,32;7,42;2413,49;2384,27;2382,87
Tesouro IPCA+ com Juros Semestrais;15/08/2050;20/01/2016;7,41;7,51;2388,58;2359,91;2358,51
Tesouro IPCA+ com Juros Semestrais;15/08/2050;21/01/2016;7,50;7,60;2364,15;2336,03;2334,64
Tesouro IPCA+ com Juros Semestrais;15/08/2050;22/01/2016;7,54;7,64;2357,06;2329,14;2324,95
Tesouro IPCA+ com Juros Semestrais;15/08/2050;25/01/2016;7,54;7,64;2358,14;2330,21;2328,72
Tesouro IPCA+ com Juros Semestrais;15/08/2050;26/01/2016;7,54;7,64;2359,64;2331,70;2330,21
Tesouro IPCA+ com Juros Semestrais;15/08/2050;27/01/2016;7,48;7,58;2378,19;2349,88;2348,39
Tesouro IPCA+ com Juros Semestrais;15/08/2050;28/01/2016;7,51;7,61;2371,14;2343,00;2341,51
Tesouro IPCA+ com Juros Semestrais;15/08/2050;29/01/2016;7,36;7,46;2417,68;2388,60;2385,43
Tesouro IPCA+ com Juros Semestrais;15/08/2050;01/02/2016;7,36;7,46;2419,20;2390,11;2388,60
Tesouro IPCA+ com Juros Semestrais;15/08/2050;02/02/2016;7,27;7,37;2447,46;2417,78;2416,26
Tesouro IPCA+ com Juros Semestrais;15/08/2050;03/02/2016;7,41;7,51;2407,61;2378,80;2377,30
Tesouro IPCA+ com Juros Semestrais;15/08/2050;04/02/2016;7,39;7,49;2414,96;2386,03;2384,52
Tesouro IPCA+ com Juros Semestrais;15/08/2050;05/02/2016;7,42;7,52;2414,87;2386,03;2380,49
Tesouro IPCA+ com Juros Semestrais;15/08/2050;10/02/2016;7,38;7,48;2428,26;2399,16;2397,49
Tesouro IPCA+ com Juros Semestrais;15/08/2050;11/02/2016;7,34;7,44;2441,76;2412,39;2410,72
Tesouro IPCA+ com Juros Semestrais;15/08/2050;12/02/2016;7,36;7,46;2356,19;2326,91;2406,59
Tesouro IPCA+ com Juros Semestrais;15/08/2050;15/02/2016;7,25;7,35;2390,56;2360,57;2359,15
Tesouro IPCA+ com Juros Semestrais;15/08/2050;16/02/2016;7,26;7,36;2388,96;2359,02;2357,60
Tesouro IPCA+ com Juros Semestrais;15/08/2050;17/02/2016;7,31;7,41;2375,33;2345,71;2344,29
Tesouro IPCA+ com Juros Semestrais;15/08/2050;18/02/2016;7,32;7,42;2373,76;2344,19;2342,78
Tesouro IPCA+ com Juros Semestrais;15/08/2050;19/02/2016;7,37;7,47;2361,82;2332,54;2329,65
Tesouro IPCA+ com Juros Semestrais;15/08/2050;22/02/2016;7,36;7,46;2366,21;2336,86;2335,45
Tesouro IPCA+ com Juros Semestrais;15/08/2050;23/02/2016;7,29;7,39;2388,56;2358,76;2357,34
Tesouro IPCA+ com Juros Semestrais;15/08/2050;24/02/2016;7,29;7,39;2390,40;2360,58;2359,12
Tesouro IPCA+ com Juros Semestrais;15/08/2050;25/02/2016;7,26;7,36;2400,95;2370,93;2369,46
Tesouro IPCA+ com Juros Semestrais;15/08/2050;26/02/2016;7,29;7,39;2394,96;2365,10;2362,04
Tesouro IPCA+ com Juros Semestrais;15/08/2050;29/02/2016;7,29;7,39;2396,43;2366,56;2365,10
Tesouro IPCA+ com Juros Semestrais;15/08/2050;01/03/2016;7,32;7,42;2388,87;2359,19;2357,73
Tesouro IPCA+ com Juros Semestrais;15/08/2050;02/03/2016;7,29;7,39;2399,38;2369,49;2368,03
Tesouro IPCA+ com Juros Semestrais;15/08/2050;03/03/2016;7,21;7,31;2425,25;2394,83;2393,35
Tesouro IPCA+ com Juros Semestrais;15/08/2050;04/03/2016;6,58;6,68;2636,42;2601,42;2598,13
Tesouro IPCA+ com Juros Semestrais;15/08/2050;07/03/2016;6,80;6,90;2561,97;2528,64;2527,12
Tesouro IPCA+ com Juros Semestrais;15/08/2050;08/03/2016;6,91;7,01;2526,87;2494,32;2492,81
Tesouro IPCA+ com Juros Semestrais;15/08/2050;09/03/2016;6,67;6,77;2607,81;2573,50;2572,03
Tesouro IPCA+ com Juros Semestrais;15/08/2050;10/03/2016;6,61;6,71;2630,25;2595,46;2593,99
Tesouro IPCA+ com Juros Semestrais;15/08/2050;11/03/2016;6,62;6,72;2629,84;2595,10;2592,03
Tesouro IPCA+ com Juros Semestrais;15/08/2050;14/03/2016;6,54;6,64;2659,69;2624,31;2622,83
Tesouro IPCA+ com Juros Semestrais;15/08/2050;15/03/2016;6,80;6,90;2570,43;2537,04;2535,95
Tesouro IPCA+ com Juros Semestrais;15/08/2050;16/03/2016;7,03;7,13;2495,82;2464,08;2462,99
Tesouro IPCA+ com Juros Semestrais;15/08/2050;17/03/2016;6,70;6,80;2606,78;2572,63;2571,53
Tesouro IPCA+ com Juros Semestrais;15/08/2050;18/03/2016;6,52;6,62;2672,22;2636,64;2634,65
Tesouro IPCA+ com Juros Semestrais;15/08/2050;21/03/2016;6,47;6,57;2691,42;2655,44;2654,33
Tesouro IPCA+ com Juros Semestrais;15/08/2050;22/03/2016;6,42;6,52;2710,84;2674,45;2673,33
Tesouro IPCA+ com Juros Semestrais;15/08/2050;23/03/2016;6,28;6,38;2764,33;2726,76;2725,63
Tesouro IPCA+ com Juros Semestrais;15/08/2050;24/03/2016;6,49;6,59;2688,31;2652,47;2650,19
Tesouro IPCA+ com Juros Semestrais;15/08/2050;28/03/2016;6,43;6,53;2711,29;2674,95;2673,87
Tesouro IPCA+ com Juros Semestrais;15/08/2050;29/03/2016;6,40;6,50;2723,43;2686,84;2685,77
Tesouro IPCA+ com Juros Semestrais;15/08/2050;30/03/2016;6,34;6,44;2746,87;2709,78;2708,69
Tesouro IPCA+ com Juros Semestrais;15/08/2050;31/03/2016;6,43;6,53;2714,53;2678,18;2677,10
Tesouro IPCA+ com Juros Semestrais;15/08/2050;01/04/2016;6,50;6,60;2690,89;2655,10;2653,22
Tesouro IPCA+ com Juros Semestrais;15/08/2050;04/04/2016;6,45;6,55;2710,18;2673,97;2672,89
Tesouro IPCA+ com Juros Semestrais;15/08/2050;05/04/2016;6,55;6,65;2675,05;2639,65;2638,57
Tesouro IPCA+ com Juros Semestrais;15/08/2050;06/04/2016;6,55;6,65;2676,13;2640,72;2639,65
Tesouro IPCA+ com Juros Semestrais;15/08/2050;07/04/2016;6,60;6,70;2659,40;2624,38;2623,31
Tesouro IPCA+ com Juros Semestrais;15/08/2050;08/04/2016;6,50;6,60;2696,17;2660,36;2658,58
Tesouro IPCA+ com Juros Semestrais;15/08/2050;11/04/2016;6,48;6,58;2704,48;2668,50;2667,46
Tesouro IPCA+ com Juros Semestrais;15/08/2050;12/04/2016;6,42;6,52;2727,51;2691,04;2689,99
Tesouro IPCA+ com Juros Semestrais;15/08/2050;13/04/2016;6,39;6,49;2739,67;2702,95;2701,90
Tesouro IPCA+ com Juros Semestrais;15/08/2050;14/04/2016;6,26;6,36;2789,74;2751,91;2750,86
Tesouro IPCA+ com Juros Semestrais;15/08/2050;15/04/2016;6,26;6,36;2792,03;2754,17;2751,91
Tesouro IPCA+ com Juros Semestrais;15/08/2050;18/04/2016;6,16;6,26;2831,97;2793,24;2792,03
Tesouro IPCA+ com Juros Semestrais;15/08/2050;19/04/2016;6,17;6,27;2829,27;2790,62;2789,41
Tesouro IPCA+ com Juros Semestrais;15/08/2050;20/04/2016;6,28;6,38;2788,56;2750,85;2749,11
Tesouro IPCA+ com Juros Semestrais;15/08/2050;22/04/2016;6,33;6,43;2771,50;2734,21;2732,06
Tesouro IPCA+ com Juros Semestrais;15/08/2050;25/04/2016;6,34;6,44;2768,91;2731,69;2730,52
Tesouro IPCA+ com Juros Semestrais;15/08/2050;26/04/2016;6,31;6,41;2781,41;2743,94;2742,77
Tesouro IPCA+ com Juros Semestrais;15/08/2050;27/04/2016;6,27;6,37;2797,82;2760,00;2758,82
Tesouro IPCA+ com Juros Semestrais;15/08/2050;28/04/2016;6,15;6,25;2845,55;2806,67;2805,49
Tesouro IPCA+ com Juros Semestrais;15/08/2050;29/04/2016;6,17;6,27;2839,91;2801,18;2799,00
Tesouro IPCA+ com Juros Semestrais;15/08/2050;02/05/2016;6,05;6,15;2888,75;2848,94;2847,76
Tesouro IPCA+ com Juros Semestrais;15/08/2050;03/05/2016;6,10;6,20;2869,92;2830,56;2829,38
Tesouro IPCA+ com Juros Semestrais;15/08/2050;04/05/2016;6,08;6,18;2879,09;2839,55;2838,36
Tesouro IPCA+ com Juros Semestrais;15/08/2050;05/05/2016;6,08;6,18;2880,29;2840,73;2839,55
Tesouro IPCA+ com Juros Semestrais;15/08/2050;06/05/2016;6,04;6,14;2900,22;2860,25;2857,84
Tesouro IPCA+ com Juros Semestrais;15/08/2050;09/05/2016;6,09;6,19;2881,38;2841,87;2840,62
Tesouro IPCA+ com Juros Semestrais;15/08/2050;10/05/2016;6,12;6,22;2870,69;2831,44;2830,19
Tesouro IPCA+ com Juros Semestrais;15/08/2050;11/05/2016;5,96;6,06;2936,66;2895,94;2894,67
Tesouro IPCA+ com Juros Semestrais;15/08/2050;12/05/2016;5,97;6,07;2933,81;2893,18;2891,92
Tesouro IPCA+ com Juros Semestrais;15/08/2050;13/05/2016;5,88;5,98;2973,72;2932,20;2929,71
Tesouro IPCA+ com Juros Semestrais;15/08/2050;16/05/2016;5,87;5,97;2979,24;2937,62;2936,31
Tesouro IPCA+ com Juros Semestrais;15/08/2050;17/05/2016;5,87;5,97;2980,56;2938,93;2937,62
Tesouro IPCA+ com Juros Semestrais;15/08/2050;18/05/2016;5,92;6,02;2960,94;2919,78;2918,48
Tesouro IPCA+ com Juros Semestrais;15/08/2050;19/05/2016;6,09;6,19;2892,83;2853,25;2851,96
Tesouro IPCA+ com Juros Semestrais;15/08/2050;20/05/2016;6,02;6,12;2923,66;2883,41;2880,87
Tesouro IPCA+ com Juros Semestrais;15/08/2050;23/05/2016;6,09;6,19;2897,35;2857,73;2856,36
Tesouro IPCA+ com Juros Semestrais;15/08/2050;24/05/2016;6,14;6,24;2878,81;2839,62;2838,26
Tesouro IPCA+ com Juros Semestrais;15/08/2050;25/05/2016;6,15;6,25;2876,91;2837,80;2835,76
Tesouro IPCA+ com Juros Semestrais;15/08/2050;27/05/2016;6,19;6,29;2863,91;2825,14;2822,41
Tesouro IPCA+ com Juros Semestrais;15/08/2050;30/05/2016;6,26;6,36;2838,04;2799,87;2798,51
Tesouro IPCA+ com Juros Semestrais;15/08/2050;31/05/2016;6,22;6,32;2854,93;2816,40;2815,04
Tesouro IPCA+ com Juros Semestrais;15/08/2050;01/06/2016;6,27;6,37;2836,92;2798,82;2797,46
Tesouro IPCA+ com Juros Semestrais;15/08/2050;02/06/2016;6,24;6,34;2849,90;2811,52;2810,16
Tesouro IPCA+ com Juros Semestrais;15/08/2050;03/06/2016;6,19;6,29;2872,17;2833,33;2830,60
Tesouro IPCA+ com Juros Semestrais;15/08/2050;06/06/2016;6,11;6,21;2905,27;2865,71;2864,33
Tesouro IPCA+ com Juros Semestrais;15/08/2050;07/06/2016;6,10;6,20;2910,66;2871,00;2869,62
Tesouro IPCA+ com Juros Semestrais;15/08/2050;08/06/2016;6,12;6,22;2904,74;2865,24;2863,84
Tesouro IPCA+ com Juros Semestrais;15/08/2050;09/06/2016;6,08;6,18;2922,21;2882,34;2880,93
Tesouro IPCA+ com Juros Semestrais;15/08/2050;10/06/2016;6,09;6,19;2921,06;2881,25;2878,40
Tesouro IPCA+ com Juros Semestrais;15/08/2050;13/06/2016;6,15;6,25;2898,48;2859,21;2857,80
Tesouro IPCA+ com Juros Semestrais;15/08/2050;14/06/2016;6,13;6,23;2907,86;2868,40;2866,99
Tesouro IPCA+ com Juros Semestrais;15/08/2050;15/06/2016;6,12;6,22;2912,87;2873,31;2872,30
Tesouro IPCA+ com Juros Semestrais;15/08/2050;16/06/2016;6,12;6,22;2913,88;2874,33;2873,31
Tesouro IPCA+ com Juros Semestrais;15/08/2050;17/06/2016;6,12;6,22;2915,56;2875,99;2874,33
Tesouro IPCA+ com Juros Semestrais;15/08/2050;20/06/2016;6,12;6,22;2916,58;2877,00;2875,99
Tesouro IPCA+ com Juros Semestrais;15/08/2050;21/06/2016;6,12;6,22;2917,60;2878,02;2877,00
Tesouro IPCA+ com Juros Semestrais;15/08/2050;22/06/2016;6,11;6,21;2922,78;2883,11;2882,07
Tesouro IPCA+ com Juros Semestrais;15/08/2050;23/06/2016;6,13;6,23;2915,81;2876,31;2875,28
Tesouro IPCA+ com Juros Semestrais;15/08/2050;24/06/2016;6,09;6,19;2933,60;2893,73;2892,00
Tesouro IPCA+ com Juros Semestrais;15/08/2050;27/06/2016;6,07;6,17;2942,73;2902,67;2901,63
Tesouro IPCA+ com Juros Semestrais;15/08/2050;28/06/2016;6,00;6,10;2972,36;2931,65;2930,61
Tesouro IPCA+ com Juros Semestrais;15/08/2050;29/06/2016;6,00;6,10;2973,41;2932,69;2931,65
Tesouro IPCA+ com Juros Semestrais;15/08/2050;30/06/2016;6,05;6,15;2953,97;2913,72;2912,69
Tesouro IPCA+ com Juros Semestrais;15/08/2050;01/07/2016;6,05;6,15;2955,72;2915,46;2913,72
Tesouro IPCA+ com Juros Semestrais;15/08/2050;04/07/2016;6,05;6,15;2956,77;2916,50;2915,46
Tesouro IPCA+ com Juros Semestrais;15/08/2050;05/07/2016;6,05;6,15;2957,81;2917,54;2916,50
Tesouro IPCA+ com Juros Semestrais;15/08/2050;06/07/2016;6,12;6,22;2930,57;2890,94;2889,90
Tesouro IPCA+ com Juros Semestrais;15/08/2050;07/07/2016;6,15;6,25;2919,62;2880,26;2879,22
Tesouro IPCA+ com Juros Semestrais;15/08/2050;08/07/2016;6,15;6,25;2921,11;2881,74;2880,04
Tesouro IPCA+ com Juros Semestrais;15/08/2050;11/07/2016;6,07;6,17;2954,30;2914,20;2913,17
Tesouro IPCA+ com Juros Semestrais;15/08/2050;12/07/2016;6,03;6,13;2971,64;2931,16;2930,13
Tesouro IPCA+ com Juros Semestrais;15/08/2050;13/07/2016;6,01;6,11;2980,89;2940,22;2939,18
Tesouro IPCA+ com Juros Semestrais;15/08/2050;14/07/2016;5,96;6,06;3002,61;2961,47;2960,43
Tesouro IPCA+ com Juros Semestrais;15/08/2050;15/07/2016;5,91;6,01;3025,54;2983,91;2981,92
Tesouro IPCA+ com Juros Semestrais;15/08/2050;18/07/2016;5,84;5,94;3056,40;3014,08;3012,95
Tesouro IPCA+ com Juros Semestrais;15/08/2050;19/07/2016;5,81;5,91;3070,41;3027,80;3026,67
Tesouro IPCA+ com Juros Semestrais;15/08/2050;20/07/2016;5,85;5,95;3054,38;3012,15;3011,03
Tesouro IPCA+ com Juros Semestrais;15/08/2050;21/07/2016;5,83;5,93;3064,08;3021,65;3020,52
Tesouro IPCA+ com Juros Semestrais;15/08/2050;22/07/2016;5,86;5,96;3053,07;3010,92;3008,97
Tesouro IPCA+ com Juros Semestrais;15/08/2050;25/07/2016;5,92;6,02;3028,77;2987,20;2986,09
Tesouro IPCA+ com Juros Semestrais;15/08/2050;26/07/2016;5,93;6,03;3025,68;2984,20;2983,09
Tesouro IPCA+ com Juros Semestrais;15/08/2050;27/07/2016;5,88;5,98;3047,89;3005,93;3004,82
Tesouro IPCA+ com Juros Semestrais;15/08/2050;28/07/2016;5,83;5,93;3070,36;3027,90;3026,79
Tesouro IPCA+ com Juros Semestrais;15/08/2050;29/07/2016;5,79;5,89;3089,59;3046,72;3044,76
Tesouro IPCA+ com Juros Semestrais;15/08/2050;01/08/2016;5,79;5,89;3090,71;3047,83;3046,72
Tesouro IPCA+ com Juros Semestrais;15/08/2050;02/08/2016;5,77;5,87;3100,52;3057,45;3056,33
Tesouro IPCA+ com Juros Semestrais;15/08/2050;03/08/2016;5,79;5,89;3092,95;3050,07;3048,95
Tesouro IPCA+ com Juros Semestrais;15/08/2050;04/08/2016;5,81;5,91;3085,41;3042,72;3041,61
Tesouro IPCA+ com Juros Semestrais;15/08/2050;05/08/2016;5,77;5,87;3104,74;3061,64;3059,68
Tesouro IPCA+ com Juros Semestrais;15/08/2050;08/08/2016;5,71;5,81;3132,21;3088,50;3087,38
Tesouro IPCA+ com Juros Semestrais;15/08/2050;09/08/2016;5,73;5,83;3124,52;3081,00;3079,88
Tesouro IPCA+ com Juros Semestrais;15/08/2050;10/08/2016;5,67;5,77;3152,24;3108,11;3106,99
Tesouro IPCA+ com Juros Semestrais;15/08/2050;11/08/2016;5,66;5,76;3160,39;3116,12;3114,91
Tesouro IPCA+ com Juros Semestrais;15/08/2050;12/08/2016;5,63;5,73;3089,82;3045,21;3145,57
Tesouro IPCA+ com Juros Semestrais;15/08/2050;15/08/2016;5,63;5,73;3090,88;3046,27;3045,21
Tesouro IPCA+ com Juros Semestrais;15/08/2050;16/08/2016;5,66;5,76;3078,44;3034,14;3033,09
Tesouro IPCA+ com Juros Semestrais;15/08/2050;17/08/2016;5,68;5,78;3070,56;3026,46;3025,40
Tesouro IPCA+ com Juros Semestrais;15/08/2050;18/08/2016;5,66;5,76;3080,56;3036,25;3035,20
Tesouro IPCA+ com Juros Semestrais;15/08/2050;19/08/2016;5,68;5,78;3073,45;3029,33;3027,51
Tesouro IPCA+ com Juros Semestrais;15/08/2050;22/08/2016;5,67;5,77;3078,97;3034,75;3033,70
Tesouro IPCA+ com Juros Semestrais;15/08/2050;24/08/2016;5,73;5,83;3054,43;3010,81;3009,76
Tesouro IPCA+ com Juros Semestrais;15/08/2050;25/08/2016;5,79;5,89;3029,63;2986,60;2985,51
Tesouro IPCA+ com Juros Semestrais;15/08/2050;26/08/2016;5,80;5,90;3027,21;2984,27;2982,35
Tesouro IPCA+ com Juros Semestrais;15/08/2050;29/08/2016;5,87;5,97;2998,14;2955,89;2954,80
Tesouro IPCA+ com Juros Semestrais;15/08/2050;30/08/2016;5,81;5,91;3025,07;2982,21;2981,12
Tesouro IPCA+ com Juros Semestrais;15/08/2050;31/08/2016;5,86;5,96;3004,61;2962,25;2961,16
Tesouro IPCA+ com Juros Semestrais;15/08/2050;01/09/2016;5,85;5,95;3010,00;2967,53;2966,44
Tesouro IPCA+ com Juros Semestrais;15/08/2050;02/09/2016;5,83;5,93;3018,30;2975,65;2974,05
Tesouro IPCA+ com Juros Semestrais;15/08/2050;05/09/2016;5,80;5,90;3032,28;2989,33;2988,34
Tesouro IPCA+ com Juros Semestrais;15/08/2050;06/09/2016;5,81;5,91;3031,81;2988,92;2987,41
Tesouro IPCA+ com Juros Semestrais;15/08/2050;08/09/2016;5,81;5,91;3032,91;2990,02;2988,92
Tesouro IPCA+ com Juros Semestrais;15/08/2050;09/09/2016;5,84;5,94;3022,15;2979,53;2977,58
Tesouro IPCA+ com Juros Semestrais;15/08/2050;12/09/2016;5,90;6,00;2997,56;2955,53;2954,42
Tesouro IPCA+ com Juros Semestrais;15/08/2050;13/09/2016;5,87;5,97;3011,47;2969,14;2968,04
Tesouro IPCA+ com Juros Semestrais;15/08/2050;14/09/2016;5,97;6,07;2970,24;2928,87;2927,77
Tesouro IPCA+ com Juros Semestrais;15/08/2050;15/09/2016;6,00;6,10;2958,72;2917,63;2916,64
Tesouro IPCA+ com Juros Semestrais;15/08/2050;16/09/2016;6,02;6,12;2952,02;2911,10;2909,52
Tesouro IPCA+ com Juros Semestrais;15/08/2050;19/09/2016;6,02;6,12;2953,01;2912,09;2911,10
Tesouro IPCA+ com Juros Semestrais;15/08/2050;20/09/2016;6,02;6,12;2954,00;2913,08;2912,09
Tesouro IPCA+ com Juros Semestrais;15/08/2050;21/09/2016;6,04;6,14;2946,73;2905,99;2905,01
Tesouro IPCA+ com Juros Semestrais;15/08/2050;22/09/2016;5,97;6,07;2976,80;2935,40;2934,41
Tesouro IPCA+ com Juros Semestrais;15/08/2050;23/09/2016;5,88;5,98;3015,29;2973,03;2971,75
Tesouro IPCA+ com Juros Semestrais;15/08/2050;26/09/2016;5,85;5,95;3029,04;2986,49;2985,60
Tesouro IPCA+ com Juros Semestrais;15/08/2050;27/09/2016;5,84;5,94;3034,24;2991,58;2990,70
Tesouro IPCA+ com Juros Semestrais;15/08/2050;28/09/2016;5,80;5,90;3052,46;3009,41;3008,53
Tesouro IPCA+ com Juros Semestrais;15/08/2050;29/09/2016;5,76;5,86;3070,85;3027,40;3026,51
Tesouro IPCA+ com Juros Semestrais;15/08/2050;30/09/2016;5,77;5,87;3067,76;3024,40;3023,11
Tesouro IPCA+ com Juros Semestrais;15/08/2050;03/10/2016;5,75;5,85;3077,44;3033,88;3032,99
Tesouro IPCA+ com Juros Semestrais;15/08/2050;04/10/2016;5,66;5,76;3118,41;3073,93;3073,04
Tesouro IPCA+ com Juros Semestrais;15/08/2050;05/10/2016;5,69;5,79;3105,84;3061,67;3060,78
Tesouro IPCA+ com Juros Semestrais;15/08/2050;06/10/2016;5,64;5,74;3129,21;3084,52;3083,63
Tesouro IPCA+ com Juros Semestrais;15/08/2050;07/10/2016;5,66;5,76;3118,38;3073,93;3073,00
Tesouro IPCA+ com Juros Semestrais;15/08/2050;10/10/2016;5,65;5,75;3123,64;3079,09;3078,33
Tesouro IPCA+ com Juros Semestrais;15/08/2050;11/10/2016;5,64;5,74;3129,00;3084,35;3083,50
Tesouro IPCA+ com Juros Semestrais;15/08/2050;13/10/2016;5,64;5,74;3129,77;3085,11;3084,35
Tesouro IPCA+ com Juros Semestrais;15/08/2050;14/10/2016;5,64;5,74;3131,22;3086,55;3085,11
Tesouro IPCA+ com Juros Semestrais;15/08/2050;17/10/2016;5,64;5,74;3132,25;3087,58;3086,55
Tesouro IPCA+ com Juros Semestrais;15/08/2050;18/10/2016;5,61;5,71;3146,87;3101,89;3100,87
Tesouro IPCA+ com Juros Semestrais;15/08/2050;19/10/2016;5,61;5,71;3147,90;3102,91;3101,89
Tesouro IPCA+ com Juros Semestrais;15/08/2050;20/10/2016;5,57;5,67;3167,22;3121,81;3120,78
Tesouro IPCA+ com Juros Semestrais;15/08/2050;21/10/2016;5,54;5,64;3182,78;3137,03;3135,32
Tesouro IPCA+ com Juros Semestrais;15/08/2050;24/10/2016;5,57;5,67;3169,46;3124,04;3123,07
Tesouro IPCA+ com Juros Semestrais;15/08/2050;25/10/2016;5,54;5,64;3184,28;3138,53;3137,55
Tesouro IPCA+ com Juros Semestrais;15/08/2050;26/10/2016;5,63;5,73;3144,03;3099,24;3098,27
Tesouro IPCA+ com Juros Semestrais;15/08/2050;27/10/2016;5,69;5,79;3118,01;3073,83;3072,86
Tesouro IPCA+ com Juros Semestrais;15/08/2050;28/10/2016;5,72;5,82;3106,20;3062,33;3060,78
Tesouro IPCA+ com Juros Semestrais;15/08/2050;31/10/2016;5,74;5,84;3098,32;3054,65;3053,67
Tesouro IPCA+ com Juros Semestrais;15/08/2050;01/11/2016;5,72;5,82;3108,45;3064,56;3063,30
Tesouro IPCA+ com Juros Semestrais;15/08/2050;03/11/2016;5,73;5,83;3104,99;3061,20;3060,22
Tesouro IPCA+ com Juros Semestrais;15/08/2050;04/11/2016;5,72;5,82;3110,98;3067,08;3065,53
Tesouro IPCA+ com Juros Semestrais;15/08/2050;07/11/2016;5,72;5,82;3111,96;3068,06;3067,08
Tesouro IPCA+ com Juros Semestrais;15/08/2050;08/11/2016;5,68;5,78;3130,79;3086,47;3085,50
Tesouro IPCA+ com Juros Semestrais;15/08/2050;09/11/2016;5,75;5,85;3099,86;3056,26;3055,32
Tesouro IPCA+ com Juros Semestrais;15/08/2050;10/11/2016;5,77;5,87;3092,01;3048,61;3047,67
Tesouro IPCA+ com Juros Semestrais;15/08/2050;11/11/2016;6,11;6,21;2949,88;2909,74;2908,31
Tesouro IPCA+ com Juros Semestrais;15/08/2050;14/11/2016;6,21;6,31;2911,06;2871,80;2870,49
Tesouro IPCA+ com Juros Semestrais;15/08/2050;16/11/2016;6,21;6,31;2912,13;2872,87;2871,80
Tesouro IPCA+ com Juros Semestrais;15/08/2050;17/11/2016;6,09;6,19;2961,51;2921,16;2920,09
Tesouro IPCA+ com Juros Semestrais;15/08/2050;18/11/2016;6,09;6,19;2963,36;2923,00;2921,16
Tesouro IPCA+ com Juros Semestrais;15/08/2050;21/11/2016;6,10;6,20;2960,36;2920,09;2919,01
Tesouro IPCA+ com Juros Semestrais;15/08/2050;22/11/2016;6,01;6,11;2998,48;2957,37;2956,29
Tesouro IPCA+ com Juros Semestrais;15/08/2050;23/11/2016;6,02;6,12;2995,41;2954,39;2953,31
Tesouro IPCA+ com Juros Semestrais;15/08/2050;24/11/2016;6,03;6,13;2991,56;2950,64;2949,63
Tesouro IPCA+ com Juros Semestrais;15/08/2050;25/11/2016;6,11;6,21;2960,36;2920,16;2918,56
Tesouro IPCA+ com Juros Semestrais;15/08/2050;28/11/2016;6,12;6,22;2957,30;2917,19;2916,19
Tesouro IPCA+ com Juros Semestrais;15/08/2050;29/11/2016;6,08;6,18;2974,60;2934,13;2933,13
Tesouro IPCA+ com Juros Semestrais;15/08/2050;30/11/2016;6,04;6,14;2992,06;2951,21;2950,21
Tesouro IPCA+ com Juros Semestrais;15/08/2050;01/12/2016;6,05;6,15;2988,94;2948,18;2947,17
Tesouro IPCA+ com Juros Semestrais;15/08/2050;02/12/2016;6,30;6,40;2890,35;2851,82;2850,24
Tesouro IPCA+ com Juros Semestrais;15/08/2050;05/12/2016;6,16;6,28;2946,77;2899,16;2898,16
Tesouro IPCA+ com Juros Semestrais;15/08/2050;06/12/2016;6,20;6,32;2931,75;2884,57;2883,57
Tesouro IPCA+ com Juros Semestrais;15/08/2050;07/12/2016;6,15;6,27;2952,80;2905,07;2904,07
Tesouro IPCA+ com Juros Semestrais;15/08/2050;08/12/2016;6,07;6,19;2986,35;2937,75;2936,75
Tesouro IPCA+ com Juros Semestrais;15/08/2050;09/12/2016;5,97;6,09;3025,98;2976,30;2975,07
Tesouro IPCA+ com Juros Semestrais;15/08/2050;12/12/2016;6,06;6,18;2989,47;2940,80;2939,93
Tesouro IPCA+ com Juros Semestrais;15/08/2050;13/12/2016;6,01;6,13;3011,03;2961,80;2960,92
Tesouro IPCA+ com Juros Semestrais;15/08/2050;14/12/2016;5,97;6,09;3028,62;2978,94;2978,06
Tesouro IPCA+ com Juros Semestrais;15/08/2050;15/12/2016;6,03;6,15;3004,77;2955,76;2954,60
Tesouro IPCA+ com Juros Semestrais;15/08/2050;16/12/2016;5,89;6,01;3065,79;3015,17;3013,07
Tesouro IPCA+ com Juros Semestrais;15/08/2050;19/12/2016;5,99;6,11;3024,67;2975,18;2974,03
Tesouro IPCA+ com Juros Semestrais;15/08/2050;20/12/2016;5,90;6,02;3063,86;3013,34;3012,17
Tesouro IPCA+ com Juros Semestrais;15/08/2050;21/12/2016;5,89;6,01;3069,30;3018,66;3017,49
Tesouro IPCA+ com Juros Semestrais;15/08/2050;22/12/2016;5,92;6,04;3056,34;3006,07;3005,07
Tesouro IPCA+ com Juros Semestrais;15/08/2050;23/12/2016;5,82;5,94;3100,94;3049,48;3047,87
Tesouro IPCA+ com Juros Semestrais;15/08/2050;26/12/2016;5,84;5,96;3093,27;3042,04;3041,04
Tesouro IPCA+ com Juros Semestrais;15/08/2050;27/12/2016;5,82;5,94;3102,95;3051,49;3050,48
Tesouro IPCA+ com Juros Semestrais;15/08/2050;28/12/2016;5,85;5,97;3090,96;3039,84;3038,84
Tesouro IPCA+ com Juros Semestrais;15/08/2050;29/12/2016;5,78;5,90;3125,08;3073,12;3069,49
Tesouro IPCA+ com Juros Semestrais;15/08/2050;30/12/2016;5,78;5,90;3125,08;3073,12;3070,49
Tesouro IPCA+ com Juros Semestrais;15/08/2050;02/01/2017;5,63;5,75;3192,10;3138,30;3137,29
Tesouro IPCA+ com Juros Semestrais;15/08/2050;03/01/2017;5,62;5,74;3197,66;3143,74;3142,73
Tesouro IPCA+ com Juros Semestrais;15/08/2050;04/01/2017;5,66;5,78;3180,53;3127,10;3126,09
Tesouro IPCA+ com Juros Semestrais;15/08/2050;05/01/2017;5,70;5,82;3163,57;3110,63;3109,62
Tesouro IPCA+ com Juros Semestrais;15/08/2050;06/01/2017;5,69;5,81;3169,69;3116,61;3114,98
Tesouro IPCA+ com Juros Semestrais;15/08/2050;09/01/2017;5,73;5,85;3152,85;3100,25;3099,24
Tesouro IPCA+ com Juros Semestrais;15/08/2050;10/01/2017;5,72;5,84;3158,31;3105,59;3104,58
Tesouro IPCA+ com Juros Semestrais;15/08/2050;11/01/2017;5,75;5,87;3145,72;3093,37;3092,37
Tesouro IPCA+ com Juros Semestrais;15/08/2050;12/01/2017;5,60;5,72;3214,24;3160,04;3159,04
Tesouro IPCA+ com Juros Semestrais;15/08/2050;13/01/2017;5,55;5,67;3239,18;3184,32;3182,44
Tesouro IPCA+ com Juros Semestrais;15/08/2050;16/01/2017;5,53;5,65;3249,75;3194,63;3193,36
Tesouro IPCA+ com Juros Semestrais;15/08/2050;17/01/2017;5,45;5,57;3288,64;3232,48;3231,21
Tesouro IPCA+ com Juros Semestrais;15/08/2050;18/01/2017;5,51;5,63;3261,65;3206,26;3204,98
Tesouro IPCA+ com Juros Semestrais;15/08/2050;19/01/2017;5,53;5,65;3253,59;3198,45;3197,18
Tesouro IPCA+ com Juros Semestrais;15/08/2050;20/01/2017;5,51;5,63;3264,80;3209,39;3207,17
Tesouro IPCA+ com Juros Semestrais;15/08/2050;23/01/2017;5,55;5,67;3247,37;3192,46;3191,26
Tesouro IPCA+ com Juros Semestrais;15/08/2050;24/01/2017;5,54;5,66;3254,43;3199,38;3196,98
Tesouro IPCA+ com Juros Semestrais;15/08/2050;26/01/2017;5,53;5,65;3260,30;3205,11;3203,91
Tesouro IPCA+ com Juros Semestrais;15/08/2050;27/01/2017;5,55;5,67;3253,23;3198,28;3196,07
Tesouro IPCA+ com Juros Semestrais;15/08/2050;30/01/2017;5,56;5,68;3249,80;3194,97;3193,77
Tesouro IPCA+ com Juros Semestrais;15/08/2050;31/01/2017;5,55;5,67;3255,65;3200,69;3199,48
Tesouro IPCA+ com Juros Semestrais;15/08/2050;01/02/2017;5,51;5,63;3275,53;3220,05;3218,84
Tesouro IPCA+ com Juros Semestrais;15/08/2050;02/02/2017;5,46;5,58;3300,32;3244,19;3242,97
Tesouro IPCA+ com Juros Semestrais;15/08/2050;03/02/2017;5,41;5,53;3326,45;3269,63;3267,39
Tesouro IPCA+ com Juros Semestrais;15/08/2050;06/02/2017;5,40;5,52;3332,48;3275,52;3274,30
Tesouro IPCA+ com Juros Semestrais;15/08/2050;07/02/2017;5,42;5,54;3324,09;3267,39;3266,18
Tesouro IPCA+ com Juros Semestrais;15/08/2050;08/02/2017;5,33;5,45;3365,93;3308,06;3306,96
Tesouro IPCA+ com Juros Semestrais;15/08/2050;09/02/2017;5,30;5,42;3381,76;3323,48;3322,38
Tesouro IPCA+ com Juros Semestrais;15/08/2050;10/02/2017;5,21;5,33;3428,51;3368,96;3367,03
Tesouro IPCA+ com Juros Semestrais;15/08/2050;13/02/2017;5,22;5,34;3424,59;3365,18;3364,08
Tesouro IPCA+ com Juros Semestrais;15/08/2050;14/02/2017;5,22;5,34;3337,93;3278,52;3365,18
Tesouro IPCA+ com Juros Semestrais;15/08/2050;15/02/2017;5,23;5,35;3334,15;3274,87;3273,64
Tesouro IPCA+ com Juros Semestrais;15/08/2050;16/02/2017;5,25;5,37;3325,38;3266,37;3265,15
Tesouro IPCA+ com Juros Semestrais;15/08/2050;17/02/2017;5,29;5,41;3307,86;3249,38;3247,07
Tesouro IPCA+ com Juros Semestrais;15/08/2050;20/02/2017;5,26;5,38;3323,98;3265,08;3263,85
Tesouro IPCA+ com Juros Semestrais;15/08/2050;21/02/2017;5,24;5,36;3335,19;3276,00;3274,78
Tesouro IPCA+ com Juros Semestrais;15/08/2050;22/02/2017;5,18;5,30;3366,66;3306,62;3305,39
Tesouro IPCA+ com Juros Semestrais;15/08/2050;23/02/2017;5,12;5,24;3398,24;3337,34;3336,14
Tesouro IPCA+ com Juros Semestrais;15/08/2050;24/02/2017;5,13;5,25;3396,43;3335,64;3332,34
Tesouro IPCA+ com Juros Semestrais;15/08/2050;01/03/2017;5,14;5,26;3392,51;3331,85;3330,65
Tesouro IPCA+ com Juros Semestrais;15/08/2050;02/03/2017;5,11;5,23;3409,15;3348,05;3346,85
Tesouro IPCA+ com Juros Semestrais;15/08/2050;03/03/2017;5,14;5,26;3395,98;3335,29;3333,04
Tesouro IPCA+ com Juros Semestrais;15/08/2050;06/03/2017;5,12;5,24;3407,48;3346,49;3345,29
Tesouro IPCA+ com Juros Semestrais;15/08/2050;07/03/2017;5,14;5,26;3398,40;3337,70;3336,49
Tesouro IPCA+ com Juros Semestrais;15/08/2050;08/03/2017;5,16;5,28;3389,37;3328,95;3327,74
Tesouro IPCA+ com Juros Semestrais;15/08/2050;09/03/2017;5,20;5,32;3370,25;3310,38;3309,18
Tesouro IPCA+ com Juros Semestrais;15/08/2050;10/03/2017;5,15;5,27;3394,51;3333,97;3332,12
Tesouro IPCA+ com Juros Semestrais;15/08/2050;13/03/2017;5,10;5,22;3421,33;3360,07;3358,99
Tesouro IPCA+ com Juros Semestrais;15/08/2050;14/03/2017;5,17;5,29;3386,45;3326,19;3325,12
Tesouro IPCA+ com Juros Semestrais;15/08/2050;15/03/2017;5,24;5,36;3352,01;3292,74;3291,82
Tesouro IPCA+ com Juros Semestrais;15/08/2050;16/03/2017;5,19;5,31;3378,13;3318,15;3317,23
Tesouro IPCA+ com Juros Semestrais;15/08/2050;17/03/2017;5,18;5,30;3384,60;3324,47;3323,08
Tesouro IPCA+ com Juros Semestrais;15/08/2050;20/03/2017;5,15;5,27;3400,82;3340,26;3339,34
Tesouro IPCA+ com Juros Semestrais;15/08/2050;21/03/2017;5,11;5,23;3422,31;3361,18;3360,26
Tesouro IPCA+ com Juros Semestrais;15/08/2050;22/03/2017;5,19;5,31;3382,28;3322,29;3321,37
Tesouro IPCA+ com Juros Semestrais;15/08/2050;23/03/2017;5,22;5,34;3368,23;3308,66;3307,72
Tesouro IPCA+ com Juros Semestrais;15/08/2050;24/03/2017;5,18;5,30;3389,94;3329,79;3328,33
Tesouro IPCA+ com Juros Semestrais;15/08/2050;27/03/2017;5,19;5,31;3385,80;3325,79;3324,85
Tesouro IPCA+ com Juros Semestrais;15/08/2050;28/03/2017;5,15;5,27;3407,13;3346,55;3345,60
Tesouro IPCA+ com Juros Semestrais;15/08/2050;29/03/2017;5,15;5,27;3408,07;3347,49;3346,55
Tesouro IPCA+ com Juros Semestrais;15/08/2050;30/03/2017;5,17;5,29;3398,80;3338,50;3337,56
Tesouro IPCA+ com Juros Semestrais;15/08/2050;31/03/2017;5,19;5,31;3390,09;3330,07;3328,61
Tesouro IPCA+ com Juros Semestrais;15/08/2050;03/04/2017;5,14;5,26;3416,56;3355,81;3354,87
Tesouro IPCA+ com Juros Semestrais;15/08/2050;04/04/2017;5,17;5,29;3402,15;3341,84;3340,90
Tesouro IPCA+ com Juros Semestrais;15/08/2050;05/04/2017;5,15;5,27;3413,32;3352,71;3351,77
Tesouro IPCA+ com Juros Semestrais;15/08/2050;06/04/2017;5,20;5,32;3388,80;3328,91;3327,96
Tesouro IPCA+ com Juros Semestrais;15/08/2050;07/04/2017;5,25;5,37;3365,38;3306,17;3304,69
Tesouro IPCA+ com Juros Semestrais;15/08/2050;10/04/2017;5,23;5,35;3376,37;3316,88;3315,93
Tesouro IPCA+ com Juros Semestrais;15/08/2050;11/04/2017;5,20;5,32;3392,46;3332,55;3331,59
Tesouro IPCA+ com Juros Semestrais;15/08/2050;12/04/2017;5,26;5,38;3363,25;3304,18;3303,22
Tesouro IPCA+ com Juros Semestrais;15/08/2050;13/04/2017;5,23;5,35;3380,00;3320,49;3318,79
Tesouro IPCA+ com Juros Semestrais;15/08/2050;17/04/2017;5,19;5,31;3401,14;3341,07;3340,14
Tesouro IPCA+ com Juros Semestrais;15/08/2050;18/04/2017;5,19;5,31;3402,08;3342,00;3341,07
Tesouro IPCA+ com Juros Semestrais;15/08/2050;19/04/2017;5,20;5,32;3397,94;3338,01;3337,07
Tesouro IPCA+ com Juros Semestrais;15/08/2050;20/04/2017;5,19;5,31;3404,69;3344,60;3342,94
Tesouro IPCA+ com Juros Semestrais;15/08/2050;24/04/2017;5,20;5,32;3399,87;3339,93;3339,07
Tesouro IPCA+ com Juros Semestrais;15/08/2050;25/04/2017;5,29;5,41;3355,63;3296,94;3296,08
Tesouro IPCA+ com Juros Semestrais;15/08/2050;26/04/2017;5,34;5,46;3331,84;3273,84;3272,97
Tesouro IPCA+ com Juros Semestrais;15/08/2050;27/04/2017;5,28;5,40;3362,32;3303,50;3302,64
Tesouro IPCA+ com Juros Semestrais;15/08/2050;28/04/2017;5,32;5,44;3343,93;3285,65;3284,26
Tesouro IPCA+ com Juros Semestrais;15/08/2050;02/05/2017;5,30;5,42;3354,67;3296,11;3295,25
Tesouro IPCA+ com Juros Semestrais;15/08/2050;03/05/2017;5,25;5,37;3380,43;3321,18;3320,31
Tesouro IPCA+ com Juros Semestrais;15/08/2050;04/05/2017;5,27;5,39;3371,30;3312,33;3311,47
Tesouro IPCA+ com Juros Semestrais;15/08/2050;05/05/2017;5,29;5,41;3362,58;3303,88;3302,66
Tesouro IPCA+ com Juros Semestrais;15/08/2050;08/05/2017;5,28;5,40;3368,42;3309,58;3308,71
Tesouro IPCA+ com Juros Semestrais;15/08/2050;09/05/2017;5,26;5,38;3379,25;3320,14;3319,27
Tesouro IPCA+ com Juros Semestrais;15/08/2050;10/05/2017;5,25;5,37;3384,54;3325,29;3324,45
Tesouro IPCA+ com Juros Semestrais;15/08/2050;11/05/2017;5,19;5,31;3415,64;3355,55;3354,71
Tesouro IPCA+ com Juros Semestrais;15/08/2050;12/05/2017;5,17;5,29;3426,98;3366,61;3365,45
Tesouro IPCA+ com Juros Semestrais;15/08/2050;15/05/2017;5,11;5,23;3459,05;3397,82;3396,58
Tesouro IPCA+ com Juros Semestrais;15/08/2050;16/05/2017;5,01;5,13;3512,68;3449,97;3448,73
Tesouro IPCA+ com Juros Semestrais;15/08/2050;17/05/2017;4,92;5,04;3562,16;3498,08;3496,84
Tesouro IPCA+ com Juros Semestrais;15/08/2050;18/05/2017;5,93;6,05;3076,41;3025,75;3024,56
Tesouro IPCA+ com Juros Semestrais;15/08/2050;19/05/2017;5,97;6,09;3061,55;3011,32;3009,16
Tesouro IPCA+ com Juros Semestrais;15/08/2050;22/05/2017;5,72;5,84;3171,93;3118,74;3117,54
Tesouro IPCA+ com Juros Semestrais;15/08/2050;23/05/2017;5,64;5,76;3209,42;3155,24;3154,04
Tesouro IPCA+ com Juros Semestrais;15/08/2050;24/05/2017;5,47;5,59;3289,80;3233,45;3232,25
Tesouro IPCA+ com Juros Semestrais;15/08/2050;25/05/2017;5,55;5,67;3253,26;3197,94;3196,74
Tesouro IPCA+ com Juros Semestrais;15/08/2050;26/05/2017;5,50;5,62;3278,98;3222,99;3220,80
Tesouro IPCA+ com Juros Semestrais;15/08/2050;29/05/2017;5,55;5,67;3256,66;3201,31;3200,12
Tesouro IPCA+ com Juros Semestrais;15/08/2050;30/05/2017;5,50;5,62;3281,39;3225,39;3224,19
Tesouro IPCA+ com Juros Semestrais;15/08/2050;31/05/2017;5,50;5,62;3282,60;3226,59;3225,39
Tesouro IPCA+ com Juros Semestrais;15/08/2050;01/06/2017;5,53;5,65;3269,65;3214,02;3212,83
Tesouro IPCA+ com Juros Semestrais;15/08/2050;02/06/2017;5,61;5,73;3234,59;3179,96;3177,79
Tesouro IPCA+ com Juros Semestrais;15/08/2050;05/06/2017;5,72;5,84;3185,65;3132,38;3131,19
Tesouro IPCA+ com Juros Semestrais;15/08/2050;06/06/2017;5,70;5,82;3195,87;3142,35;3141,16
Tesouro IPCA+ com Juros Semestrais;15/08/2050;07/06/2017;5,63;5,75;3228,98;3174,59;3173,39
Tesouro IPCA+ com Juros Semestrais;15/08/2050;08/06/2017;5,72;5,84;3189,24;3135,95;3134,76
Tesouro IPCA+ com Juros Semestrais;15/08/2050;09/06/2017;5,66;5,78;3213,72;3159,75;3158,10
Tesouro IPCA+ com Juros Semestrais;15/08/2050;12/06/2017;5,65;5,77;3219,31;3165,21;3164,19
Tesouro IPCA+ com Juros Semestrais;15/08/2050;13/06/2017;5,61;5,73;3238,70;3184,10;3183,08
Tesouro IPCA+ com Juros Semestrais;15/08/2050;14/06/2017;5,67;5,79;3212,11;3158,25;3157,36
Tesouro IPCA+ com Juros Semestrais;15/08/2050;16/06/2017;5,53;5,65;3277,15;3221,54;3221,22
Tesouro IPCA+ com Juros Semestrais;15/08/2050;19/06/2017;5,51;5,63;3287,14;3231,28;3230,70
Tesouro IPCA+ com Juros Semestrais;15/08/2050;20/06/2017;5,48;5,60;3301,91;3245,67;3245,09
Tesouro IPCA+ com Juros Semestrais;15/08/2050;21/06/2017;5,51;5,63;3288,27;3232,42;3231,85
Tesouro IPCA+ com Juros Semestrais;15/08/2050;22/06/2017;5,54;5,66;3274,73;3219,27;3218,70
Tesouro IPCA+ com Juros Semestrais;15/08/2050;23/06/2017;5,59;5,71;3251,75;3196,94;3196,61
Tesouro IPCA+ com Juros Semestrais;15/08/2050;26/06/2017;5,59;5,71;3251,67;3196,87;3196,35
Tesouro IPCA+ com Juros Semestrais;15/08/2050;27/06/2017;5,61;5,73;3242,95;3188,41;3187,88
Tesouro IPCA+ com Juros Semestrais;15/08/2050;28/06/2017;5,67;5,79;3216,01;3162,22;3161,70
Tesouro IPCA+ com Juros Semestrais;15/08/2050;29/06/2017;5,52;5,64;3285,89;3230,21;3229,69
Tesouro IPCA+ com Juros Semestrais;15/08/2050;30/06/2017;5,58;5,70;3258,00;3203,11;3202,95
Tesouro IPCA+ com Juros Semestrais;15/08/2050;03/07/2017;5,57;5,69;3263,16;3208,15;3207,63
Tesouro IPCA+ com Juros Semestrais;15/08/2050;04/07/2017;5,60;5,72;3249,79;3195,15;3194,63
Tesouro IPCA+ com Juros Semestrais;15/08/2050;05/07/2017;5,58;5,70;3259,56;3204,68;3204,16
Tesouro IPCA+ com Juros Semestrais;15/08/2050;06/07/2017;5,62;5,74;3241,61;3187,24;3186,72
Tesouro IPCA+ com Juros Semestrais;15/08/2050;07/07/2017;5,61;5,73;3244,74;3190,28;3190,31
Tesouro IPCA+ com Juros Semestrais;15/08/2050;10/07/2017;5,56;5,68;3268,33;3213,25;3212,79
Tesouro IPCA+ com Juros Semestrais;15/08/2050;11/07/2017;5,60;5,72;3250,25;3195,68;3195,22
Tesouro IPCA+ com Juros Semestrais;15/08/2050;12/07/2017;5,53;5,65;3283,24;3227,79;3227,33
Tesouro IPCA+ com Juros Semestrais;15/08/2050;13/07/2017;5,53;5,65;3283,68;3228,24;3227,79
Tesouro IPCA+ com Juros Semestrais;15/08/2050;14/07/2017;5,51;5,63;3293,91;3238,21;3237,38
Tesouro IPCA+ com Juros Semestrais;15/08/2050;17/07/2017;5,48;5,60;3308,96;3252,88;3251,99
Tesouro IPCA+ com Juros Semestrais;15/08/2050;18/07/2017;5,43;5,55;3333,69;3276,95;3276,06
Tesouro IPCA+ com Juros Semestrais;15/08/2050;19/07/2017;5,38;5,50;3358,70;3301,30;3300,40
Tesouro IPCA+ com Juros Semestrais;15/08/2050;20/07/2017;5,33;5,45;3383,99;3325,91;3325,02
Tesouro IPCA+ com Juros Semestrais;15/08/2050;21/07/2017;5,28;5,40;3409,16;3350,42;3349,40
Tesouro IPCA+ com Juros Semestrais;15/08/2050;24/07/2017;5,27;5,39;3414,94;3356,06;3355,25
Tesouro IPCA+ com Juros Semestrais;15/08/2050;25/07/2017;5,29;5,41;3405,82;3347,21;3346,40
Tesouro IPCA+ com Juros Semestrais;15/08/2050;26/07/2017;5,32;5,44;3391,82;3333,62;3332,81
Tesouro IPCA+ com Juros Semestrais;15/08/2050;27/07/2017;5,27;5,39;3417,36;3358,48;3357,67
Tesouro IPCA+ com Juros Semestrais;15/08/2050;28/07/2017;5,28;5,40;3413,42;3354,67;3353,65
Tesouro IPCA+ com Juros Semestrais;15/08/2050;31/07/2017;5,31;5,43;3399,38;3341,05;3340,24
Tesouro IPCA+ com Juros Semestrais;15/08/2050;01/08/2017;5,27;5,39;3420,00;3361,12;3360,32
Tesouro IPCA+ com Juros Semestrais;15/08/2050;02/08/2017;5,29;5,41;3410,88;3352,28;3351,47
Tesouro IPCA+ com Juros Semestrais;15/08/2050;03/08/2017;5,18;5,30;3466,87;3406,74;3405,94
Tesouro IPCA+ com Juros Semestrais;15/08/2050;04/08/2017;5,13;5,25;3493,46;3432,62;3431,59
Tesouro IPCA+ com Juros Semestrais;15/08/2050;07/08/2017;5,10;5,22;3509,75;3448,48;3447,67
Tesouro IPCA+ com Juros Semestrais;15/08/2050;08/08/2017;5,14;5,26;3489,94;3429,24;3428,44
Tesouro IPCA+ com Juros Semestrais;15/08/2050;09/08/2017;5,17;5,29;3479,49;3419,15;3418,19
Tesouro IPCA+ com Juros Semestrais;15/08/2050;10/08/2017;5,20;5,32;3465,21;3405,29;3404,33
Tesouro IPCA+ com Juros Semestrais;15/08/2050;11/08/2017;5,22;5,34;3456,61;3396,96;3395,47
Tesouro IPCA+ com Juros Semestrais;15/08/2050;14/08/2017;5,23;5,35;3363,85;3304,34;3392,06
Tesouro IPCA+ com Juros Semestrais;15/08/2050;15/08/2017;5,25;5,37;3355,07;3295,82;3294,58
Tesouro IPCA+ com Juros Semestrais;15/08/2050;16/08/2017;5,17;5,29;3396,75;3336,39;3335,13
Tesouro IPCA+ com Juros Semestrais;15/08/2050;17/08/2017;5,20;5,32;3382,76;3322,81;3321,56
Tesouro IPCA+ com Juros Semestrais;15/08/2050;18/08/2017;5,19;5,31;3390,24;3330,13;3327,74
Tesouro IPCA+ com Juros Semestrais;15/08/2050;21/08/2017;5,21;5,33;3381,36;3321,52;3320,27
Tesouro IPCA+ com Juros Semestrais;15/08/2050;22/08/2017;5,25;5,37;3362,49;3303,19;3301,94
Tesouro IPCA+ com Juros Semestrais;15/08/2050;23/08/2017;5,26;5,38;3358,74;3299,57;3298,32
Tesouro IPCA+ com Juros Semestrais;15/08/2050;24/08/2017;5,25;5,37;3363,48;3304,20;3303,10
Tesouro IPCA+ com Juros Semestrais;15/08/2050;25/08/2017;5,24;5,36;3370,46;3311,01;3309,08
Tesouro IPCA+ com Juros Semestrais;15/08/2050;28/08/2017;5,24;5,36;3371,56;3312,11;3311,01
Tesouro IPCA+ com Juros Semestrais;15/08/2050;29/08/2017;5,28;5,40;3352,66;3293,76;3292,66
Tesouro IPCA+ com Juros Semestrais;15/08/2050;30/08/2017;5,27;5,39;3358,75;3299,71;3298,61
Tesouro IPCA+ com Juros Semestrais;15/08/2050;31/08/2017;5,29;5,41;3349,90;3291,13;3290,03
Tesouro IPCA+ com Juros Semestrais;15/08/2050;01/09/2017;5,21;5,33;3391,97;3332,07;3330,13
Tesouro IPCA+ com Juros Semestrais;15/08/2050;04/09/2017;5,25;5,37;3372,92;3313,58;3312,47
Tesouro IPCA+ com Juros Semestrais;15/08/2050;05/09/2017;5,17;5,29;3414,54;3354,07;3352,96
Tesouro IPCA+ com Juros Semestrais;15/08/2050;06/09/2017;5,13;5,25;3431,32;3370,36;3369,26
Tesouro IPCA+ com Juros Semestrais;15/08/2050;08/09/2017;5,08;5,20;3458,54;3396,86;3395,55
Tesouro IPCA+ com Juros Semestrais;15/08/2050;11/09/2017;5,05;5,17;3475,13;3413,01;3412,11
Tesouro IPCA+ com Juros Semestrais;15/08/2050;12/09/2017;5,08;5,20;3460,33;3398,64;3397,75
Tesouro IPCA+ com Juros Semestrais;15/08/2050;13/09/2017;5,09;5,21;3456,01;3394,47;3393,58
Tesouro IPCA+ com Juros Semestrais;15/08/2050;14/09/2017;5,08;5,20;3462,11;3400,42;3399,53
Tesouro IPCA+ com Juros Semestrais;15/08/2050;15/09/2017;5,08;5,20;3463,62;3401,92;3400,42
Tesouro IPCA+ com Juros Semestrais;15/08/2050;18/09/2017;5,08;5,20;3464,58;3402,88;3401,92
Tesouro IPCA+ com Juros Semestrais;15/08/2050;19/09/2017;5,06;5,18;3475,99;3414,00;3413,04
Tesouro IPCA+ com Juros Semestrais;15/08/2050;20/09/2017;5,06;5,18;3476,95;3414,95;3414,00
Tesouro IPCA+ com Juros Semestrais;15/08/2050;21/09/2017;5,04;5,16;3488,41;3426,12;3425,17
Tesouro IPCA+ com Juros Semestrais;15/08/2050;22/09/2017;5,04;5,16;3488,19;3425,92;3424,93
Tesouro IPCA+ com Juros Semestrais;15/08/2050;25/09/2017;5,06;5,18;3478,47;3416,50;3415,71
Tesouro IPCA+ com Juros Semestrais;15/08/2050;26/09/2017;5,08;5,20;3468,81;3407,13;3406,34
Tesouro IPCA+ com Juros Semestrais;15/08/2050;27/09/2017;5,07;5,19;3474,81;3412,99;3412,20
Tesouro IPCA+ com Juros Semestrais;15/08/2050;28/09/2017;5,06;5,18;3480,83;3418,86;3418,07
Tesouro IPCA+ com Juros Semestrais;15/08/2050;29/09/2017;5,08;5,20;3471,37;3409,69;3408,70
Tesouro IPCA+ com Juros Semestrais;15/08/2050;02/10/2017;5,08;5,20;3472,16;3410,48;3409,69
Tesouro IPCA+ com Juros Semestrais;15/08/2050;03/10/2017;5,07;5,19;3478,17;3416,34;3415,55
Tesouro IPCA+ com Juros Semestrais;15/08/2050;04/10/2017;5,06;5,18;3484,19;3422,22;3421,43
Tesouro IPCA+ com Juros Semestrais;15/08/2050;05/10/2017;5,10;5,22;3464,12;3402,73;3401,95
Tesouro IPCA+ com Juros Semestrais;15/08/2050;06/10/2017;5,15;5,27;3441,25;3380,54;3379,31
Tesouro IPCA+ com Juros Semestrais;15/08/2050;09/10/2017;5,08;5,20;3478,33;3416,62;3415,75
Tesouro IPCA+ com Juros Semestrais;15/08/2050;10/10/2017;5,04;5,16;3500,16;3437,87;3437,00
Tesouro IPCA+ com Juros Semestrais;15/08/2050;11/10/2017;5,07;5,19;3485,48;3423,62;3422,57
Tesouro IPCA+ com Juros Semestrais;15/08/2050;13/10/2017;5,11;5,23;3466,22;3404,92;3403,38
Tesouro IPCA+ com Juros Semestrais;15/08/2050;16/10/2017;5,13;5,25;3457,07;3396,05;3394,87
Tesouro IPCA+ com Juros Semestrais;15/08/2050;17/10/2017;5,10;5,22;3473,78;3412,33;3411,15
Tesouro IPCA+ com Juros Semestrais;15/08/2050;18/10/2017;5,05;5,17;3501,09;3438,91;3437,72
Tesouro IPCA+ com Juros Semestrais;15/08/2050;19/10/2017;5,08;5,20;3486,57;3424,82;3423,64
Tesouro IPCA+ com Juros Semestrais;15/08/2050;20/10/2017;5,05;5,17;3504,49;3442,28;3440,10
Tesouro IPCA+ com Juros Semestrais;15/08/2050;23/10/2017;5,05;5,17;3505,99;3443,77;3442,55
Tesouro IPCA+ com Juros Semestrais;15/08/2050;24/10/2017;5,07;5,19;3496,72;3434,79;3433,56
Tesouro IPCA+ com Juros Semestrais;15/08/2050;25/10/2017;5,12;5,24;3471,93;3410,71;3409,49
Tesouro IPCA+ com Juros Semestrais;15/08/2050;26/10/2017;5,14;5,26;3462,83;3401,89;3400,67
Tesouro IPCA+ com Juros Semestrais;15/08/2050;27/10/2017;5,27;5,39;3399,15;3340,00;3337,76
Tesouro IPCA+ com Juros Semestrais;15/08/2050;30/10/2017;5,16;5,28;3456,06;3395,37;3394,16
Tesouro IPCA+ com Juros Semestrais;15/08/2050;31/10/2017;5,26;5,38;3406,59;3347,29;3346,08
Tesouro IPCA+ com Juros Semestrais;15/08/2050;01/11/2017;5,22;5,34;3428,48;3368,61;3366,87
Tesouro IPCA+ com Juros Semestrais;15/08/2050;03/11/2017;5,30;5,42;3390,65;3331,86;3329,62
Tesouro IPCA+ com Juros Semestrais;15/08/2050;06/11/2017;5,32;5,44;3381,95;3323,43;3322,22
Tesouro IPCA+ com Juros Semestrais;15/08/2050;07/11/2017;5,35;5,47;3368,39;3310,26;3309,05
Tesouro IPCA+ com Juros Semestrais;15/08/2050;08/11/2017;5,31;5,43;3389,34;3330,67;3329,45
Tesouro IPCA+ com Juros Semestrais;15/08/2050;09/11/2017;5,28;5,40;3405,49;3346,40;3345,19
Tesouro IPCA+ com Juros Semestrais;15/08/2050;10/11/2017;5,33;5,45;3381,04;3322,64;3320,60
Tesouro IPCA+ com Juros Semestrais;15/08/2050;13/11/2017;5,34;5,46;3377,27;3319,00;3317,85
Tesouro IPCA+ com Juros Semestrais;15/08/2050;14/11/2017;5,31;5,43;3393,80;3335,11;3333,42
Tesouro IPCA+ com Juros Semestrais;15/08/2050;16/11/2017;5,38;5,50;3360,61;3302,86;3301,62
Tesouro IPCA+ com Juros Semestrais;15/08/2050;17/11/2017;5,31;5,43;3398,66;3339,93;3336,35
Tesouro IPCA+ com Juros Semestrais;15/08/2050;21/11/2017;5,28;5,40;3414,85;3355,71;3354,46
Tesouro IPCA+ com Juros Semestrais;15/08/2050;22/11/2017;5,27;5,39;3421,11;3361,82;3360,57
Tesouro IPCA+ com Juros Semestrais;15/08/2050;23/11/2017;5,27;5,39;3422,36;3363,07;3361,82
Tesouro IPCA+ com Juros Semestrais;15/08/2050;24/11/2017;5,32;5,44;3398,19;3339,59;3337,65
Tesouro IPCA+ com Juros Semestrais;15/08/2050;27/11/2017;5,34;5,46;3389,43;3331,08;3329,97
Tesouro IPCA+ com Juros Semestrais;15/08/2050;28/11/2017;5,32;5,44;3400,43;3341,81;3340,70
Tesouro IPCA+ com Juros Semestrais;15/08/2050;29/11/2017;5,29;5,41;3416,46;3357,43;3356,31
Tesouro IPCA+ com Juros Semestrais;15/08/2050;30/11/2017;5,39;5,51;3368,27;3310,58;3309,47
Tesouro IPCA+ com Juros Semestrais;15/08/2050;01/12/2017;5,42;5,54;3355,64;3298,33;3296,41
Tesouro IPCA+ com Juros Semestrais;15/08/2050;04/12/2017;5,38;5,50;3376,21;3318,37;3317,26
Tesouro IPCA+ com Juros Semestrais;15/08/2050;05/12/2017;5,42;5,54;3357,87;3300,56;3299,44
Tesouro IPCA+ com Juros Semestrais;15/08/2050;06/12/2017;5,42;5,54;3358,99;3301,67;3300,56
Tesouro IPCA+ com Juros Semestrais;15/08/2050;07/12/2017;5,47;5,59;3336,03;3279,36;3278,25
Tesouro IPCA+ com Juros Semestrais;15/08/2050;08/12/2017;5,42;5,54;3359,44;3302,14;3300,51
Tesouro IPCA+ com Juros Semestrais;15/08/2050;11/12/2017;5,40;5,52;3370,16;3312,60;3311,58
Tesouro IPCA+ com Juros Semestrais;15/08/2050;12/12/2017;5,46;5,58;3342,20;3285,42;3284,41
Tesouro IPCA+ com Juros Semestrais;15/08/2050;13/12/2017;5,40;5,52;3372,20;3314,63;3313,61
Tesouro IPCA+ com Juros Semestrais;15/08/2050;14/12/2017;5,43;5,55;3358,67;3301,50;3300,48
Tesouro IPCA+ com Juros Semestrais;15/08/2050;15/12/2017;5,46;5,58;3345,81;3289,02;3287,45
Tesouro IPCA+ com Juros Semestrais;15/08/2050;18/12/2017;5,43;5,55;3361,25;3304,06;3303,07
Tesouro IPCA+ com Juros Semestrais;15/08/2050;19/12/2017;5,47;5,59;3343,01;3286,34;3285,35
Tesouro IPCA+ com Juros Semestrais;15/08/2050;20/12/2017;5,45;5,57;3353,60;3296,67;3295,68
Tesouro IPCA+ com Juros Semestrais;15/08/2050;21/12/2017;5,41;5,53;3373,93;3316,48;3315,48
Tesouro IPCA+ com Juros Semestrais;15/08/2050;22/12/2017;5,39;5,51;3385,43;3327,69;3325,87
Tesouro IPCA+ com Juros Semestrais;15/08/2050;26/12/2017;5,44;5,56;3362,16;3305,08;3304,10
Tesouro IPCA+ com Juros Semestrais;15/08/2050;27/12/2017;5,38;5,50;3392,29;3334,41;3333,43
Tesouro IPCA+ com Juros Semestrais;15/08/2050;28/12/2017;5,41;5,53;3380,50;3323,00;3320,19
Tesouro IPCA+ com Juros Semestrais;15/08/2050;29/12/2017;5,41;5,53;3380,50;3323,00;3321,18
Tesouro IPCA+ com Juros Semestrais;15/08/2050;02/01/2018;5,41;5,53;3381,49;3323,99;3323,00
Tesouro IPCA+ com Juros Semestrais;15/08/2050;03/01/2018;5,33;5,45;3421,71;3363,14;3362,15
Tesouro IPCA+ com Juros Semestrais;15/08/2050;04/01/2018;5,34;5,46;3417,75;3359,32;3358,33
Tesouro IPCA+ com Juros Semestrais;15/08/2050;05/01/2018;5,34;5,46;3419,32;3360,87;3359,32
Tesouro IPCA+ com Juros Semestrais;15/08/2050;08/01/2018;5,32;5,44;3430,21;3371,49;3370,50
Tesouro IPCA+ com Juros Semestrais;15/08/2050;09/01/2018;5,30;5,42;3441,15;3382,16;3381,17
Tesouro IPCA+ com Juros Semestrais;15/08/2050;10/01/2018;5,32;5,44;3437,56;3378,75;3377,56
Tesouro IPCA+ com Juros Semestrais;15/08/2050;11/01/2018;5,28;5,40;3458,73;3399,37;3398,18
Tesouro IPCA+ com Juros Semestrais;15/08/2050;12/01/2018;5,22;5,34;3491,23;3431,01;3428,84
Tesouro IPCA+ com Juros Semestrais;15/08/2050;15/01/2018;5,19;5,31;3507,65;3447,00;3445,91
Tesouro IPCA+ com Juros Semestrais;15/08/2050;16/01/2018;5,23;5,35;3488,34;3428,26;3427,16
Tesouro IPCA+ com Juros Semestrais;15/08/2050;17/01/2018;5,20;5,32;3504,73;3444,22;3443,12
Tesouro IPCA+ com Juros Semestrais;15/08/2050;18/01/2018;5,22;5,34;3495,62;3435,39;3434,30
Tesouro IPCA+ com Juros Semestrais;15/08/2050;19/01/2018;5,15;5,27;3533,44;3472,21;3470,32
Tesouro IPCA+ com Juros Semestrais;15/08/2050;22/01/2018;5,19;5,31;3513,94;3453,27;3452,17
Tesouro IPCA+ com Juros Semestrais;15/08/2050;23/01/2018;5,22;5,34;3499,71;3439,46;3438,36
Tesouro IPCA+ com Juros Semestrais;15/08/2050;24/01/2018;5,22;5,34;3502,41;3442,14;3439,85
Tesouro IPCA+ com Juros Semestrais;15/08/2050;26/01/2018;5,00;5,12;3619,44;3555,98;3553,94
Tesouro IPCA+ com Juros Semestrais;15/08/2050;29/01/2018;5,06;5,18;3588,64;3526,06;3524,91
Tesouro IPCA+ com Juros Semestrais;15/08/2050;30/01/2018;5,04;5,16;3600,40;3537,52;3536,37
Tesouro IPCA+ com Juros Semestrais;15/08/2050;31/01/2018;5,04;5,16;3601,55;3538,67;3537,52
Tesouro IPCA+ com Juros Semestrais;15/08/2050;01/02/2018;5,04;5,16;3604,77;3541,86;3538,67
Tesouro IPCA+ com Juros Semestrais;15/08/2050;05/02/2018;5,11;5,23;3569,01;3507,12;3505,97
Tesouro IPCA+ com Juros Semestrais;15/08/2050;06/02/2018;5,17;5,29;3539,00;3477,96;3476,82
Tesouro IPCA+ com Juros Semestrais;15/08/2050;07/02/2018;5,10;5,22;3576,56;3514,51;3513,36
Tesouro IPCA+ com Juros Semestrais;15/08/2050;08/02/2018;5,12;5,24;3564,39;3502,68;3501,64
Tesouro IPCA+ com Juros Semestrais;15/08/2050;09/02/2018;5,14;5,26;3556,35;3494,90;3492,56
Tesouro IPCA+ com Juros Semestrais;15/08/2050;14/02/2018;5,15;5,27;3461,92;3400,61;3489,86
Tesouro IPCA+ com Juros Semestrais;15/08/2050;15/02/2018;5,17;5,29;3452,77;3391,74;3390,56
Tesouro IPCA+ com Juros Semestrais;15/08/2050;16/02/2018;5,08;5,20;3501,86;3439,51;3437,35
Tesouro IPCA+ com Juros Semestrais;15/08/2050;19/02/2018;5,05;5,17;3518,91;3456,12;3454,94
Tesouro IPCA+ com Juros Semestrais;15/08/2050;20/02/2018;5,06;5,18;3514,80;3452,15;3450,97
Tesouro IPCA+ com Juros Semestrais;15/08/2050;21/02/2018;5,08;5,20;3505,42;3443,06;3441,88
Tesouro IPCA+ com Juros Semestrais;15/08/2050;22/02/2018;5,13;5,25;3480,42;3418,77;3417,59
Tesouro IPCA+ com Juros Semestrais;15/08/2050;23/02/2018;5,04;5,16;3529,99;3467,02;3464,84
Tesouro IPCA+ com Juros Semestrais;15/08/2050;26/02/2018;5,09;5,21;3504,73;3442,48;3441,29
Tesouro IPCA+ com Juros Semestrais;15/08/2050;27/02/2018;5,06;5,18;3520,62;3457,94;3456,84
Tesouro IPCA+ com Juros Semestrais;15/08/2050;28/02/2018;5,04;5,16;3532,34;3469,37;3468,27
Tesouro IPCA+ com Juros Semestrais;15/08/2050;01/03/2018;5,10;5,22;3501,73;3439,64;3438,54
Tesouro IPCA+ com Juros Semestrais;15/08/2050;02/03/2018;5,05;5,17;3530,06;3467,22;3465,30
Tesouro IPCA+ com Juros Semestrais;15/08/2050;05/03/2018;5,01;5,13;3552,51;3489,07;3487,97
Tesouro IPCA+ com Juros Semestrais;15/08/2050;06/03/2018;5,00;5,12;3558,99;3495,40;3494,29
Tesouro IPCA+ com Juros Semestrais;15/08/2050;07/03/2018;5,05;5,17;3533,38;3470,52;3469,42
Tesouro IPCA+ com Juros Semestrais;15/08/2050;08/03/2018;5,04;5,16;3539,80;3476,80;3475,69
Tesouro IPCA+ com Juros Semestrais;15/08/2050;09/03/2018;5,04;5,16;3541,43;3478,41;3476,53
Tesouro IPCA+ com Juros Semestrais;15/08/2050;12/03/2018;5,03;5,15;3547,86;3484,69;3483,60
Tesouro IPCA+ com Juros Semestrais;15/08/2050;13/03/2018;5,05;5,17;3538,30;3475,42;3474,33
Tesouro IPCA+ com Juros Semestrais;15/08/2050;14/03/2018;5,04;5,16;3544,72;3481,69;3480,59
Tesouro IPCA+ com Juros Semestrais;15/08/2050;15/03/2018;5,03;5,15;3550,90;3487,73;3486,87
Tesouro IPCA+ com Juros Semestrais;15/08/2050;16/03/2018;5,02;5,14;3557,42;3494,09;3492,92
Tesouro IPCA+ com Juros Semestrais;15/08/2050;19/03/2018;5,02;5,14;3558,27;3494,94;3494,09
Tesouro IPCA+ com Juros Semestrais;15/08/2050;20/03/2018;5,05;5,17;3543,13;3480,24;3479,39
Tesouro IPCA+ com Juros Semestrais;15/08/2050;21/03/2018;5,11;5,23;3512,32;3450,30;3449,44
Tesouro IPCA+ com Juros Semestrais;15/08/2050;22/03/2018;5,01;5,13;3566,19;3502,71;3501,86
Tesouro IPCA+ com Juros Semestrais;15/08/2050;23/03/2018;5,07;5,19;3535,40;3472,80;3471,63
Tesouro IPCA+ com Juros Semestrais;15/08/2050;26/03/2018;5,03;5,15;3557,37;3494,19;3493,35
Tesouro IPCA+ com Juros Semestrais;15/08/2050;27/03/2018;5,08;5,20;3531,68;3469,23;3468,38
Tesouro IPCA+ com Juros Semestrais;15/08/2050;28/03/2018;5,09;5,21;3527,25;3464,94;3464,10
Tesouro IPCA+ com Juros Semestrais;15/08/2050;29/03/2018;5,18;5,30;3481,64;3420,61;3419,34
Tesouro IPCA+ com Juros Semestrais;15/08/2050;02/04/2018;5,15;5,27;3498,01;3436,56;3435,71
Tesouro IPCA+ com Juros Semestrais;15/08/2050;03/04/2018;5,14;5,26;3504,05;3442,46;3441,61
Tesouro IPCA+ com Juros Semestrais;15/08/2050;04/04/2018;5,26;5,38;3443,30;3383,39;3382,55
Tesouro IPCA+ com Juros Semestrais;15/08/2050;05/04/2018;5,12;5,24;3516,17;3454,29;3453,45
Tesouro IPCA+ com Juros Semestrais;15/08/2050;06/04/2018;5,22;5,34;3465,62;3405,15;3404,02
Tesouro IPCA+ com Juros Semestrais;15/08/2050;09/04/2018;5,22;5,34;3466,46;3406,00;3405,15
Tesouro IPCA+ com Juros Semestrais;15/08/2050;10/04/2018;5,20;5,32;3476,34;3415,62;3414,82
Tesouro IPCA+ com Juros Semestrais;15/08/2050;11/04/2018;5,24;5,36;3456,71;3396,55;3395,75
Tesouro IPCA+ com Juros Semestrais;15/08/2050;12/04/2018;5,15;5,27;3503,74;3442,32;3441,52
Tesouro IPCA+ com Juros Semestrais;15/08/2050;13/04/2018;5,18;5,30;3489,50;3428,49;3427,23
Tesouro IPCA+ com Juros Semestrais;15/08/2050;16/04/2018;5,16;5,28;3500,90;3439,61;3438,54
Tesouro IPCA+ com Juros Semestrais;15/08/2050;17/04/2018;5,15;5,27;3507,16;3445,72;3444,65
Tesouro IPCA+ com Juros Semestrais;15/08/2050;18/04/2018;5,15;5,27;3508,24;3446,79;3445,72
Tesouro IPCA+ com Juros Semestrais;15/08/2050;19/04/2018;5,14;5,26;3514,51;3452,92;3451,85
Tesouro IPCA+ com Juros Semestrais;15/08/2050;20/04/2018;5,15;5,27;3511,13;3449,67;3447,86
Tesouro IPCA+ com Juros Semestrais;15/08/2050;23/04/2018;5,18;5,30;3496,26;3435,22;3434,20
Tesouro IPCA+ com Juros Semestrais;15/08/2050;24/04/2018;5,19;5,31;3492,13;3431,24;3430,21
Tesouro IPCA+ com Juros Semestrais;15/08/2050;25/04/2018;5,30;5,42;3437,27;3377,90;3376,88
Tesouro IPCA+ com Juros Semestrais;15/08/2050;26/04/2018;5,20;5,32;3489,05;3428,29;3427,26
Tesouro IPCA+ com Juros Semestrais;15/08/2050;27/04/2018;5,17;5,29;3506,18;3444,99;3443,32
Tesouro IPCA+ com Juros Semestrais;15/08/2050;30/04/2018;5,23;5,35;3476,72;3416,36;3415,02
Tesouro IPCA+ com Juros Semestrais;15/08/2050;02/05/2018;5,26;5,38;3462,50;3402,56;3401,53
Tesouro IPCA+ com Juros Semestrais;15/08/2050;03/05/2018;5,23;5,35;3478,78;3418,41;3417,39
Tesouro IPCA+ com Juros Semestrais;15/08/2050;04/05/2018;5,31;5,43;3440,02;3380,74;3379,08
Tesouro IPCA+ com Juros Semestrais;15/08/2050;07/05/2018;5,28;5,40;3456,12;3396,43;3395,40
Tesouro IPCA+ com Juros Semestrais;15/08/2050;08/05/2018;5,32;5,44;3437,07;3377,92;3376,90
Tesouro IPCA+ com Juros Semestrais;15/08/2050;09/05/2018;5,44;5,56;3378,95;3321,40;3320,37
Tesouro IPCA+ com Juros Semestrais;15/08/2050;10/05/2018;5,38;5,50;3407,58;3349,26;3348,31
Tesouro IPCA+ com Juros Semestrais;15/08/2050;11/05/2018;5,32;5,44;3438,80;3379,67;3378,22
Tesouro IPCA+ com Juros Semestrais;15/08/2050;14/05/2018;5,37;5,49;3414,93;3356,46;3355,51
Tesouro IPCA+ com Juros Semestrais;15/08/2050;15/05/2018;5,49;5,61;3357,58;3300,69;3299,58
Tesouro IPCA+ com Juros Semestrais;15/08/2050;16/05/2018;5,36;5,48;3422,10;3363,50;3362,39
Tesouro IPCA+ com Juros Semestrais;15/08/2050;17/05/2018;5,33;5,45;3438,12;3379,11;3378,00
Tesouro IPCA+ com Juros Semestrais;15/08/2050;18/05/2018;5,48;5,60;3366,53;3309,49;3307,59
Tesouro IPCA+ com Juros Semestrais;15/08/2050;21/05/2018;5,53;5,65;3343,69;3287,28;3286,18
Tesouro IPCA+ com Juros Semestrais;15/08/2050;22/05/2018;5,48;5,60;3368,76;3311,71;3310,60
Tesouro IPCA+ com Juros Semestrais;15/08/2050;23/05/2018;5,54;5,66;3341,15;3284,87;3283,76
Tesouro IPCA+ com Juros Semestrais;15/08/2050;24/05/2018;5,54;5,66;3342,26;3285,98;3284,87
Tesouro IPCA+ com Juros Semestrais;15/08/2050;25/05/2018;5,47;5,59;3375,76;3318,58;3317,13
Tesouro IPCA+ com Juros Semestrais;15/08/2050;28/05/2018;5,58;5,70;3324,25;3268,49;3267,53
Tesouro IPCA+ com Juros Semestrais;15/08/2050;29/05/2018;5,63;5,75;3301,80;3246,66;3245,70
Tesouro IPCA+ com Juros Semestrais;15/08/2050;30/05/2018;5,60;5,72;3317,02;3261,51;3260,31
Tesouro IPCA+ com Juros Semestrais;15/08/2050;01/06/2018;5,65;5,77;3295,16;3240,26;3238,82
Tesouro IPCA+ com Juros Semestrais;15/08/2050;04/06/2018;5,60;5,72;3319,44;3263,92;3262,95
Tesouro IPCA+ com Juros Semestrais;15/08/2050;05/06/2018;5,80;5,92;3228,69;3175,61;3174,64
Tesouro IPCA+ com Juros Semestrais;15/08/2050;06/06/2018;5,88;6,00;3194,10;3141,96;3141,00
Tesouro IPCA+ com Juros Semestrais;15/08/2050;07/06/2018;5,94;6,06;3168,82;3117,37;3116,41
Tesouro IPCA+ com Juros Semestrais;15/08/2050;08/06/2018;5,84;5,96;3218,94;3166,24;3164,29
Tesouro IPCA+ com Juros Semestrais;15/08/2050;11/06/2018;5,75;5,87;3260,55;3206,77;3205,64
Tesouro IPCA+ com Juros Semestrais;15/08/2050;12/06/2018;5,87;5,99;3207,91;3155,56;3154,42
Tesouro IPCA+ com Juros Semestrais;15/08/2050;13/06/2018;5,90;6,02;3195,83;3143,82;3142,69
Tesouro IPCA+ com Juros Semestrais;15/08/2050;14/06/2018;5,81;5,93;3236,91;3183,84;3182,70
Tesouro IPCA+ com Juros Semestrais;15/08/2050;15/06/2018;5,92;6,04;3191,73;3139,90;3136,42
Tesouro IPCA+ com Juros Semestrais;15/08/2050;18/06/2018;5,94;6,06;3184,65;3133,04;3131,40
Tesouro IPCA+ com Juros Semestrais;15/08/2050;19/06/2018;5,92;6,04;3195,05;3143,20;3141,55
Tesouro IPCA+ com Juros Semestrais;15/08/2050;20/06/2018;5,73;5,85;3281,73;3227,61;3225,95
Tesouro IPCA+ com Juros Semestrais;15/08/2050;21/06/2018;5,88;6,00;3215,98;3163,64;3161,98
Tesouro IPCA+ com Juros Semestrais;15/08/2050;22/06/2018;5,92;6,04;3201,91;3149,99;3146,50
Tesouro IPCA+ com Juros Semestrais;15/08/2050;25/06/2018;5,92;6,04;3207,77;3155,76;3153,73
Tesouro IPCA+ com Juros Semestrais;15/08/2050;26/06/2018;5,81;5,93;3258,74;3205,42;3203,38
Tesouro IPCA+ com Juros Semestrais;15/08/2050;27/06/2018;5,89;6,01;3225,10;3172,71;3170,67
Tesouro IPCA+ com Juros Semestrais;15/08/2050;28/06/2018;5,91;6,03;3218,32;3166,15;3164,11
Tesouro IPCA+ com Juros Semestrais;15/08/2050;29/06/2018;5,87;5,99;3240,75;3188,05;3183,38
Tesouro IPCA+ com Juros Semestrais;15/08/2050;02/07/2018;5,80;5,92;3274,23;3220,67;3218,62
Tesouro IPCA+ com Juros Semestrais;15/08/2050;03/07/2018;5,78;5,90;3285,38;3231,56;3229,50
Tesouro IPCA+ com Juros Semestrais;15/08/2050;04/07/2018;5,80;5,92;3278,39;3224,79;3222,73
Tesouro IPCA+ com Juros Semestrais;15/08/2050;05/07/2018;5,76;5,88;3298,66;3244,57;3242,50
Tesouro IPCA+ com Juros Semestrais;15/08/2050;06/07/2018;5,81;5,93;3283,34;3229,76;3222,90
Tesouro IPCA+ com Juros Semestrais;15/08/2050;10/07/2018;5,74;5,86;3317,40;3262,94;3260,84
Tesouro IPCA+ com Juros Semestrais;15/08/2050;11/07/2018;5,73;5,85;3324,12;3269,52;3267,42
Tesouro IPCA+ com Juros Semestrais;15/08/2050;12/07/2018;5,75;5,87;3317,04;3262,67;3260,57
Tesouro IPCA+ com Juros Semestrais;15/08/2050;13/07/2018;5,77;5,89;3311,77;3257,59;3253,75
Tesouro IPCA+ com Juros Semestrais;15/08/2050;16/07/2018;5,77;5,89;3312,90;3258,72;3257,59
Tesouro IPCA+ com Juros Semestrais;15/08/2050;17/07/2018;5,82;5,94;3291,28;3237,70;3236,57
Tesouro IPCA+ com Juros Semestrais;15/08/2050;18/07/2018;5,78;5,90;3310,60;3256,53;3255,40
Tesouro IPCA+ com Juros Semestrais;15/08/2050;19/07/2018;5,82;5,94;3293,54;3239,95;3238,83
Tesouro IPCA+ com Juros Semestrais;15/08/2050;20/07/2018;5,65;5,77;3373,91;3318,22;3316,30
Tesouro IPCA+ com Juros Semestrais;15/08/2050;23/07/2018;5,69;5,81;3355,64;3300,46;3299,40
Tesouro IPCA+ com Juros Semestrais;15/08/2050;24/07/2018;5,71;5,83;3347,40;3292,46;3291,40
Tesouro IPCA+ com Juros Semestrais;15/08/2050;25/07/2018;5,67;5,79;3367,11;3311,67;3310,61
Tesouro IPCA+ com Juros Semestrais;15/08/2050;26/07/2018;5,69;5,81;3358,82;3303,63;3302,57
Tesouro IPCA+ com Juros Semestrais;15/08/2050;27/07/2018;5,69;5,81;3360,54;3305,33;3303,63
Tesouro IPCA+ com Juros Semestrais;15/08/2050;30/07/2018;5,69;5,81;3361,60;3306,39;3305,33
Tesouro IPCA+ com Juros Semestrais;15/08/2050;31/07/2018;5,71;5,83;3353,36;3298,40;3297,33
Tesouro IPCA+ com Juros Semestrais;15/08/2050;01/08/2018;5,73;5,85;3345,16;3290,44;3289,38
Tesouro IPCA+ com Juros Semestrais;15/08/2050;02/08/2018;5,73;5,85;3346,22;3291,50;3290,44
Tesouro IPCA+ com Juros Semestrais;15/08/2050;03/08/2018;5,65;5,77;3385,25;3329,52;3327,82
Tesouro IPCA+ com Juros Semestrais;15/08/2050;06/08/2018;5,60;5,72;3409,98;3353,62;3352,56
Tesouro IPCA+ com Juros Semestrais;15/08/2050;07/08/2018;5,62;5,74;3401,55;3345,44;3344,38
Tesouro IPCA+ com Juros Semestrais;15/08/2050;08/08/2018;5,64;5,76;3393,98;3338,10;3337,01
Tesouro IPCA+ com Juros Semestrais;15/08/2050;09/08/2018;5,76;5,88;3339,20;3284,81;3283,71
Tesouro IPCA+ com Juros Semestrais;15/08/2050;10/08/2018;5,81;5,93;3318,16;3264,36;3262,57
Tesouro IPCA+ com Juros Semestrais;15/08/2050;13/08/2018;5,89;6,01;3283,22;3230,37;3229,28
Tesouro IPCA+ com Juros Semestrais;15/08/2050;14/08/2018;5,59;5,71;3330,18;3273,65;3365,21
Tesouro IPCA+ com Juros Semestrais;15/08/2050;15/08/2018;5,70;5,82;3279,05;3223,90;3223,15
Tesouro IPCA+ com Juros Semestrais;15/08/2050;16/08/2018;5,55;5,67;3350,86;3293,83;3293,07
Tesouro IPCA+ com Juros Semestrais;15/08/2050;17/08/2018;5,68;5,80;3289,96;3234,56;3233,75
Tesouro IPCA+ com Juros Semestrais;15/08/2050;20/08/2018;5,62;5,74;3318,97;3262,83;3262,07
Tesouro IPCA+ com Juros Semestrais;15/08/2050;21/08/2018;5,67;5,79;3296,15;3240,63;3239,88
Tesouro IPCA+ com Juros Semestrais;15/08/2050;22/08/2018;5,87;5,99;3205,20;3152,12;3151,36
Tesouro IPCA+ com Juros Semestrais;15/08/2050;23/08/2018;5,66;5,78;3302,35;3246,71;3245,96
Tesouro IPCA+ com Juros Semestrais;15/08/2050;24/08/2018;5,72;5,84;3274,78;3219,90;3219,17
Tesouro IPCA+ com Juros Semestrais;15/08/2050;27/08/2018;5,67;5,79;3298,81;3243,31;3242,59
Tesouro IPCA+ com Juros Semestrais;15/08/2050;28/08/2018;5,74;5,86;3266,98;3212,34;3211,62
Tesouro IPCA+ com Juros Semestrais;15/08/2050;29/08/2018;5,80;5,92;3240,20;3186,30;3185,57
Tesouro IPCA+ com Juros Semestrais;15/08/2050;30/08/2018;5,78;5,90;3250,05;3195,91;3195,18
Tesouro IPCA+ com Juros Semestrais;15/08/2050;31/08/2018;5,84;5,96;3223,52;3170,11;3169,38
Tesouro IPCA+ com Juros Semestrais;15/08/2050;03/09/2018;5,90;6,02;3197,36;3144,65;3143,93
Tesouro IPCA+ com Juros Semestrais;15/08/2050;04/09/2018;5,88;6,00;3207,01;3154,07;3153,34
Tesouro IPCA+ com Juros Semestrais;15/08/2050;05/09/2018;5,91;6,03;3194,37;3141,78;3141,05
Tesouro IPCA+ com Juros Semestrais;15/08/2050;06/09/2018;5,83;5,95;3228,51;3175,02;3174,66
Tesouro IPCA+ com Juros Semestrais;15/08/2050;10/09/2018;5,77;5,89;3256,42;3202,22;3201,58
Tesouro IPCA+ com Juros Semestrais;15/08/2050;11/09/2018;5,92;6,04;3189,53;3137,10;3136,47
Tesouro IPCA+ com Juros Semestrais;15/08/2050;12/09/2018;5,80;5,92;3244,00;3190,16;3189,53
Tesouro IPCA+ com Juros Semestrais;15/08/2050;13/09/2018;5,85;5,97;3222,03;3168,79;3168,15
Tesouro IPCA+ com Juros Semestrais;15/08/2050;14/09/2018;5,85;5,97;3223,35;3170,10;3168,79
Tesouro IPCA+ com Juros Semestrais;15/08/2050;17/09/2018;5,95;6,07;3179,95;3127,87;3126,80
Tesouro IPCA+ com Juros Semestrais;15/08/2050;18/09/2018;5,92;6,04;3194,26;3141,82;3140,76
Tesouro IPCA+ com Juros Semestrais;15/08/2050;19/09/2018;5,92;6,04;3195,32;3142,89;3141,82
Tesouro IPCA+ com Juros Semestrais;15/08/2050;20/09/2018;5,90;6,02;3205,27;3152,60;3151,53
Tesouro IPCA+ com Juros Semestrais;15/08/2050;21/09/2018;5,86;5,98;3224,90;3171,74;3170,00
Tesouro IPCA+ com Juros Semestrais;15/08/2050;24/09/2018;5,94;6,06;3191,22;3138,98;3137,84
Tesouro IPCA+ com Juros Semestrais;15/08/2050;25/09/2018;5,99;6,11;3170,44;3118,77;3117,63
Tesouro IPCA+ com Juros Semestrais;15/08/2050;26/09/2018;5,96;6,08;3184,73;3132,71;3131,56
Tesouro IPCA+ com Juros Semestrais;15/08/2050;27/09/2018;5,94;6,06;3194,69;3142,44;3141,29
Tesouro IPCA+ com Juros Semestrais;15/08/2050;28/09/2018;5,95;6,07;3192,29;3140,13;3138,15
Tesouro IPCA+ com Juros Semestrais;15/08/2050;01/10/2018;5,95;6,07;3193,45;3141,29;3140,13
Tesouro IPCA+ com Juros Semestrais;15/08/2050;02/10/2018;5,87;5,99;3230,16;3177,06;3175,91
Tesouro IPCA+ com Juros Semestrais;15/08/2050;03/10/2018;5,74;5,86;3290,47;3235,81;3234,65
Tesouro IPCA+ com Juros Semestrais;15/08/2050;04/10/2018;5,81;5,93;3259,57;3205,75;3204,59
Tesouro IPCA+ com Juros Semestrais;15/08/2050;05/10/2018;5,60;5,72;3361,42;3304,96;3302,65
Tesouro IPCA+ com Juros Semestrais;15/08/2050;08/10/2018;5,45;5,57;3435,46;3377,04;3375,78
Tesouro IPCA+ com Juros Semestrais;15/08/2050;09/10/2018;5,46;5,58;3431,80;3373,51;3372,25
Tesouro IPCA+ com Juros Semestrais;15/08/2050;10/10/2018;5,40;5,52;3462,82;3403,73;3402,46
Tesouro IPCA+ com Juros Semestrais;15/08/2050;11/10/2018;5,35;5,47;3490,87;3431,07;3428,16
Tesouro IPCA+ com Juros Semestrais;15/08/2050;15/10/2018;5,34;5,46;3497,20;3437,25;3435,99
Tesouro IPCA+ com Juros Semestrais;15/08/2050;16/10/2018;5,23;5,35;3554,88;3493,41;3492,14
Tesouro IPCA+ com Juros Semestrais;15/08/2050;17/10/2018;5,24;5,36;3550,97;3489,64;3488,37
Tesouro IPCA+ com Juros Semestrais;15/08/2050;18/10/2018;5,23;5,35;3557,44;3495,96;3494,69
Tesouro IPCA+ com Juros Semestrais;15/08/2050;19/10/2018;5,21;5,33;3570,26;3508,47;3506,09
Tesouro IPCA+ com Juros Semestrais;15/08/2050;22/10/2018;5,18;5,30;3587,26;3525,04;3523,76
Tesouro IPCA+ com Juros Semestrais;15/08/2050;23/10/2018;5,18;5,30;3588,54;3526,32;3525,04
Tesouro IPCA+ com Juros Semestrais;15/08/2050;24/10/2018;5,21;5,33;3574,68;3512,87;3511,53
Tesouro IPCA+ com Juros Semestrais;15/08/2050;25/10/2018;5,22;5,34;3570,81;3509,13;3507,79
Tesouro IPCA+ com Juros Semestrais;15/08/2050;26/10/2018;5,20;5,32;3583,84;3521,85;3519,29
Tesouro IPCA+ com Juros Semestrais;15/08/2050;29/10/2018;5,02;5,14;3681,45;3616,83;3615,49
Tesouro IPCA+ com Juros Semestrais;15/08/2050;30/10/2018;5,13;5,25;3623,50;3560,49;3559,15
Tesouro IPCA+ com Juros Semestrais;15/08/2050;31/10/2018;5,13;5,25;3624,85;3561,83;3560,49
Tesouro IPCA+ com Juros Semestrais;15/08/2050;01/11/2018;5,12;5,24;3633,42;3570,22;3567,02
Tesouro IPCA+ com Juros Semestrais;15/08/2050;05/11/2018;5,15;5,27;3618,81;3556,03;3554,69
Tesouro IPCA+ com Juros Semestrais;15/08/2050;06/11/2018;5,18;5,30;3604,30;3541,94;3540,60
Tesouro IPCA+ com Juros Semestrais;15/08/2050;07/11/2018;5,10;5,22;3645,66;3582,18;3580,94
Tesouro IPCA+ com Juros Semestrais;15/08/2050;08/11/2018;5,20;5,32;3593,89;3531,84;3530,61
Tesouro IPCA+ com Juros Semestrais;15/08/2050;09/11/2018;5,24;5,36;3575,29;3513,79;3511,54
Tesouro IPCA+ com Juros Semestrais;15/08/2050;12/11/2018;5,15;5,27;3623,78;3561,00;3559,76
Tesouro IPCA+ com Juros Semestrais;15/08/2050;13/11/2018;5,18;5,30;3609,17;3546,81;3545,57
Tesouro IPCA+ com Juros Semestrais;15/08/2050;14/11/2018;5,20;5,32;3599,84;3537,76;3536,58
Tesouro IPCA+ com Juros Semestrais;15/08/2050;16/11/2018;5,10;5,22;3653,43;3589,92;3589,38
Tesouro IPCA+ com Juros Semestrais;15/08/2050;19/11/2018;5,12;5,24;3644,05;3580,84;3579,51
Tesouro IPCA+ com Juros Semestrais;15/08/2050;20/11/2018;5,11;5,23;3649,40;3586,04;3585,37
Tesouro IPCA+ com Juros Semestrais;15/08/2050;21/11/2018;5,13;5,25;3639,38;3576,32;3575,65
Tesouro IPCA+ com Juros Semestrais;15/08/2050;22/11/2018;5,06;5,18;3677,63;3613,55;3612,89
Tesouro IPCA+ com Juros Semestrais;15/08/2050;23/11/2018;5,00;5,12;3710,87;3645,91;3645,37
Tesouro IPCA+ com Juros Semestrais;15/08/2050;26/11/2018;5,00;5,12;3711,08;3646,13;3645,51
Tesouro IPCA+ com Juros Semestrais;15/08/2050;27/11/2018;5,12;5,24;3646,76;3583,58;3582,96
Tesouro IPCA+ com Juros Semestrais;15/08/2050;28/11/2018;5,02;5,14;3701,37;3636,74;3636,11
Tesouro IPCA+ com Juros Semestrais;15/08/2050;29/11/2018;5,12;5,24;3648,01;3584,85;3584,21
Tesouro IPCA+ com Juros Semestrais;15/08/2050;30/11/2018;5,04;5,16;3691,52;3627,20;3626,76
Tesouro IPCA+ com Juros Semestrais;15/08/2050;03/12/2018;5,00;5,12;3713,98;3649,07;3648,44
Tesouro IPCA+ com Juros Semestrais;15/08/2050;04/12/2018;5,11;5,23;3655,03;3591,74;3591,11
Tesouro IPCA+ com Juros Semestrais;15/08/2050;05/12/2018;5,06;5,18;3682,55;3618,53;3617,90
Tesouro IPCA+ com Juros Semestrais;15/08/2050;06/12/2018;5,15;5,27;3635,00;3572,30;3571,66
Tesouro IPCA+ com Juros Semestrais;15/08/2050;07/12/2018;5,00;5,12;3712,23;3647,42;3647,46
Tesouro IPCA+ com Juros Semestrais;15/08/2050;10/12/2018;5,09;5,21;3663,92;3600,43;3599,96
Tesouro IPCA+ com Juros Semestrais;15/08/2050;11/12/2018;5,07;5,19;3675,13;3611,37;3610,90
Tesouro IPCA+ com Juros Semestrais;15/08/2050;12/12/2018;5,04;5,16;3691,81;3627,62;3627,14
Tesouro IPCA+ com Juros Semestrais;15/08/2050;13/12/2018;5,05;5,17;3686,86;3622,82;3622,34
Tesouro IPCA+ com Juros Semestrais;15/08/2050;14/12/2018;5,06;5,18;3682,15;3618,26;3617,56
Tesouro IPCA+ com Juros Semestrais;15/08/2050;17/12/2018;5,02;5,14;3704,68;3640,20;3639,36
Tesouro IPCA+ com Juros Semestrais;15/08/2050;18/12/2018;5,00;5,12;3716,44;3651,67;3650,83
Tesouro IPCA+ com Juros Semestrais;15/08/2050;19/12/2018;4,99;5,11;3722,76;3657,84;3657,00
Tesouro IPCA+ com Juros Semestrais;15/08/2050;20/12/2018;4,96;5,08;3740,11;3674,74;3673,90
Tesouro IPCA+ com Juros Semestrais;15/08/2050;21/12/2018;4,98;5,10;3731,13;3666,06;3664,02
Tesouro IPCA+ com Juros Semestrais;15/08/2050;24/12/2018;4,97;5,09;3736,64;3671,42;3670,46
Tesouro IPCA+ com Juros Semestrais;15/08/2050;26/12/2018;4,95;5,07;3748,52;3683,00;3682,16
Tesouro IPCA+ com Juros Semestrais;15/08/2050;27/12/2018;4,96;5,08;3743,83;3678,47;3677,63
Tesouro IPCA+ com Juros Semestrais;15/08/2050;28/12/2018;4,95;5,07;3751,40;3685,89;3683,84
Tesouro IPCA+ com Juros Semestrais;15/08/2050;02/01/2019;4,89;5,01;3785,69;3719,26;3718,42
Tesouro IPCA+ com Juros Semestrais;15/08/2050;03/01/2019;4,89;5,01;3786,53;3720,10;3719,26
Tesouro IPCA+ com Juros Semestrais;15/08/2050;04/01/2019;4,87;4,99;3798,86;3732,13;3731,04
Tesouro IPCA+ com Juros Semestrais;15/08/2050;07/01/2019;4,74;4,86;3874,12;3805,35;3804,51
Tesouro IPCA+ com Juros Semestrais;15/08/2050;08/01/2019;4,70;4,82;3898,31;3828,90;3828,06
Tesouro IPCA+ com Juros Semestrais;15/08/2050;09/01/2019;4,68;4,80;3910,90;3841,17;3840,33
Tesouro IPCA+ com Juros Semestrais;15/08/2050;10/01/2019;4,62;4,74;3947,34;3876,63;3875,79
Tesouro IPCA+ com Juros Semestrais;15/08/2050;11/01/2019;4,58;4,70;3974,36;3902,95;3901,68
Tesouro IPCA+ com Juros Semestrais;15/08/2050;14/01/2019;4,63;4,75;3945,26;3874,69;3873,78
Tesouro IPCA+ com Juros Semestrais;15/08/2050;15/01/2019;4,53;4,65;4006,83;3934,58;3933,36
Tesouro IPCA+ com Juros Semestrais;15/08/2050;16/01/2019;4,56;4,68;3989,80;3918,05;3916,83
Tesouro IPCA+ com Juros Semestrais;15/08/2050;17/01/2019;4,57;4,69;3984,96;3913,38;3912,16
Tesouro IPCA+ com Juros Semestrais;15/08/2050;18/01/2019;4,54;4,66;4005,43;3933,31;3931,08
Tesouro IPCA+ com Juros Semestrais;15/08/2050;21/01/2019;4,58;4,70;3982,38;3910,94;3909,72
Tesouro IPCA+ com Juros Semestrais;15/08/2050;22/01/2019;4,53;4,65;4013,97;3941,68;3940,47
Tesouro IPCA+ com Juros Semestrais;15/08/2050;23/01/2019;4,58;4,70;3984,83;3913,37;3912,16
Tesouro IPCA+ com Juros Semestrais;15/08/2050;24/01/2019;4,55;4,67;4006,31;3934,34;3930,93
Tesouro IPCA+ com Juros Semestrais;15/08/2050;25/01/2019;4,56;4,68;4000,24;3928,43;3926,23
Tesouro IPCA+ com Juros Semestrais;15/08/2050;28/01/2019;4,57;4,69;3995,39;3923,74;3922,53
Tesouro IPCA+ com Juros Semestrais;15/08/2050;29/01/2019;4,54;4,66;4014,82;3942,67;3941,46
Tesouro IPCA+ com Juros Semestrais;15/08/2050;30/01/2019;4,50;4,62;4040,54;3967,71;3966,50
Tesouro IPCA+ com Juros Semestrais;15/08/2050;31/01/2019;4,42;4,54;4091,47;4017,25;4016,04
Tesouro IPCA+ com Juros Semestrais;15/08/2050;01/02/2019;4,44;4,56;4081,19;4007,30;4005,08
Tesouro IPCA+ com Juros Semestrais;15/08/2050;04/02/2019;4,42;4,54;4094,93;4020,68;4019,47
Tesouro IPCA+ com Juros Semestrais;15/08/2050;05/02/2019;4,43;4,55;4089,88;4015,80;4014,59
Tesouro IPCA+ com Juros Semestrais;15/08/2050;06/02/2019;4,51;4,63;4041,48;3968,77;3967,56
Tesouro IPCA+ com Juros Semestrais;15/08/2050;07/02/2019;4,51;4,63;4042,69;3969,99;3968,77
Tesouro IPCA+ com Juros Semestrais;15/08/2050;08/02/2019;4,53;4,65;4030,21;3957,86;3955,93
Tesouro IPCA+ com Juros Semestrais;15/08/2050;11/02/2019;4,57;4,69;4006,99;3935,32;3934,20
Tesouro IPCA+ com Juros Semestrais;15/08/2050;12/02/2019;4,57;4,69;4008,12;3936,44;3935,32
Tesouro IPCA+ com Juros Semestrais;15/08/2050;13/02/2019;4,51;4,63;4045,84;3973,15;3972,03
Tesouro IPCA+ com Juros Semestrais;15/08/2050;14/02/2019;4,49;4,61;3965,59;3892,56;3985,13
Tesouro IPCA+ com Juros Semestrais;15/08/2050;15/02/2019;4,44;4,56;3998,78;3924,86;3922,74
Tesouro IPCA+ com Juros Semestrais;15/08/2050;18/02/2019;4,41;4,53;4018,76;3944,32;3943,15
Tesouro IPCA+ com Juros Semestrais;15/08/2050;19/02/2019;4,38;4,50;4038,88;3963,91;3962,73
Tesouro IPCA+ com Juros Semestrais;15/08/2050;20/02/2019;4,38;4,50;4040,05;3965,08;3963,91
Tesouro IPCA+ com Juros Semestrais;15/08/2050;21/02/2019;4,48;4,60;3978,60;3905,36;3904,19
Tesouro IPCA+ com Juros Semestrais;15/08/2050;22/02/2019;4,47;4,59;3986,94;3913,50;3911,38
Tesouro IPCA+ com Juros Semestrais;15/08/2050;25/02/2019;4,44;4,56;4006,80;3932,84;3931,67
Tesouro IPCA+ com Juros Semestrais;15/08/2050;26/02/2019;4,50;4,62;3970,74;3897,81;3896,64
Tesouro IPCA+ com Juros Semestrais;15/08/2050;27/02/2019;4,49;4,61;3978,08;3904,98;3903,81
Tesouro IPCA+ com Juros Semestrais;15/08/2050;28/02/2019;4,47;4,59;3991,64;3918,19;3917,02
Tesouro IPCA+ com Juros Semestrais;15/08/2050;01/03/2019;4,48;4,60;3988,55;3915,24;3912,16
Tesouro IPCA+ com Juros Semestrais;15/08/2050;06/03/2019;4,52;4,64;3965,06;3892,42;3891,25
Tesouro IPCA+ com Juros Semestrais;15/08/2050;07/03/2019;4,46;4,58;4003,33;3929,66;3928,49
Tesouro IPCA+ com Juros Semestrais;15/08/2050;08/03/2019;4,44;4,56;4017,97;3943,93;3941,80
Tesouro IPCA+ com Juros Semestrais;15/08/2050;11/03/2019;4,37;4,49;4063,31;3988,04;3986,86
Tesouro IPCA+ com Juros Semestrais;15/08/2050;12/03/2019;4,38;4,50;4061,52;3986,36;3985,05
Tesouro IPCA+ com Juros Semestrais;15/08/2050;13/03/2019;4,36;4,48;4075,56;4000,05;3998,74
Tesouro IPCA+ com Juros Semestrais;15/08/2050;14/03/2019;4,41;4,53;4045,15;3970,51;3969,21
Tesouro IPCA+ com Juros Semestrais;15/08/2050;15/03/2019;4,41;4,53;4047,68;3973,01;3970,51
Tesouro IPCA+ com Juros Semestrais;15/08/2050;18/03/2019;4,34;4,46;4093,53;4017,62;4016,31
Tesouro IPCA+ com Juros Semestrais;15/08/2050;19/03/2019;4,33;4,45;4101,26;4025,16;4023,86
Tesouro IPCA+ com Juros Semestrais;15/08/2050;20/03/2019;4,36;4,48;4083,34;4007,77;4006,47
Tesouro IPCA+ com Juros Semestrais;15/08/2050;21/03/2019;4,36;4,48;4084,65;4009,08;4007,77
Tesouro IPCA+ com Juros Semestrais;15/08/2050;22/03/2019;4,52;4,64;3986,86;3914,04;3911,56
Tesouro IPCA+ com Juros Semestrais;15/08/2050;25/03/2019;4,52;4,64;3988,17;3915,33;3914,04
Tesouro IPCA+ com Juros Semestrais;15/08/2050;26/03/2019;4,46;4,58;4026,66;3952,79;3951,50
Tesouro IPCA+ com Juros Semestrais;15/08/2050;27/03/2019;4,60;4,72;3943,79;3872,26;3870,83
Tesouro IPCA+ com Juros Semestrais;15/08/2050;28/03/2019;4,74;4,86;3861,96;3792,70;3791,27
Tesouro IPCA+ com Juros Semestrais;15/08/2050;29/03/2019;4,50;4,62;4009,34;3936,08;3933,17
Tesouro IPCA+ com Juros Semestrais;15/08/2050;01/04/2019;4,43;4,55;4054,49;3980,01;3978,57
Tesouro IPCA+ com Juros Semestrais;15/08/2050;02/04/2019;4,47;4,59;4030,88;3957,08;3955,64
Tesouro IPCA+ com Juros Semestrais;15/08/2050;03/04/2019;4,47;4,59;4032,33;3958,53;3957,08
Tesouro IPCA+ com Juros Semestrais;15/08/2050;04/04/2019;4,52;4,64;4002,78;3929,82;3928,38
Tesouro IPCA+ com Juros Semestrais;15/08/2050;05/04/2019;4,50;4,62;4018,09;3944,75;3941,84
Tesouro IPCA+ com Juros Semestrais;15/08/2050;08/04/2019;4,48;4,60;4031,96;3958,28;3956,84
Tesouro IPCA+ com Juros Semestrais;15/08/2050;09/04/2019;4,51;4,63;4014,80;3941,62;3940,18
Tesouro IPCA+ com Juros Semestrais;15/08/2050;10/04/2019;4,50;4,62;4028,37;3954,90;3953,24
Tesouro IPCA+ com Juros Semestrais;15/08/2050;11/04/2019;4,58;4,70;3980,83;3908,70;3907,05
Tesouro IPCA+ com Juros Semestrais;15/08/2050;12/04/2019;4,57;4,69;3990,52;3918,18;3914,64
Tesouro IPCA+ com Juros Semestrais;15/08/2050;15/04/2019;4,57;4,69;3991,94;3919,59;3918,18
Tesouro IPCA+ com Juros Semestrais;15/08/2050;16/04/2019;4,59;4,71;3981,17;3909,15;3907,73
Tesouro IPCA+ com Juros Semestrais;15/08/2050;17/04/2019;4,58;4,70;3988,68;3916,49;3915,07
Tesouro IPCA+ com Juros Semestrais;15/08/2050;18/04/2019;4,55;4,67;4010,64;3937,89;3934,35
Tesouro IPCA+ com Juros Semestrais;15/08/2050;22/04/2019;4,54;4,66;4018,22;3945,30;3943,87
Tesouro IPCA+ com Juros Semestrais;15/08/2050;23/04/2019;4,52;4,64;4032,00;3958,73;3957,31
Tesouro IPCA+ com Juros Semestrais;15/08/2050;24/04/2019;4,48;4,60;4058,32;3984,35;3982,93
Tesouro IPCA+ com Juros Semestrais;15/08/2050;25/04/2019;4,54;4,66;4022,51;3949,56;3948,14
Tesouro IPCA+ com Juros Semestrais;15/08/2050;26/04/2019;4,50;4,62;4051,49;3977,80;3974,67
Tesouro IPCA+ com Juros Semestrais;15/08/2050;29/04/2019;4,46;4,58;4078,04;4003,66;4002,13
Tesouro IPCA+ com Juros Semestrais;15/08/2050;30/04/2019;4,46;4,58;4080,40;4005,99;4003,66
Tesouro IPCA+ com Juros Semestrais;15/08/2050;02/05/2019;4,46;4,58;4081,94;4007,51;4005,99
Tesouro IPCA+ com Juros Semestrais;15/08/2050;03/05/2019;4,43;4,55;4104,07;4029,09;4025,93
Tesouro IPCA+ com Juros Semestrais;15/08/2050;06/05/2019;4,42;4,54;4111,95;4036,78;4035,25
Tesouro IPCA+ com Juros Semestrais;15/08/2050;07/05/2019;4,41;4,53;4119,85;4044,50;4042,97
Tesouro IPCA+ com Juros Semestrais;15/08/2050;08/05/2019;4,40;4,52;4127,77;4052,23;4050,70
Tesouro IPCA+ com Juros Semestrais;15/08/2050;09/05/2019;4,40;4,52;4129,31;4053,76;4052,23
Tesouro IPCA+ com Juros Semestrais;15/08/2050;10/05/2019;4,34;4,46;4169,58;4092,95;4089,92
Tesouro IPCA+ com Juros Semestrais;15/08/2050;13/05/2019;4,37;4,49;4151,71;4075,61;4074,13
Tesouro IPCA+ com Juros Semestrais;15/08/2050;14/05/2019;4,37;4,49;4153,21;4077,09;4075,61
Tesouro IPCA+ com Juros Semestrais;15/08/2050;15/05/2019;4,33;4,45;4180,15;4103,32;4102,23
Tesouro IPCA+ com Juros Semestrais;15/08/2050;16/05/2019;4,35;4,47;4168,29;4091,81;4090,72
Tesouro IPCA+ com Juros Semestrais;15/08/2050;17/05/2019;4,39;4,51;4144,42;4068,65;4066,80
Tesouro IPCA+ com Juros Semestrais;15/08/2050;20/05/2019;4,41;4,53;4132,74;4057,32;4056,22
Tesouro IPCA+ com Juros Semestrais;15/08/2050;21/05/2019;4,34;4,46;4178,82;4102,15;4101,06
Tesouro IPCA+ com Juros Semestrais;15/08/2050;22/05/2019;4,30;4,42;4205,95;4128,56;4127,47
Tesouro IPCA+ com Juros Semestrais;15/08/2050;23/05/2019;4,36;4,48;4168,08;4091,77;4090,67
Tesouro IPCA+ com Juros Semestrais;15/08/2050;24/05/2019;4,30;4,42;4208,93;4131,52;4129,66
Tesouro IPCA+ com Juros Semestrais;15/08/2050;27/05/2019;4,30;4,42;4209,15;4131,75;4130,72
Tesouro IPCA+ com Juros Semestrais;15/08/2050;28/05/2019;4,30;4,42;4210,18;4132,78;4131,75
Tesouro IPCA+ com Juros Semestrais;15/08/2050;29/05/2019;4,20;4,32;4277,38;4198,15;4197,13
Tesouro IPCA+ com Juros Semestrais;15/08/2050;30/05/2019;4,18;4,30;4291,84;4212,23;4211,20
Tesouro IPCA+ com Juros Semestrais;15/08/2050;31/05/2019;4,11;4,23;4341,03;4260,09;4258,40
Tesouro IPCA+ com Juros Semestrais;15/08/2050;03/06/2019;4,09;4,21;4355,77;4274,45;4273,42
Tesouro IPCA+ com Juros Semestrais;15/08/2050;04/06/2019;3,98;4,10;4433,40;4349,94;4348,90
Tesouro IPCA+ com Juros Semestrais;15/08/2050;05/06/2019;4,01;4,13;4413,34;4330,47;4329,44
Tesouro IPCA+ com Juros Semestrais;15/08/2050;06/06/2019;4,05;4,17;4386,48;4304,39;4303,36
Tesouro IPCA+ com Juros Semestrais;15/08/2050;07/06/2019;4,04;4,16;4391,10;4308,87;4307,63
Tesouro IPCA+ com Juros Semestrais;15/08/2050;10/06/2019;4,03;4,15;4398,93;4316,51;4315,63
Tesouro IPCA+ com Juros Semestrais;15/08/2050;11/06/2019;4,02;4,14;4406,77;4324,17;4323,29
Tesouro IPCA+ com Juros Semestrais;15/08/2050;12/06/2019;4,00;4,12;4421,65;4338,65;4337,77
Tesouro IPCA+ com Juros Semestrais;15/08/2050;13/06/2019;3,99;4,11;4429,54;4346,35;4345,48
Tesouro IPCA+ com Juros Semestrais;15/08/2050;14/06/2019;3,98;4,10;4437,49;4354,10;4353,20
Tesouro IPCA+ com Juros Semestrais;15/08/2050;17/06/2019;3,96;4,08;4452,32;4368,54;4367,84
Tesouro IPCA+ com Juros Semestrais;15/08/2050;18/06/2019;3,89;4,01;4502,99;4417,82;4417,12
Tesouro IPCA+ com Juros Semestrais;15/08/2050;19/06/2019;3,94;4,06;4467,92;4383,77;4383,05
Tesouro IPCA+ com Juros Semestrais;15/08/2050;21/06/2019;3,82;3,94;4555,24;4468,65;4467,92
Tesouro IPCA+ com Juros Semestrais;15/08/2050;24/06/2019;3,82;3,94;4555,93;4469,36;4468,65
Tesouro IPCA+ com Juros Semestrais;15/08/2050;25/06/2019;3,81;3,93;4563,95;4477,18;4476,48
Tesouro IPCA+ com Juros Semestrais;15/08/2050;26/06/2019;3,80;3,92;4571,26;4484,30;4483,66
Tesouro IPCA+ com Juros Semestrais;15/08/2050;27/06/2019;3,82;3,94;4557,22;4470,68;4470,04
Tesouro IPCA+ com Juros Semestrais;15/08/2050;28/06/2019;3,75;3,87;4609,39;4521,41;4520,86
Tesouro IPCA+ com Juros Semestrais;15/08/2050;01/07/2019;3,69;3,81;4654,96;4565,72;4565,09
Tesouro IPCA+ com Juros Semestrais;15/08/2050;02/07/2019;3,71;3,83;4640,53;4551,72;4551,09
Tesouro IPCA+ com Juros Semestrais;15/08/2050;03/07/2019;3,76;3,88;4603,85;4516,10;4515,46
Tesouro IPCA+ com Juros Semestrais;15/08/2050;04/07/2019;3,70;3,82;4649,30;4560,29;4559,66
Tesouro IPCA+ com Juros Semestrais;15/08/2050;05/07/2019;3,73;3,85;4627,34;4538,98;4538,44
Tesouro IPCA+ com Juros Semestrais;15/08/2050;08/07/2019;3,71;3,83;4643,57;4554,80;4553,53
Tesouro IPCA+ com Juros Semestrais;15/08/2050;09/07/2019;3,71;3,83;4643,57;4554,80;4554,17
Tesouro IPCA+ com Juros Semestrais;15/08/2050;10/07/2019;3,68;3,80;4668,40;4578,97;4578,28
Tesouro IPCA+ com Juros Semestrais;15/08/2050;11/07/2019;3,67;3,79;4676,65;4587,02;4586,33
Tesouro IPCA+ com Juros Semestrais;15/08/2050;12/07/2019;3,67;3,79;4677,37;4587,74;4587,02
Tesouro IPCA+ com Juros Semestrais;15/08/2050;15/07/2019;3,69;3,81;4663,27;4574,07;4573,05
Tesouro IPCA+ com Juros Semestrais;15/08/2050;16/07/2019;3,70;3,82;4656,75;4567,77;4566,75
Tesouro IPCA+ com Juros Semestrais;15/08/2050;17/07/2019;3,71;3,83;4650,26;4561,49;4560,47
Tesouro IPCA+ com Juros Semestrais;15/08/2050;18/07/2019;3,72;3,84;4643,78;4555,22;4554,20
Tesouro IPCA+ com Juros Semestrais;15/08/2050;19/07/2019;3,74;3,86;4630,54;4542,40;4540,71
Tesouro IPCA+ com Juros Semestrais;15/08/2050;22/07/2019;3,70;3,82;4661,51;4572,52;4571,50
Tesouro IPCA+ com Juros Semestrais;15/08/2050;23/07/2019;3,67;3,79;4685,18;4595,55;4594,53
Tesouro IPCA+ com Juros Semestrais;15/08/2050;24/07/2019;3,63;3,75;4716,49;4626,01;4625,01
Tesouro IPCA+ com Juros Semestrais;15/08/2050;25/07/2019;3,61;3,73;4732,83;4641,91;4640,91
Tesouro IPCA+ com Juros Semestrais;15/08/2050;26/07/2019;3,66;3,78;4696,30;4606,45;4604,80
Tesouro IPCA+ com Juros Semestrais;15/08/2050;29/07/2019;3,62;3,74;4727,83;4637,12;4636,12
Tesouro IPCA+ com Juros Semestrais;15/08/2050;30/07/2019;3,63;3,75;4721,17;4630,68;4629,68
Tesouro IPCA+ com Juros Semestrais;15/08/2050;31/07/2019;3,63;3,75;4722,17;4631,69;4630,68
Tesouro IPCA+ com Juros Semestrais;15/08/2050;01/08/2019;3,61;3,73;4738,51;4647,59;4646,59
Tesouro IPCA+ com Juros Semestrais;15/08/2050;02/08/2019;3,67;3,79;4694,40;4604,76;4603,10
Tesouro IPCA+ com Juros Semestrais;15/08/2050;05/08/2019;3,70;3,82;4672,75;4583,76;4582,75
Tesouro IPCA+ com Juros Semestrais;15/08/2050;06/08/2019;3,65;3,77;4711,59;4621,53;4620,53
Tesouro IPCA+ com Juros Semestrais;15/08/2050;07/08/2019;3,61;3,73;4743,20;4652,27;4651,27
Tesouro IPCA+ com Juros Semestrais;15/08/2050;08/08/2019;3,57;3,69;4773,94;4682,17;4681,21
Tesouro IPCA+ com Juros Semestrais;15/08/2050;09/08/2019;3,57;3,69;4775,48;4683,70;4682,17
Tesouro IPCA+ com Juros Semestrais;15/08/2050;12/08/2019;3,65;3,77;4714,96;4624,92;4623,96
Tesouro IPCA+ com Juros Semestrais;15/08/2050;13/08/2019;3,60;3,72;4754,21;4663,09;4662,12
Tesouro IPCA+ com Juros Semestrais;15/08/2050;14/08/2019;3,61;3,73;4651,82;4560,92;4655,61
Tesouro IPCA+ com Juros Semestrais;15/08/2050;15/08/2019;3,61;3,73;4652,73;4561,83;4560,92
Tesouro IPCA+ com Juros Semestrais;15/08/2050;16/08/2019;3,58;3,70;4677,29;4585,73;4584,32
Tesouro IPCA+ com Juros Semestrais;15/08/2050;19/08/2019;3,58;3,70;4678,20;4586,64;4585,73
Tesouro IPCA+ com Juros Semestrais;15/08/2050;20/08/2019;3,62;3,74;4648,30;4557,62;4556,70
Tesouro IPCA+ com Juros Semestrais;15/08/2050;21/08/2019;3,58;3,70;4680,02;4588,47;4587,56
Tesouro IPCA+ com Juros Semestrais;15/08/2050;22/08/2019;3,60;3,72;4665,48;4574,38;4573,46
Tesouro IPCA+ com Juros Semestrais;15/08/2050;23/08/2019;3,63;3,75;4643,22;4552,77;4551,54
Tesouro IPCA+ com Juros Semestrais;15/08/2050;26/08/2019;3,63;3,75;4644,08;4553,63;4552,77
Tesouro IPCA+ com Juros Semestrais;15/08/2050;27/08/2019;3,71;3,83;4584,34;4495,61;4494,75
Tesouro IPCA+ com Juros Semestrais;15/08/2050;28/08/2019;3,78;3,90;4533,14;4445,87;4445,01
Tesouro IPCA+ com Juros Semestrais;15/08/2050;29/08/2019;3,81;3,93;4511,94;4425,30;4424,44
Tesouro IPCA+ com Juros Semestrais;15/08/2050;30/08/2019;3,79;3,91;4527,86;4440,81;4439,57
Tesouro IPCA+ com Juros Semestrais;15/08/2050;02/09/2019;3,75;3,87;4558,29;4470,41;4469,55
Tesouro IPCA+ com Juros Semestrais;15/08/2050;03/09/2019;3,76;3,88;4551,73;4464,06;4463,20
Tesouro IPCA+ com Juros Semestrais;15/08/2050;04/09/2019;3,71;3,83;4589,86;4501,15;4500,29
Tesouro IPCA+ com Juros Semestrais;15/08/2050;05/09/2019;3,68;3,80;4613,29;4523,95;4523,09
Tesouro IPCA+ com Juros Semestrais;15/08/2050;06/09/2019;3,72;3,84;4583,73;4495,24;4494,09
Tesouro IPCA+ com Juros Semestrais;15/08/2050;09/09/2019;3,69;3,81;4607,08;4517,96;4517,13
Tesouro IPCA+ com Juros Semestrais;15/08/2050;10/09/2019;3,73;3,85;4577,91;4489,64;4488,81
Tesouro IPCA+ com Juros Semestrais;15/08/2050;11/09/2019;3,72;3,84;4586,21;4497,74;4496,91
Tesouro IPCA+ com Juros Semestrais;15/08/2050;12/09/2019;3,67;3,79;4624,65;4535,13;4534,29
Tesouro IPCA+ com Juros Semestrais;15/08/2050;13/09/2019;3,69;3,81;4610,70;4521,60;4520,45
Tesouro IPCA+ com Juros Semestrais;15/08/2050;16/09/2019;3,69;3,81;4611,52;4522,42;4521,60
Tesouro IPCA+ com Juros Semestrais;15/08/2050;17/09/2019;3,70;3,82;4604,81;4515,93;4515,11
Tesouro IPCA+ com Juros Semestrais;15/08/2050;18/09/2019;3,61;3,73;4673,98;4583,17;4582,35
Tesouro IPCA+ com Juros Semestrais;15/08/2050;19/09/2019;3,57;3,69;4705,64;4613,97;4613,15
Tesouro IPCA+ com Juros Semestrais;15/08/2050;20/09/2019;3,59;3,71;4691,30;4600,07;4598,94
Tesouro IPCA+ com Juros Semestrais;15/08/2050;23/09/2019;3,54;3,66;4730,91;4638,58;4637,77
Tesouro IPCA+ com Juros Semestrais;15/08/2050;24/09/2019;3,53;3,65;4739,53;4646,99;4646,18
Tesouro IPCA+ com Juros Semestrais;15/08/2050;25/09/2019;3,57;3,69;4707,99;4616,36;4615,65
Tesouro IPCA+ com Juros Semestrais;15/08/2050;26/09/2019;3,50;3,62;4763,37;4670,20;4669,50
Tesouro IPCA+ com Juros Semestrais;15/08/2050;27/09/2019;3,51;3,63;4756,30;4663,36;4662,56
Tesouro IPCA+ com Juros Semestrais;15/08/2050;30/09/2019;3,52;3,64;4749,15;4656,44;4655,73
Tesouro IPCA+ com Juros Semestrais;15/08/2050;01/10/2019;3,55;3,67;4726,42;4634,38;4633,67
Tesouro IPCA+ com Juros Semestrais;15/08/2050;02/10/2019;3,54;3,66;4734,91;4642,66;4641,95
Tesouro IPCA+ com Juros Semestrais;15/08/2050;03/10/2019;3,53;3,65;4743,42;4650,96;4650,25
Tesouro IPCA+ com Juros Semestrais;15/08/2050;04/10/2019;3,49;3,61;4775,63;4682,28;4681,48
Tesouro IPCA+ com Juros Semestrais;15/08/2050;07/10/2019;3,51;3,63;4760,59;4667,69;4666,98
Tesouro IPCA+ com Juros Semestrais;15/08/2050;08/10/2019;3,52;3,64;4753,45;4660,78;4660,07
Tesouro IPCA+ com Juros Semestrais;15/08/2050;09/10/2019;3,52;3,64;4751,37;4658,76;4658,17
Tesouro IPCA+ com Juros Semestrais;15/08/2050;10/10/2019;3,50;3,62;4767,65;4674,61;4674,02
Tesouro IPCA+ com Juros Semestrais;15/08/2050;11/10/2019;3,43;3,55;4823,63;4729,03;4728,56
Tesouro IPCA+ com Juros Semestrais;15/08/2050;14/10/2019;3,38;3,50;4864,44;4768,70;4768,11
Tesouro IPCA+ com Juros Semestrais;15/08/2050;15/10/2019;3,38;3,50;4865,17;4769,45;4768,70
Tesouro IPCA+ com Juros Semestrais;15/08/2050;16/10/2019;3,39;3,51;4857,82;4762,34;4761,59
Tesouro IPCA+ com Juros Semestrais;15/08/2050;17/10/2019;3,37;3,49;4874,75;4778,80;4778,06
Tesouro IPCA+ com Juros Semestrais;15/08/2050;18/10/2019;3,33;3,45;4908,27;4811,41;4810,48
Tesouro IPCA+ com Juros Semestrais;15/08/2050;21/10/2019;3,33;3,45;4909,00;4812,15;4811,41
Tesouro IPCA+ com Juros Semestrais;15/08/2050;22/10/2019;3,31;3,43;4926,15;4828,84;4828,09
Tesouro IPCA+ com Juros Semestrais;15/08/2050;23/10/2019;3,32;3,44;4918,95;4821,87;4821,10
Tesouro IPCA+ com Juros Semestrais;15/08/2050;24/10/2019;3,32;3,44;4919,71;4822,64;4821,87
Tesouro IPCA+ com Juros Semestrais;15/08/2050;25/10/2019;3,28;3,40;4953,72;4855,71;4854,69
Tesouro IPCA+ com Juros Semestrais;15/08/2050;28/10/2019;3,30;3,42;4937,95;4840,42;4839,65
Tesouro IPCA+ com Juros Semestrais;15/08/2050;29/10/2019;3,26;3,38;4971,85;4873,39;4872,62
Tesouro IPCA+ com Juros Semestrais;15/08/2050;30/10/2019;3,28;3,40;4956,01;4858,02;4857,25
Tesouro IPCA+ com Juros Semestrais;15/08/2050;31/10/2019;3,23;3,35;4998,44;4899,27;4898,50
Tesouro IPCA+ com Juros Semestrais;15/08/2050;01/11/2019;3,21;3,33;5016,27;4916,62;4915,60
Tesouro IPCA+ com Juros Semestrais;15/08/2050;04/11/2019;3,16;3,28;5059,40;4958,55;4957,79
Tesouro IPCA+ com Juros Semestrais;15/08/2050;05/11/2019;3,19;3,31;5034,67;4934,56;4933,79
Tesouro IPCA+ com Juros Semestrais;15/08/2050;06/11/2019;3,21;3,33;5018,54;4918,92;4918,15
Tesouro IPCA+ com Juros Semestrais;15/08/2050;07/11/2019;3,20;3,32;5028,51;4928,64;4927,84
Tesouro IPCA+ com Juros Semestrais;15/08/2050;08/11/2019;3,32;3,44;4929,75;4832,73;4831,61
Tesouro IPCA+ com Juros Semestrais;15/08/2050;11/11/2019;3,40;3,52;4865,56;4770,39;4769,58
Tesouro IPCA+ com Juros Semestrais;15/08/2050;12/11/2019;3,39;3,51;4874,42;4779,02;4778,21
Tesouro IPCA+ com Juros Semestrais;15/08/2050;13/11/2019;3,41;3,53;4859,13;4764,20;4763,39
Tesouro IPCA+ com Juros Semestrais;15/08/2050;14/11/2019;3,41;3,53;4861,88;4766,91;4764,20
Tesouro IPCA+ com Juros Semestrais;15/08/2050;18/11/2019;3,36;3,48;4903,55;4807,44;4806,15
Tesouro IPCA+ com Juros Semestrais;15/08/2050;19/11/2019;3,39;3,51;4881,86;4786,42;4783,84
Tesouro IPCA+ com Juros Semestrais;15/08/2050;21/11/2019;3,43;3,55;4851,03;4756,51;4755,22
Tesouro IPCA+ com Juros Semestrais;15/08/2050;22/11/2019;3,42;3,54;4861,62;4766,84;4764,28
Tesouro IPCA+ com Juros Semestrais;15/08/2050;25/11/2019;3,41;3,53;4871,30;4776,28;4774,95
Tesouro IPCA+ com Juros Semestrais;15/08/2050;26/11/2019;3,53;3,65;4777,60;4685,27;4683,95
Tesouro IPCA+ com Juros Semestrais;15/08/2050;27/11/2019;3,53;3,65;4778,93;4686,59;4685,27
Tesouro IPCA+ com Juros Semestrais;15/08/2050;28/11/2019;3,62;3,74;4710,75;4620,36;4619,04
Tesouro IPCA+ com Juros Semestrais;15/08/2050;29/11/2019;3,53;3,65;4782,92;4690,54;4687,91
Tesouro IPCA+ com Juros Semestrais;15/08/2050;02/12/2019;3,58;3,70;4745,43;4654,14;4652,82
Tesouro IPCA+ com Juros Semestrais;15/08/2050;03/12/2019;3,57;3,69;4754,48;4662,97;4661,65
Tesouro IPCA+ com Juros Semestrais;15/08/2050;04/12/2019;3,54;3,66;4779,10;4686,93;4685,61
Tesouro IPCA+ com Juros Semestrais;15/08/2050;05/12/2019;3,54;3,66;4780,43;4688,26;4686,93
Tesouro IPCA+ com Juros Semestrais;15/08/2050;06/12/2019;3,51;3,63;4810,00;4717,07;4714,01
Tesouro IPCA+ com Juros Semestrais;15/08/2050;09/12/2019;3,48;3,60;4845,95;4752,14;4750,24
Tesouro IPCA+ com Juros Semestrais;15/08/2050;10/12/2019;3,47;3,59;4855,81;4761,75;4759,85
Tesouro IPCA+ com Juros Semestrais;15/08/2050;11/12/2019;3,40;3,52;4913,85;4818,20;4816,29
Tesouro IPCA+ com Juros Semestrais;15/08/2050;12/12/2019;3,36;3,48;4935,91;4839,56;4838,08
Tesouro IPCA+ com Juros Semestrais;15/08/2050;13/12/2019;3,33;3,45;4964,01;4866,91;4863,39
Tesouro IPCA+ com Juros Semestrais;15/08/2050;16/12/2019;3,34;3,46;4957,69;4860,82;4858,95
Tesouro IPCA+ com Juros Semestrais;15/08/2050;17/12/2019;3,40;3,52;4910,79;4815,29;4813,42
Tesouro IPCA+ com Juros Semestrais;15/08/2050;18/12/2019;3,47;3,59;4856,62;4762,69;4760,83
Tesouro IPCA+ com Juros Semestrais;15/08/2050;19/12/2019;3,50;3,62;4834,76;4741,48;4739,62
Tesouro IPCA+ com Juros Semestrais;15/08/2050;20/12/2019;3,59;3,71;4768,80;4677,43;4673,24
Tesouro IPCA+ com Juros Semestrais;15/08/2050;23/12/2019;3,54;3,66;4817,16;4724,56;4718,44
Tesouro IPCA+ com Juros Semestrais;15/08/2050;26/12/2019;3,52;3,64;4835,14;4742,08;4739,81
Tesouro IPCA+ com Juros Semestrais;15/08/2050;27/12/2019;3,50;3,62;4856,48;4762,89;4757,41
Tesouro IPCA+ com Juros Semestrais;15/08/2050;30/12/2019;3,47;3,59;4886,56;4792,22;4786,04
Tesouro IPCA+ com Juros Semestrais;15/08/2050;02/01/2020;3,41;3,53;4937,07;4841,35;4839,05
Tesouro IPCA+ com Juros Semestrais;15/08/2050;03/01/2020;3,49;3,61;4878,55;4784,55;4779,04
Tesouro IPCA+ com Juros Semestrais;15/08/2050;06/01/2020;3,51;3,63;4865,00;4771,42;4769,14
Tesouro IPCA+ com Juros Semestrais;15/08/2050;07/01/2020;3,56;3,68;4827,98;4735,49;4733,21
Tesouro IPCA+ com Juros Semestrais;15/08/2050;08/01/2020;3,55;3,67;4838,11;4745,37;4743,09
Tesouro IPCA+ com Juros Semestrais;15/08/2050;09/01/2020;3,53;3,65;4856,13;4762,92;4760,64
Tesouro IPCA+ com Juros Semestrais;15/08/2050;10/01/2020;3,51;3,63;4882,03;4788,21;4782,24
Tesouro IPCA+ com Juros Semestrais;15/08/2050;13/01/2020;3,51;3,63;4884,50;4790,66;4788,21
Tesouro IPCA+ com Juros Semestrais;15/08/2050;14/01/2020;3,54;3,66;4863,25;4770,05;4767,61
Tesouro IPCA+ com Juros Semestrais;15/08/2050;15/01/2020;3,44;3,56;4944,18;4848,74;4847,53
Tesouro IPCA+ com Juros Semestrais;15/08/2050;16/01/2020;3,51;3,63;4889,38;4795,51;4794,31
Tesouro IPCA+ com Juros Semestrais;15/08/2050;17/01/2020;3,51;3,63;4891,66;4797,77;4795,51
Tesouro IPCA+ com Juros Semestrais;15/08/2050;20/01/2020;3,50;3,62;4900,81;4806,69;4805,49
Tesouro IPCA+ com Juros Semestrais;15/08/2050;21/01/2020;3,53;3,65;4878,23;4784,79;4783,58
Tesouro IPCA+ com Juros Semestrais;15/08/2050;22/01/2020;3,53;3,65;4879,44;4785,99;4784,79
Tesouro IPCA+ com Juros Semestrais;15/08/2050;23/01/2020;3,52;3,64;4888,55;4794,88;4793,68
Tesouro IPCA+ com Juros Semestrais;15/08/2050;24/01/2020;3,50;3,62;4906,33;4812,19;4810,03
Tesouro IPCA+ com Juros Semestrais;15/08/2050;27/01/2020;3,51;3,63;4899,56;4805,65;4804,47
Tesouro IPCA+ com Juros Semestrais;15/08/2050;28/01/2020;3,53;3,65;4884,90;4791,43;4790,25
Tesouro IPCA+ com Juros Semestrais;15/08/2050;29/01/2020;3,48;3,60;4925,81;4831,23;4830,05
Tesouro IPCA+ com Juros Semestrais;15/08/2050;30/01/2020;3,49;3,61;4919,00;4824,64;4823,46
Tesouro IPCA+ com Juros Semestrais;15/08/2050;31/01/2020;3,51;3,63;4905,27;4811,34;4809,17
Tesouro IPCA+ com Juros Semestrais;15/08/2050;03/02/2020;3,52;3,64;4898,52;4804,81;4803,63
Tesouro IPCA+ com Juros Semestrais;15/08/2050;04/02/2020;3,50;3,62;4915,57;4821,42;4820,25
Tesouro IPCA+ com Juros Semestrais;15/08/2050;05/02/2020;3,46;3,58;4948,74;4853,69;4852,51
Tesouro IPCA+ com Juros Semestrais;15/08/2050;06/02/2020;3,43;3,55;4974,11;4878,37;4877,20
Tesouro IPCA+ com Juros Semestrais;15/08/2050;07/02/2020;3,44;3,56;4963,66;4868,22;4866,56
Tesouro IPCA+ com Juros Semestrais;15/08/2050;10/02/2020;3,41;3,53;4988,95;4892,83;4891,83
Tesouro IPCA+ com Juros Semestrais;15/08/2050;11/02/2020;3,36;3,48;5030,82;4933,55;4932,55
Tesouro IPCA+ com Juros Semestrais;15/08/2050;12/02/2020;3,36;3,48;5031,82;4934,55;4933,55
Tesouro IPCA+ com Juros Semestrais;15/08/2050;13/02/2020;3,39;3,51;5008,24;4911,67;4910,67
Tesouro IPCA+ com Juros Semestrais;15/08/2050;14/02/2020;3,36;3,48;4936,68;4839,41;4935,56
Tesouro IPCA+ com Juros Semestrais;15/08/2050;17/02/2020;3,33;3,45;4962,32;4864,36;4863,47
Tesouro IPCA+ com Juros Semestrais;15/08/2050;18/02/2020;3,36;3,48;4938,45;4841,19;4840,30
Tesouro IPCA+ com Juros Semestrais;15/08/2050;19/02/2020;3,36;3,48;4939,34;4842,08;4841,19
Tesouro IPCA+ com Juros Semestrais;15/08/2050;20/02/2020;3,33;3,45;4964,97;4867,03;4866,13
Tesouro IPCA+ com Juros Semestrais;15/08/2050;21/02/2020;3,42;3,54;4893,27;4797,38;4795,48
Tesouro IPCA+ com Juros Semestrais;15/08/2050;26/02/2020;3,48;3,60;4845,89;4751,37;4750,45
Tesouro IPCA+ com Juros Semestrais;15/08/2050;27/02/2020;3,58;3,70;4767,84;4675,54;4674,62
Tesouro IPCA+ com Juros Semestrais;15/08/2050;28/02/2020;3,58;3,70;4769,25;4676,94;4675,54
Tesouro IPCA+ com Juros Semestrais;15/08/2050;02/03/2020;3,48;3,60;4849,12;4754,59;4753,68
Tesouro IPCA+ com Juros Semestrais;15/08/2050;03/03/2020;3,48;3,60;4850,02;4755,51;4754,59
Tesouro IPCA+ com Juros Semestrais;15/08/2050;04/03/2020;3,45;3,57;4874,99;4779,80;4778,89
Tesouro IPCA+ com Juros Semestrais;15/08/2050;05/03/2020;3,47;3,59;4859,84;4765,11;4764,19
Tesouro IPCA+ com Juros Semestrais;15/08/2050;06/03/2020;3,66;3,78;4712,48;4621,90;4620,50
Tesouro IPCA+ com Juros Semestrais;15/08/2050;09/03/2020;3,67;3,79;4705,75;4615,39;4614,47
Tesouro IPCA+ com Juros Semestrais;15/08/2050;10/03/2020;3,82;3,94;4594,11;4506,88;4505,96
Tesouro IPCA+ com Juros Semestrais;15/08/2050;11/03/2020;3,75;3,87;4651,22;4562,47;4561,39
Tesouro IPCA+ com Juros Semestrais;15/08/2050;12/03/2020;5,16;5,28;3749,81;3685,51;3684,44
Tesouro IPCA+ com Juros Semestrais;15/08/2050;13/03/2020;4,55;4,67;4106,42;4032,65;4031,08
Tesouro IPCA+ com Juros Semestrais;15/08/2050;16/03/2020;4,65;4,77;4045,68;3973,56;3972,69
Tesouro IPCA+ com Juros Semestrais;15/08/2050;17/03/2020;4,44;4,56;4177,58;4101,94;4101,07
Tesouro IPCA+ com Juros Semestrais;15/08/2050;18/03/2020;4,81;4,93;3951,71;3882,16;3881,29
Tesouro IPCA+ com Juros Semestrais;15/08/2050;19/03/2020;4,92;5,04;3888,76;3820,92;3820,04
Tesouro IPCA+ com Juros Semestrais;15/08/2050;20/03/2020;4,77;4,89;3977,35;3907,17;3906,01
Tesouro IPCA+ com Juros Semestrais;15/08/2050;23/03/2020;4,71;4,83;4014,03;3942,90;3942,02
Tesouro IPCA+ com Juros Semestrais;15/08/2050;24/03/2020;4,81;4,93;3955,50;3885,96;3885,08
Tesouro IPCA+ com Juros Semestrais;15/08/2050;25/03/2020;4,81;4,93;3956,38;3886,84;3885,96
Tesouro IPCA+ com Juros Semestrais;15/08/2050;26/03/2020;4,62;4,74;4071,29;3998,70;3997,82
Tesouro IPCA+ com Juros Semestrais;15/08/2050;27/03/2020;4,51;4,63;4140,76;4066,33;4065,16
Tesouro IPCA+ com Juros Semestrais;15/08/2050;30/03/2020;4,42;4,54;4198,80;4122,83;4121,96
Tesouro IPCA+ com Juros Semestrais;15/08/2050;31/03/2020;4,50;4,62;4148,80;4074,20;4073,33
Tesouro IPCA+ com Juros Semestrais;15/08/2050;01/04/2020;4,60;4,72;4087,37;4014,45;4013,58
Tesouro IPCA+ com Juros Semestrais;15/08/2050;02/04/2020;4,55;4,67;4119,21;4045,47;4044,59
Tesouro IPCA+ com Juros Semestrais;15/08/2050;03/04/2020;4,69;4,81;4034,53;3963,09;3961,93
Tesouro IPCA+ com Juros Semestrais;15/08/2050;06/04/2020;4,68;4,80;4041,45;3969,85;3968,97
Tesouro IPCA+ com Juros Semestrais;15/08/2050;07/04/2020;4,65;4,77;4060,54;3988,45;3987,57
Tesouro IPCA+ com Juros Semestrais;15/08/2050;08/04/2020;4,78;4,90;3983,41;3913,41;3912,53
Tesouro IPCA+ com Juros Semestrais;15/08/2050;09/04/2020;4,71;4,83;4024,93;3953,83;3952,74
Tesouro IPCA+ com Juros Semestrais;15/08/2050;13/04/2020;4,66;4,78;4055,94;3984,05;3983,22
Tesouro IPCA+ com Juros Semestrais;15/08/2050;14/04/2020;4,64;4,76;4068,94;3996,72;3995,90
Tesouro IPCA+ com Juros Semestrais;15/08/2050;15/04/2020;4,59;4,71;4100,30;4027,26;4026,58
Tesouro IPCA+ com Juros Semestrais;15/08/2050;16/04/2020;4,38;4,50;4233,67;4157,07;4156,40
Tesouro IPCA+ com Juros Semestrais;15/08/2050;17/04/2020;4,28;4,40;4299,69;4221,31;4220,76
Tesouro IPCA+ com Juros Semestrais;15/08/2050;20/04/2020;4,25;4,37;4320,22;4241,31;4240,70
Tesouro IPCA+ com Juros Semestrais;15/08/2050;22/04/2020;4,12;4,24;4408,85;4327,55;4326,90
Tesouro IPCA+ com Juros Semestrais;15/08/2050;23/04/2020;4,21;4,33;4348,32;4268,69;4268,03
Tesouro IPCA+ com Juros Semestrais;15/08/2050;24/04/2020;4,39;4,51;4230,25;4153,86;4153,30
Tesouro IPCA+ com Juros Semestrais;15/08/2050;27/04/2020;4,52;4,64;4148,26;4074,10;4073,42
Tesouro IPCA+ com Juros Semestrais;15/08/2050;28/04/2020;4,57;4,69;4117,79;4044,47;4043,79
Tesouro IPCA+ com Juros Semestrais;15/08/2050;29/04/2020;4,37;4,49;4241,57;4164,91;4164,47
Tesouro IPCA+ com Juros Semestrais;15/08/2050;30/04/2020;4,35;4,47;4254,08;4177,10;4177,54
Tesouro IPCA+ com Juros Semestrais;15/08/2050;04/05/2020;4,48;4,60;4171,21;4096,49;4096,04
Tesouro IPCA+ com Juros Semestrais;15/08/2050;05/05/2020;4,30;4,42;4287,61;4209,77;4209,34
Tesouro IPCA+ com Juros Semestrais;15/08/2050;06/05/2020;4,43;4,55;4203,81;4128,25;4127,81
Tesouro IPCA+ com Juros Semestrais;15/08/2050;07/05/2020;4,41;4,53;4217,03;4141,14;4140,70
Tesouro IPCA+ com Juros Semestrais;15/08/2050;08/05/2020;4,50;4,62;4156,16;4081,89;4082,43
Tesouro IPCA+ com Juros Semestrais;15/08/2050;11/05/2020;4,52;4,64;4143,94;4070,02;4069,71
Tesouro IPCA+ com Juros Semestrais;15/08/2050;12/05/2020;4,42;4,54;4207,38;4131,78;4131,48
Tesouro IPCA+ com Juros Semestrais;15/08/2050;13/05/2020;4,52;4,64;4144,53;4070,64;4070,34
Tesouro IPCA+ com Juros Semestrais;15/08/2050;14/05/2020;4,68;4,80;4046,78;3975,53;3975,20
Tesouro IPCA+ com Juros Semestrais;15/08/2050;15/05/2020;4,55;4,67;4125,42;4052,08;4052,80
Tesouro IPCA+ com Juros Semestrais;15/08/2050;18/05/2020;4,48;4,60;4169,36;4094,86;4094,62
Tesouro IPCA+ com Juros Semestrais;15/08/2050;19/05/2020;4,45;4,57;4188,53;4113,53;4113,30
Tesouro IPCA+ com Juros Semestrais;15/08/2050;20/05/2020;4,43;4,55;4201,45;4126,13;4125,89
Tesouro IPCA+ com Juros Semestrais;15/08/2050;21/05/2020;4,42;4,54;4208,04;4132,56;4132,33
Tesouro IPCA+ com Juros Semestrais;15/08/2050;22/05/2020;4,39;4,51;4226,44;4150,48;4151,24
Tesouro IPCA+ com Juros Semestrais;15/08/2050;25/05/2020;4,27;4,39;4304,72;4226,66;4226,44
Tesouro IPCA+ com Juros Semestrais;15/08/2050;26/05/2020;4,23;4,35;4331,41;4252,65;4252,44
Tesouro IPCA+ com Juros Semestrais;15/08/2050;27/05/2020;4,34;4,46;4257,90;4181,14;4181,02
Tesouro IPCA+ com Juros Semestrais;15/08/2050;28/05/2020;4,38;4,50;4232,19;4156,13;4156,01
Tesouro IPCA+ com Juros Semestrais;15/08/2050;29/05/2020;4,31;4,43;4276,37;4199,13;4200,24
Tesouro IPCA+ com Juros Semestrais;15/08/2050;01/06/2020;4,35;4,47;4250,49;4173,97;4173,86
Tesouro IPCA+ com Juros Semestrais;15/08/2050;02/06/2020;4,31;4,43;4276,56;4199,36;4199,24
Tesouro IPCA+ com Juros Semestrais;15/08/2050;03/06/2020;4,23;4,35;4329,30;4250,69;4250,59
Tesouro IPCA+ com Juros Semestrais;15/08/2050;04/06/2020;4,18;4,30;4362,77;4283,27;4283,18
Tesouro IPCA+ com Juros Semestrais;15/08/2050;05/06/2020;4,13;4,25;4395,34;4314,96;4316,13
Tesouro IPCA+ com Juros Semestrais;15/08/2050;08/06/2020;4,12;4,24;4402,20;4321,66;4321,57
Tesouro IPCA+ com Juros Semestrais;15/08/2050;09/06/2020;4,12;4,24;4402,27;4321,74;4321,66
Tesouro IPCA+ com Juros Semestrais;15/08/2050;10/06/2020;4,08;4,20;4431,84;4350,54;4350,90
Tesouro IPCA+ com Juros Semestrais;15/08/2050;12/06/2020;4,09;4,21;4424,05;4342,98;4343,87
Tesouro IPCA+ com Juros Semestrais;15/08/2050;15/06/2020;4,16;4,28;4377,52;4297,74;4296,71
Tesouro IPCA+ com Juros Semestrais;15/08/2050;16/06/2020;4,10;4,22;4419,26;4338,38;4337,35
Tesouro IPCA+ com Juros Semestrais;15/08/2050;17/06/2020;4,17;4,29;4372,84;4293,26;4292,22
Tesouro IPCA+ com Juros Semestrais;15/08/2050;18/06/2020;4,19;4,31;4360,45;4281,23;4280,20
Tesouro IPCA+ com Juros Semestrais;15/08/2050;19/06/2020;4,19;4,31;4362,12;4282,89;4281,23
Tesouro IPCA+ com Juros Semestrais;15/08/2050;22/06/2020;4,23;4,35;4336,50;4257,99;4256,96
Tesouro IPCA+ com Juros Semestrais;15/08/2050;23/06/2020;4,26;4,38;4317,70;4239,73;4238,70
Tesouro IPCA+ com Juros Semestrais;15/08/2050;24/06/2020;4,24;4,36;4331,94;4253,61;4252,57
Tesouro IPCA+ com Juros Semestrais;15/08/2050;25/06/2020;4,29;4,41;4300,07;4222,63;4221,60
Tesouro IPCA+ com Juros Semestrais;15/08/2050;26/06/2020;4,23;4,35;4342,27;4263,73;4261,87
Tesouro IPCA+ com Juros Semestrais;15/08/2050;29/06/2020;4,27;4,39;4316,95;4239,13;4238,03
Tesouro IPCA+ com Juros Semestrais;15/08/2050;30/06/2020;4,21;4,33;4357,78;4278,88;4277,78
Tesouro IPCA+ com Juros Semestrais;15/08/2050;01/07/2020;4,12;4,24;4419,50;4338,96;4337,85
Tesouro IPCA+ com Juros Semestrais;15/08/2050;02/07/2020;4,07;4,19;4454,83;4373,35;4372,25
Tesouro IPCA+ com Juros Semestrais;15/08/2050;03/07/2020;4,03;4,15;4484,40;4402,16;4400,26
Tesouro IPCA+ com Juros Semestrais;15/08/2050;06/07/2020;3,97;4,09;4527,50;4444,10;4443,00
Tesouro IPCA+ com Juros Semestrais;15/08/2050;07/07/2020;3,97;4,09;4528,60;4445,21;4444,10
Tesouro IPCA+ com Juros Semestrais;15/08/2050;08/07/2020;4,00;4,12;4508,64;4425,82;4424,72
Tesouro IPCA+ com Juros Semestrais;15/08/2050;09/07/2020;3,97;4,09;4530,81;4447,42;4446,31
Tesouro IPCA+ com Juros Semestrais;15/08/2050;10/07/2020;3,93;4,05;4560,63;4476,46;4474,59
Tesouro IPCA+ com Juros Semestrais;15/08/2050;13/07/2020;3,89;4,01;4590,31;4505,35;4504,26
Tesouro IPCA+ com Juros Semestrais;15/08/2050;14/07/2020;3,93;4,05;4562,82;4478,65;4477,55
Tesouro IPCA+ com Juros Semestrais;15/08/2050;15/07/2020;3,91;4,03;4578,52;4493,95;4492,51
Tesouro IPCA+ com Juros Semestrais;15/08/2050;16/07/2020;3,93;4,05;4565,71;4481,53;4480,08
Tesouro IPCA+ com Juros Semestrais;15/08/2050;17/07/2020;3,86;3,98;4618,88;4533,28;4530,35
Tesouro IPCA+ com Juros Semestrais;15/08/2050;20/07/2020;3,80;3,92;4664,03;4577,23;4575,78
Tesouro IPCA+ com Juros Semestrais;15/08/2050;21/07/2020;3,84;3,96;4636,29;4550,28;4548,83
Tesouro IPCA+ com Juros Semestrais;15/08/2050;22/07/2020;3,84;3,96;4637,74;4551,73;4550,28
Tesouro IPCA+ com Juros Semestrais;15/08/2050;23/07/2020;3,86;3,98;4624,69;4539,07;4537,62
Tesouro IPCA+ com Juros Semestrais;15/08/2050;24/07/2020;3,82;3,94;4656,75;4570,30;4567,35
Tesouro IPCA+ com Juros Semestrais;15/08/2050;27/07/2020;3,79;3,91;4677,47;4590,45;4589,21
Tesouro IPCA+ com Juros Semestrais;15/08/2050;28/07/2020;3,79;3,91;4678,71;4591,70;4590,45
Tesouro IPCA+ com Juros Semestrais;15/08/2050;29/07/2020;3,74;3,86;4716,94;4628,91;4627,66
Tesouro IPCA+ com Juros Semestrais;15/08/2050;30/07/2020;3,78;3,90;4688,57;4601,35;4600,11
Tesouro IPCA+ com Juros Semestrais;15/08/2050;31/07/2020;3,67;3,79;4773,08;4683,58;4681,21
Tesouro IPCA+ com Juros Semestrais;15/08/2050;03/08/2020;3,68;3,80;4766,78;4677,48;4676,23
Tesouro IPCA+ com Juros Semestrais;15/08/2050;04/08/2020;3,67;3,79;4775,59;4686,07;4684,83
Tesouro IPCA+ com Juros Semestrais;15/08/2050;05/08/2020;3,66;3,78;4784,41;4694,69;4693,44
Tesouro IPCA+ com Juros Semestrais;15/08/2050;06/08/2020;3,76;3,88;4710,72;4623,06;4621,81
Tesouro IPCA+ com Juros Semestrais;15/08/2050;07/08/2020;3,74;3,86;4727,55;4639,47;4637,16
Tesouro IPCA+ com Juros Semestrais;15/08/2050;10/08/2020;3,85;3,97;4647,95;4562,09;4560,85
Tesouro IPCA+ com Juros Semestrais;15/08/2050;11/08/2020;3,92;4,04;4598,81;4514,32;4513,09
Tesouro IPCA+ com Juros Semestrais;15/08/2050;12/08/2020;3,96;4,08;4571,62;4487,91;4486,67
Tesouro IPCA+ com Juros Semestrais;15/08/2050;13/08/2020;3,89;4,01;4622,77;4537,69;4536,46
Tesouro IPCA+ com Juros Semestrais;15/08/2050;14/08/2020;4,03;4,15;4427,45;4345,07;4441,36
Tesouro IPCA+ com Juros Semestrais;15/08/2050;17/08/2020;3,96;4,08;4477,44;4393,72;4392,85
Tesouro IPCA+ com Juros Semestrais;15/08/2050;18/08/2020;3,84;3,96;4564,37;4478,30;4477,44
Tesouro IPCA+ com Juros Semestrais;15/08/2050;19/08/2020;3,83;3,95;4572,51;4486,25;4485,39
Tesouro IPCA+ com Juros Semestrais;15/08/2050;20/08/2020;4,02;4,14;4437,89;4355,33;4354,46
Tesouro IPCA+ com Juros Semestrais;15/08/2050;21/08/2020;3,88;4,00;4538,35;4453,08;4451,87
Tesouro IPCA+ com Juros Semestrais;15/08/2050;24/08/2020;3,81;3,93;4590,05;4503,39;4502,53
Tesouro IPCA+ com Juros Semestrais;15/08/2050;25/08/2020;3,90;4,02;4525,70;4440,83;4439,96
Tesouro IPCA+ com Juros Semestrais;15/08/2050;26/08/2020;3,92;4,04;4513,82;4429,32;4428,32
Tesouro IPCA+ com Juros Semestrais;15/08/2050;27/08/2020;3,94;4,06;4500,57;4416,46;4415,46
Tesouro IPCA+ com Juros Semestrais;15/08/2050;28/08/2020;3,91;4,03;4523,57;4438,86;4437,27
Tesouro IPCA+ com Juros Semestrais;15/08/2050;31/08/2020;3,96;4,08;4488,99;4405,25;4404,25
Tesouro IPCA+ com Juros Semestrais;15/08/2050;01/09/2020;4,00;4,12;4461,81;4378,85;4377,85
Tesouro IPCA+ com Juros Semestrais;15/08/2050;02/09/2020;3,98;4,10;4476,86;4393,52;4392,52
Tesouro IPCA+ com Juros Semestrais;15/08/2050;03/09/2020;3,99;4,11;4470,82;4387,67;4386,67
Tesouro IPCA+ com Juros Semestrais;15/08/2050;04/09/2020;3,94;4,06;4508,06;4423,93;4422,04
Tesouro IPCA+ com Juros Semestrais;15/08/2050;08/09/2020;4,01;4,13;4459,70;4376,92;4375,92
Tesouro IPCA+ com Juros Semestrais;15/08/2050;09/09/2020;3,97;4,09;4489,94;4406,37;4405,32
Tesouro IPCA+ com Juros Semestrais;15/08/2050;10/09/2020;3,98;4,10;4483,92;4400,55;4399,50
Tesouro IPCA+ com Juros Semestrais;15/08/2050;11/09/2020;4,01;4,13;4464,60;4381,78;4380,06
Tesouro IPCA+ com Juros Semestrais;15/08/2050;14/09/2020;4,00;4,12;4472,65;4389,64;4388,59
Tesouro IPCA+ com Juros Semestrais;15/08/2050;15/09/2020;4,01;4,13;4466,71;4383,89;4382,82
Tesouro IPCA+ com Juros Semestrais;15/08/2050;16/09/2020;4,04;4,16;4446,86;4364,61;4363,54
Tesouro IPCA+ com Juros Semestrais;15/08/2050;17/09/2020;4,12;4,24;4392,84;4312,09;4311,02
Tesouro IPCA+ com Juros Semestrais;15/08/2050;18/09/2020;4,14;4,26;4381,03;4300,63;4298,85
Tesouro IPCA+ com Juros Semestrais;15/08/2050;21/09/2020;4,33;4,45;4255,81;4178,81;4177,74
Tesouro IPCA+ com Juros Semestrais;15/08/2050;22/09/2020;4,22;4,34;4329,33;4250,38;4249,31
Tesouro IPCA+ com Juros Semestrais;15/08/2050;23/09/2020;4,20;4,32;4343,76;4264,46;4263,39
Tesouro IPCA+ com Juros Semestrais;15/08/2050;24/09/2020;4,25;4,37;4314,97;4236,50;4235,09
Tesouro IPCA+ com Juros Semestrais;15/08/2050;25/09/2020;4,15;4,27;4384,87;4304,56;4301,74
Tesouro IPCA+ com Juros Semestrais;15/08/2050;28/09/2020;4,12;4,24;4406,72;4325,84;4324,43
Tesouro IPCA+ com Juros Semestrais;15/08/2050;29/09/2020;4,36;4,48;4248,57;4171,99;4170,58
Tesouro IPCA+ com Juros Semestrais;15/08/2050;30/09/2020;4,30;4,42;4289,06;4211,43;4210,02
Tesouro IPCA+ com Juros Semestrais;15/08/2050;01/10/2020;4,28;4,40;4303,63;4225,63;4224,22
Tesouro IPCA+ com Juros Semestrais;15/08/2050;02/10/2020;4,19;4,31;4366,38;4286,74;4283,93
Tesouro IPCA+ com Juros Semestrais;15/08/2050;05/10/2020;4,37;4,49;4249,14;4172,68;4171,28
Tesouro IPCA+ com Juros Semestrais;15/08/2050;06/10/2020;4,22;4,34;4349,11;4270,00;4268,58
Tesouro IPCA+ com Juros Semestrais;15/08/2050;07/10/2020;4,31;4,43;4290,99;4213,47;4212,06
Tesouro IPCA+ com Juros Semestrais;15/08/2050;08/10/2020;4,33;4,45;4279,34;4202,17;4200,76
Tesouro IPCA+ com Juros Semestrais;15/08/2050;09/10/2020;4,24;4,36;4348,21;4269,29;4264,94
Tesouro IPCA+ com Juros Semestrais;15/08/2050;13/10/2020;4,17;4,29;4396,90;4316,70;4315,06
Tesouro IPCA+ com Juros Semestrais;15/08/2050;14/10/2020;4,18;4,30;4391,78;4311,76;4310,12
Tesouro IPCA+ com Juros Semestrais;15/08/2050;15/10/2020;4,27;4,39;4333,17;4254,75;4253,15
Tesouro IPCA+ com Juros Semestrais;15/08/2050;16/10/2020;4,26;4,38;4343,20;4264,56;4261,21
Tesouro IPCA+ com Juros Semestrais;15/08/2050;19/10/2020;4,20;4,32;4384,95;4305,22;4303,61
Tesouro IPCA+ com Juros Semestrais;15/08/2050;20/10/2020;4,17;4,29;4406,84;4326,56;4324,95
Tesouro IPCA+ com Juros Semestrais;15/08/2050;21/10/2020;4,19;4,31;4394,93;4315,00;4313,39
Tesouro IPCA+ com Juros Semestrais;15/08/2050;22/10/2020;4,21;4,33;4383,07;4303,50;4301,89
Tesouro IPCA+ com Juros Semestrais;15/08/2050;23/10/2020;4,22;4,34;4379,78;4300,34;4296,97
Tesouro IPCA+ com Juros Semestrais;15/08/2050;26/10/2020;4,26;4,38;4357,52;4278,75;4276,91
Tesouro IPCA+ com Juros Semestrais;15/08/2050;27/10/2020;4,26;4,38;4359,38;4280,59;4278,75
Tesouro IPCA+ com Juros Semestrais;15/08/2050;28/10/2020;4,34;4,46;4308,46;4231,07;4229,24
Tesouro IPCA+ com Juros Semestrais;15/08/2050;29/10/2020;4,31;4,43;4329,99;4252,06;4250,22
Tesouro IPCA+ com Juros Semestrais;15/08/2050;30/10/2020;4,30;4,42;4341,82;4263,64;4258,47
Tesouro IPCA+ com Juros Semestrais;15/08/2050;03/11/2020;4,27;4,39;4363,56;4284,83;4282,99
Tesouro IPCA+ com Juros Semestrais;15/08/2050;04/11/2020;4,27;4,39;4365,42;4286,68;4284,83
Tesouro IPCA+ com Juros Semestrais;15/08/2050;05/11/2020;4,27;4,39;4367,28;4288,53;4286,68
Tesouro IPCA+ com Juros Semestrais;15/08/2050;06/11/2020;4,23;4,35;4399,93;4320,37;4316,06
Tesouro IPCA+ com Juros Semestrais;15/08/2050;09/11/2020;4,12;4,24;4476,75;4395,16;4393,22
Tesouro IPCA+ com Juros Semestrais;15/08/2050;10/11/2020;4,11;4,23;4485,60;4403,81;4401,87
Tesouro IPCA+ com Juros Semestrais;15/08/2050;11/11/2020;4,26;4,38;4385,64;4306,57;4304,65
Tesouro IPCA+ com Juros Semestrais;15/08/2050;12/11/2020;4,22;4,34;4414,42;4334,62;4332,69
Tesouro IPCA+ com Juros Semestrais;15/08/2050;13/11/2020;4,27;4,39;4384,74;4305,79;4302,00
Tesouro IPCA+ com Juros Semestrais;15/08/2050;16/11/2020;4,20;4,32;4433,22;4353,00;4351,59
Tesouro IPCA+ com Juros Semestrais;15/08/2050;17/11/2020;4,26;4,38;4394,25;4315,10;4313,70
Tesouro IPCA+ com Juros Semestrais;15/08/2050;18/11/2020;4,27;4,39;4388,99;4310,01;4308,60
Tesouro IPCA+ com Juros Semestrais;15/08/2050;19/11/2020;4,31;4,43;4363,84;4285,57;4284,16
Tesouro IPCA+ com Juros Semestrais;15/08/2050;20/11/2020;4,26;4,38;4399,87;4320,68;4317,92
Tesouro IPCA+ com Juros Semestrais;15/08/2050;23/11/2020;4,32;4,44;4361,42;4283,29;4281,89
Tesouro IPCA+ com Juros Semestrais;15/08/2050;24/11/2020;4,32;4,44;4362,83;4284,70;4283,29
Tesouro IPCA+ com Juros Semestrais;15/08/2050;25/11/2020;4,29;4,41;4388,91;4310,16;4308,32
Tesouro IPCA+ com Juros Semestrais;15/08/2050;26/11/2020;4,30;4,42;4384,12;4305,53;4303,69
Tesouro IPCA+ com Juros Semestrais;15/08/2050;27/11/2020;4,23;4,35;4435,09;4355,19;4351,11
Tesouro IPCA+ com Juros Semestrais;15/08/2050;30/11/2020;4,20;4,32;4457,27;4376,81;4374,96
Tesouro IPCA+ com Juros Semestrais;15/08/2050;01/12/2020;4,17;4,29;4479,60;4398,58;4396,72
Tesouro IPCA+ com Juros Semestrais;15/08/2050;02/12/2020;4,09;4,21;4536,74;4454,22;4452,35
Tesouro IPCA+ com Juros Semestrais;15/08/2050;03/12/2020;4,04;4,16;4573,69;4490,20;4488,33
Tesouro IPCA+ com Juros Semestrais;15/08/2050;04/12/2020;3,99;4,11;4613,41;4528,91;4524,71
Tesouro IPCA+ com Juros Semestrais;15/08/2050;07/12/2020;3,97;4,09;4629,61;4544,71;4542,83
Tesouro IPCA+ com Juros Semestrais;15/08/2050;08/12/2020;4,03;4,15;4593,14;4509,30;4507,24
Tesouro IPCA+ com Juros Semestrais;15/08/2050;09/12/2020;3,98;4,10;4630,84;4546,02;4543,95
Tesouro IPCA+ com Juros Semestrais;15/08/2050;10/12/2020;3,93;4,05;4668,97;4583,15;4581,08
Tesouro IPCA+ com Juros Semestrais;15/08/2050;11/12/2020;3,89;4,01;4702,97;4616,30;4611,49
Tesouro IPCA+ com Juros Semestrais;15/08/2050;14/12/2020;3,84;3,96;4741,91;4654,22;4652,13
Tesouro IPCA+ com Juros Semestrais;15/08/2050;15/12/2020;3,86;3,98;4729,75;4642,43;4639,84
Tesouro IPCA+ com Juros Semestrais;15/08/2050;16/12/2020;3,87;3,99;4725,00;4637,86;4635,26
Tesouro IPCA+ com Juros Semestrais;15/08/2050;17/12/2020;3,86;3,98;4734,99;4647,62;4645,03
Tesouro IPCA+ com Juros Semestrais;15/08/2050;18/12/2020;3,89;4,01;4719,35;4632,49;4626,15
Tesouro IPCA+ com Juros Semestrais;15/08/2050;21/12/2020;3,93;4,05;4692,74;4606,64;4604,06
Tesouro IPCA+ com Juros Semestrais;15/08/2050;22/12/2020;3,83;3,95;4768,96;4680,84;4678,23
Tesouro IPCA+ com Juros Semestrais;15/08/2050;23/12/2020;3,81;3,93;4793,99;4705,31;4694,76
Tesouro IPCA+ com Juros Semestrais;15/08/2050;28/12/2020;3,83;3,95;4781,61;4693,31;4690,77
Tesouro IPCA+ com Juros Semestrais;15/08/2050;29/12/2020;3,81;3,93;4799,14;4710,41;4707,86
Tesouro IPCA+ com Juros Semestrais;15/08/2050;30/12/2020;3,78;3,90;4832,49;4742,99;4732,36
Tesouro IPCA+ com Juros Semestrais;15/08/2050;04/01/2021;3,74;3,86;4865,47;4775,12;4772,55
Tesouro IPCA+ com Juros Semestrais;15/08/2050;05/01/2021;3,75;3,87;4860,44;4770,27;4767,70
Tesouro IPCA+ com Juros Semestrais;15/08/2050;06/01/2021;3,83;3,95;4802,63;4714,07;4711,52
Tesouro IPCA+ com Juros Semestrais;15/08/2050;07/01/2021;3,86;3,98;4782,84;4694,86;4692,31
Tesouro IPCA+ com Juros Semestrais;15/08/2050;08/01/2021;3,87;3,99;4781,69;4693,83;4687,64
Tesouro IPCA+ com Juros Semestrais;15/08/2050;11/01/2021;3,96;4,08;4718,13;4632,03;4629,49
Tesouro IPCA+ com Juros Semestrais;15/08/2050;12/01/2021;3,99;4,11;4705,01;4619,36;4616,62
Tesouro IPCA+ com Juros Semestrais;15/08/2050;13/01/2021;3,95;4,07;4736,86;4650,40;4647,65
Tesouro IPCA+ com Juros Semestrais;15/08/2050;14/01/2021;3,96;4,08;4732,34;4646,05;4643,30
Tesouro IPCA+ com Juros Semestrais;15/08/2050;15/01/2021;3,95;4,07;4741,61;4655,10;4653,15
Tesouro IPCA+ com Juros Semestrais;15/08/2050;18/01/2021;3,97;4,09;4728,17;4642,05;4640,91
Tesouro IPCA+ com Juros Semestrais;15/08/2050;19/01/2021;3,95;4,07;4743,89;4657,38;4656,24
Tesouro IPCA+ com Juros Semestrais;15/08/2050;20/01/2021;4,05;4,17;4672,78;4588,22;4587,08
Tesouro IPCA+ com Juros Semestrais;15/08/2050;21/01/2021;4,02;4,14;4695,43;4610,29;4609,15
Tesouro IPCA+ com Juros Semestrais;15/08/2050;22/01/2021;4,12;4,24;4627,41;4544,17;4541,09
Tesouro IPCA+ com Juros Semestrais;15/08/2050;26/01/2021;4,04;4,16;4685,32;4600,56;4599,41
Tesouro IPCA+ com Juros Semestrais;15/08/2050;27/01/2021;4,09;4,21;4651,45;4567,63;4566,44
Tesouro IPCA+ com Juros Semestrais;15/08/2050;28/01/2021;4,06;4,18;4673,95;4589,56;4588,37
Tesouro IPCA+ com Juros Semestrais;15/08/2050;29/01/2021;3,96;4,08;4748,17;4661,82;4659,73
Tesouro IPCA+ com Juros Semestrais;15/08/2050;01/02/2021;3,93;4,05;4771,32;4684,37;4683,18
Tesouro IPCA+ com Juros Semestrais;15/08/2050;02/02/2021;3,97;4,09;4743,26;4657,11;4655,92
Tesouro IPCA+ com Juros Semestrais;15/08/2050;03/02/2021;3,91;4,03;4788,42;4701,08;4699,89
Tesouro IPCA+ com Juros Semestrais;15/08/2050;04/02/2021;3,89;4,01;4804,41;4716,67;4715,47
Tesouro IPCA+ com Juros Semestrais;15/08/2050;05/02/2021;3,89;4,01;4806,53;4718,77;4716,67
Tesouro IPCA+ com Juros Semestrais;15/08/2050;08/02/2021;3,88;4,00;4815,14;4727,18;4725,99
Tesouro IPCA+ com Juros Semestrais;15/08/2050;09/02/2021;3,92;4,04;4784,74;4697,62;4696,50
Tesouro IPCA+ com Juros Semestrais;15/08/2050;10/02/2021;3,97;4,09;4749,27;4663,13;4662,02
Tesouro IPCA+ com Juros Semestrais;15/08/2050;11/02/2021;3,90;4,02;4801,73;4714,21;4713,09
Tesouro IPCA+ com Juros Semestrais;15/08/2050;12/02/2021;3,93;4,05;4681,64;4594,67;4692,70
Tesouro IPCA+ com Juros Semestrais;15/08/2050;17/02/2021;3,98;4,10;4646,92;4560,92;4559,12
Tesouro IPCA+ com Juros Semestrais;15/08/2050;18/02/2021;3,94;4,06;4677,93;4591,13;4589,33
Tesouro IPCA+ com Juros Semestrais;15/08/2050;19/02/2021;3,99;4,11;4645,47;4559,60;4555,65
Tesouro IPCA+ com Juros Semestrais;15/08/2050;22/02/2021;4,13;4,25;4547,31;4464,11;4462,32
Tesouro IPCA+ com Juros Semestrais;15/08/2050;23/02/2021;4,05;4,17;4605,86;4521,12;4519,32
Tesouro IPCA+ com Juros Semestrais;15/08/2050;24/02/2021;4,10;4,22;4572,07;4488,28;4486,48
Tesouro IPCA+ com Juros Semestrais;15/08/2050;25/02/2021;4,20;4,32;4503,88;4421,94;4420,16
Tesouro IPCA+ com Juros Semestrais;15/08/2050;26/02/2021;4,13;4,25;4556,65;4473,36;4469,47
Tesouro IPCA+ com Juros Semestrais;15/08/2050;01/03/2021;4,21;4,33;4502,67;4420,85;4419,07
Tesouro IPCA+ com Juros Semestrais;15/08/2050;02/03/2021;4,29;4,41;4449,67;4369,30;4367,53
Tesouro IPCA+ com Juros Semestrais;15/08/2050;03/03/2021;4,30;4,42;4444,67;4364,47;4362,70
Tesouro IPCA+ com Juros Semestrais;15/08/2050;04/03/2021;4,00;4,12;4656,75;4570,91;4569,11
Tesouro IPCA+ com Juros Semestrais;15/08/2050;05/03/2021;4,18;4,30;4532,79;4450,34;4446,46
Tesouro IPCA+ com Juros Semestrais;15/08/2050;08/03/2021;4,16;4,28;4548,56;4465,72;4463,92
Tesouro IPCA+ com Juros Semestrais;15/08/2050;09/03/2021;4,24;4,36;4494,88;4413,50;4411,72
Tesouro IPCA+ com Juros Semestrais;15/08/2050;10/03/2021;4,17;4,29;4545,18;4462,50;4460,70
Tesouro IPCA+ com Juros Semestrais;15/08/2050;11/03/2021;4,12;4,24;4590,23;4506,45;4504,33
Tesouro IPCA+ com Juros Semestrais;15/08/2050;12/03/2021;4,22;4,34;4525,15;4443,17;4438,35
Tesouro IPCA+ com Juros Semestrais;15/08/2050;15/03/2021;4,18;4,30;4555,00;4472,26;4470,25
Tesouro IPCA+ com Juros Semestrais;15/08/2050;16/03/2021;4,19;4,31;4550,04;4467,48;4465,47
Tesouro IPCA+ com Juros Semestrais;15/08/2050;17/03/2021;4,25;4,37;4510,50;4429,03;4427,02
Tesouro IPCA+ com Juros Semestrais;15/08/2050;18/03/2021;4,19;4,31;4554,10;4471,50;4469,49
Tesouro IPCA+ com Juros Semestrais;15/08/2050;19/03/2021;4,25;4,37;4517,10;4435,54;4431,03
Tesouro IPCA+ com Juros Semestrais;15/08/2050;22/03/2021;4,37;4,49;4437,55;4358,14;4356,15
Tesouro IPCA+ com Juros Semestrais;15/08/2050;23/03/2021;4,44;4,56;4392,97;4314,78;4312,80
Tesouro IPCA+ com Juros Semestrais;15/08/2050;24/03/2021;4,42;4,54;4408,21;4329,65;4327,67
Tesouro IPCA+ com Juros Semestrais;15/08/2050;25/03/2021;4,60;4,72;4293,14;4217,65;4215,69
Tesouro IPCA+ com Juros Semestrais;15/08/2050;26/03/2021;4,42;4,54;4417,87;4339,18;4334,08
Tesouro IPCA+ com Juros Semestrais;15/08/2050;29/03/2021;4,47;4,59;4387,05;4309,22;4307,01
Tesouro IPCA+ com Juros Semestrais;15/08/2050;30/03/2021;4,38;4,50;4449,05;4369,62;4367,40
Tesouro IPCA+ com Juros Semestrais;15/08/2050;31/03/2021;4,43;4,55;4417,93;4339,36;4337,14
Tesouro IPCA+ com Juros Semestrais;15/08/2050;01/04/2021;4,40;4,52;4444,59;4365,39;4358,80
Tesouro IPCA+ com Juros Semestrais;15/08/2050;05/04/2021;4,42;4,54;4433,48;4354,62;4352,40
Tesouro IPCA+ com Juros Semestrais;15/08/2050;06/04/2021;4,43;4,55;4429,07;4350,36;4348,14
Tesouro IPCA+ com Juros Semestrais;15/08/2050;07/04/2021;4,46;4,58;4411,43;4333,23;4331,01
Tesouro IPCA+ com Juros Semestrais;15/08/2050;08/04/2021;4,43;4,55;4433,55;4354,80;4352,58
Tesouro IPCA+ com Juros Semestrais;15/08/2050;09/04/2021;4,45;4,57;4421,12;4342,73;4338,07
Tesouro IPCA+ com Juros Semestrais;15/08/2050;12/04/2021;4,45;4,57;4423,21;4344,79;4342,73
Tesouro IPCA+ com Juros Semestrais;15/08/2050;13/04/2021;4,43;4,55;4438,57;4359,79;4357,72
Tesouro IPCA+ com Juros Semestrais;15/08/2050;14/04/2021;4,43;4,55;4440,66;4361,86;4359,79
Tesouro IPCA+ com Juros Semestrais;15/08/2050;15/04/2021;4,42;4,54;4448,66;4369,68;4368,35
Tesouro IPCA+ com Juros Semestrais;15/08/2050;16/04/2021;4,40;4,52;4464,53;4385,18;4382,70
Tesouro IPCA+ com Juros Semestrais;15/08/2050;19/04/2021;4,37;4,49;4486,05;4406,16;4404,82
Tesouro IPCA+ com Juros Semestrais;15/08/2050;20/04/2021;4,44;4,56;4441,10;4362,43;4360,53
Tesouro IPCA+ com Juros Semestrais;15/08/2050;22/04/2021;4,41;4,53;4462,44;4383,24;4381,91
Tesouro IPCA+ com Juros Semestrais;15/08/2050;23/04/2021;4,33;4,45;4518,95;4438,30;4435,81
Tesouro IPCA+ com Juros Semestrais;15/08/2050;26/04/2021;4,41;4,53;4466,29;4387,06;4385,72
Tesouro IPCA+ com Juros Semestrais;15/08/2050;27/04/2021;4,37;4,49;4494,52;4414,58;4413,23
Tesouro IPCA+ com Juros Semestrais;15/08/2050;28/04/2021;4,42;4,54;4460,22;4381,20;4380,00
Tesouro IPCA+ com Juros Semestrais;15/08/2050;29/04/2021;4,45;4,57;4441,46;4362,96;4361,77
Tesouro IPCA+ com Juros Semestrais;15/08/2050;30/04/2021;4,39;4,51;4483,56;4404,00;4401,95
Tesouro IPCA+ com Juros Semestrais;15/08/2050;03/05/2021;4,47;4,59;4431,48;4353,31;4352,12
Tesouro IPCA+ com Juros Semestrais;15/08/2050;04/05/2021;4,46;4,58;4439,29;4360,95;4359,75
Tesouro IPCA+ com Juros Semestrais;15/08/2050;05/05/2021;4,51;4,63;4407,59;4330,11;4328,92
Tesouro IPCA+ com Juros Semestrais;15/08/2050;06/05/2021;4,53;4,65;4395,73;4318,59;4317,39
Tesouro IPCA+ com Juros Semestrais;15/08/2050;07/05/2021;4,59;4,71;4358,94;4282,81;4280,79
Tesouro IPCA+ com Juros Semestrais;15/08/2050;10/05/2021;4,47;4,59;4438,32;4360,14;4358,94
Tesouro IPCA+ com Juros Semestrais;15/08/2050;11/05/2021;4,44;4,56;4460,20;4381,47;4380,25
Tesouro IPCA+ com Juros Semestrais;15/08/2050;12/05/2021;4,41;4,53;4481,44;4402,19;4400,96
Tesouro IPCA+ com Juros Semestrais;15/08/2050;13/05/2021;4,38;4,50;4502,82;4423,03;4421,80
Tesouro IPCA+ com Juros Semestrais;15/08/2050;14/05/2021;4,37;4,49;4512,82;4432,82;4429,60
Tesouro IPCA+ com Juros Semestrais;15/08/2050;17/05/2021;4,39;4,51;4501,12;4421,46;4419,69
Tesouro IPCA+ com Juros Semestrais;15/08/2050;18/05/2021;4,28;4,40;4577,83;4496,18;4494,40
Tesouro IPCA+ com Juros Semestrais;15/08/2050;19/05/2021;4,48;4,60;4444,72;4366,62;4364,86
Tesouro IPCA+ com Juros Semestrais;15/08/2050;20/05/2021;4,40;4,52;4499,74;4420,23;4418,46
Tesouro IPCA+ com Juros Semestrais;15/08/2050;21/05/2021;4,40;4,52;4503,55;4423,99;4420,23
Tesouro IPCA+ com Juros Semestrais;15/08/2050;24/05/2021;4,43;4,55;4485,24;4406,20;4404,42
Tesouro IPCA+ com Juros Semestrais;15/08/2050;25/05/2021;4,38;4,50;4520,59;4440,65;4438,87
Tesouro IPCA+ com Juros Semestrais;15/08/2050;26/05/2021;4,41;4,53;4502,36;4422,94;4421,15
Tesouro IPCA+ com Juros Semestrais;15/08/2050;27/05/2021;4,43;4,55;4490,77;4411,69;4409,90
Tesouro IPCA+ com Juros Semestrais;15/08/2050;28/05/2021;4,41;4,53;4508,02;4428,54;4424,72
Tesouro IPCA+ com Juros Semestrais;15/08/2050;31/05/2021;4,38;4,50;4530,02;4450,00;4448,21
Tesouro IPCA+ com Juros Semestrais;15/08/2050;01/06/2021;4,30;4,42;4586,39;4504,91;4503,11
Tesouro IPCA+ com Juros Semestrais;15/08/2050;02/06/2021;4,33;4,45;4568,67;4487,71;4484,88
Tesouro IPCA+ com Juros Semestrais;15/08/2050;04/06/2021;4,27;4,39;4613,89;4531,79;4527,92
Tesouro IPCA+ com Juros Semestrais;15/08/2050;07/06/2021;4,20;4,32;4664,65;4581,23;4579,42
Tesouro IPCA+ com Juros Semestrais;15/08/2050;08/06/2021;4,19;4,31;4673,53;4589,91;4588,10
Tesouro IPCA+ com Juros Semestrais;15/08/2050;09/06/2021;4,18;4,30;4687,11;4603,21;4601,21
Tesouro IPCA+ com Juros Semestrais;15/08/2050;10/06/2021;4,20;4,32;4674,98;4591,44;4589,44
Tesouro IPCA+ com Juros Semestrais;15/08/2050;11/06/2021;4,22;4,34;4665,39;4582,17;4577,73
Tesouro IPCA+ com Juros Semestrais;15/08/2050;14/06/2021;4,26;4,38;4639,41;4556,91;4554,92
Tesouro IPCA+ com Juros Semestrais;15/08/2050;15/06/2021;4,20;4,32;4683,13;4599,51;4597,88
Tesouro IPCA+ com Juros Semestrais;15/08/2050;16/06/2021;4,25;4,37;4649,65;4566,95;4565,33
Tesouro IPCA+ com Juros Semestrais;15/08/2050;17/06/2021;4,19;4,31;4693,48;4609,65;4608,02
Tesouro IPCA+ com Juros Semestrais;15/08/2050;18/06/2021;4,29;4,41;4626,82;4544,81;4541,50
Tesouro IPCA+ com Juros Semestrais;15/08/2050;21/06/2021;4,29;4,41;4628,45;4546,44;4544,81
Tesouro IPCA+ com Juros Semestrais;15/08/2050;22/06/2021;4,34;4,46;4595,64;4514,53;4512,91
Tesouro IPCA+ com Juros Semestrais;15/08/2050;23/06/2021;4,29;4,41;4631,72;4549,69;4548,06
Tesouro IPCA+ com Juros Semestrais;15/08/2050;24/06/2021;4,29;4,41;4633,35;4551,31;4549,69
Tesouro IPCA+ com Juros Semestrais;15/08/2050;25/06/2021;4,29;4,41;4636,72;4554,64;4551,31
Tesouro IPCA+ com Juros Semestrais;15/08/2050;28/06/2021;4,40;4,52;4563,45;4483,33;4481,68
Tesouro IPCA+ com Juros Semestrais;15/08/2050;29/06/2021;4,34;4,46;4605,97;4524,78;4523,12
Tesouro IPCA+ com Juros Semestrais;15/08/2050;30/06/2021;4,38;4,50;4580,33;4499,84;4498,19
Tesouro IPCA+ com Juros Semestrais;15/08/2050;01/07/2021;4,37;4,49;4588,80;4508,13;4506,47
Tesouro IPCA+ com Juros Semestrais;15/08/2050;02/07/2021;4,35;4,47;4605,89;4524,82;4521,42
Tesouro IPCA+ com Juros Semestrais;15/08/2050;05/07/2021;4,33;4,45;4621,29;4539,84;4538,18
Tesouro IPCA+ com Juros Semestrais;15/08/2050;06/07/2021;4,35;4,47;4609,23;4528,14;4526,48
Tesouro IPCA+ com Juros Semestrais;15/08/2050;07/07/2021;4,30;4,42;4645,33;4563,32;4561,66
Tesouro IPCA+ com Juros Semestrais;15/08/2050;08/07/2021;4,30;4,42;4648,39;4566,37;4561,58
Tesouro IPCA+ com Juros Semestrais;15/08/2050;12/07/2021;4,34;4,46;4622,40;4541,10;4539,51
Tesouro IPCA+ com Juros Semestrais;15/08/2050;13/07/2021;4,33;4,45;4630,87;4549,38;4547,79
Tesouro IPCA+ com Juros Semestrais;15/08/2050;14/07/2021;4,31;4,43;4646,25;4564,40;4562,81
Tesouro IPCA+ com Juros Semestrais;15/08/2050;15/07/2021;4,36;4,48;4613,82;4532,85;4530,93
Tesouro IPCA+ com Juros Semestrais;15/08/2050;16/07/2021;4,26;4,38;4687,26;4604,42;4600,18
Tesouro IPCA+ com Juros Semestrais;15/08/2050;19/07/2021;4,28;4,40;4675,25;4592,76;4590,83
Tesouro IPCA+ com Juros Semestrais;15/08/2050;20/07/2021;4,22;4,34;4719,29;4635,67;4633,73
Tesouro IPCA+ com Juros Semestrais;15/08/2050;21/07/2021;4,26;4,38;4693,12;4610,23;4608,30
Tesouro IPCA+ com Juros Semestrais;15/08/2050;22/07/2021;4,28;4,40;4681,10;4598,57;4596,63
Tesouro IPCA+ com Juros Semestrais;15/08/2050;23/07/2021;4,29;4,41;4678,43;4596,03;4591,79
Tesouro IPCA+ com Juros Semestrais;15/08/2050;26/07/2021;4,31;4,43;4669,18;4587,09;4584,93
Tesouro IPCA+ com Juros Semestrais;15/08/2050;27/07/2021;4,37;4,49;4630,03;4549,01;4546,86
Tesouro IPCA+ com Juros Semestrais;15/08/2050;28/07/2021;4,37;4,49;4632,20;4551,16;4549,01
Tesouro IPCA+ com Juros Semestrais;15/08/2050;29/07/2021;4,39;4,51;4620,71;4540,01;4537,86
Tesouro IPCA+ com Juros Semestrais;15/08/2050;30/07/2021;4,42;4,54;4605,25;4525,02;4520,17
Tesouro IPCA+ com Juros Semestrais;15/08/2050;02/08/2021;4,43;4,55;4600,64;4520,57;4518,43
Tesouro IPCA+ com Juros Semestrais;15/08/2050;03/08/2021;4,53;4,65;4535,92;4457,59;4455,45
Tesouro IPCA+ com Juros Semestrais;15/08/2050;04/08/2021;4,39;4,51;4632,16;4551,34;4549,18
Tesouro IPCA+ com Juros Semestrais;15/08/2050;05/08/2021;4,40;4,52;4627,51;4546,86;4544,70
Tesouro IPCA+ com Juros Semestrais;15/08/2050;06/08/2021;4,54;4,66;4538,48;4460,22;4455,42
Tesouro IPCA+ com Juros Semestrais;15/08/2050;09/08/2021;4,55;4,67;4534,03;4455,93;4453,79
Tesouro IPCA+ com Juros Semestrais;15/08/2050;10/08/2021;4,61;4,73;4498,04;4420,92;4418,74
Tesouro IPCA+ com Juros Semestrais;15/08/2050;11/08/2021;4,62;4,74;4493,72;4416,75;4414,58
Tesouro IPCA+ com Juros Semestrais;15/08/2050;12/08/2021;4,67;4,79;4463,59;4387,45;4385,28
Tesouro IPCA+ com Juros Semestrais;15/08/2050;13/08/2021;4,77;4,89;4297,63;4223,08;4218,93
Tesouro IPCA+ com Juros Semestrais;15/08/2050;16/08/2021;4,85;4,97;4249,26;4175,99;4174,45
Tesouro IPCA+ com Juros Semestrais;15/08/2050;17/08/2021;4,85;4,97;4250,81;4177,54;4175,99
Tesouro IPCA+ com Juros Semestrais;15/08/2050;18/08/2021;4,87;4,99;4240,01;4167,05;4165,51
Tesouro IPCA+ com Juros Semestrais;15/08/2050;19/08/2021;4,97;5,09;4180,62;4109,22;4107,68
Tesouro IPCA+ com Juros Semestrais;15/08/2050;20/08/2021;4,90;5,02;4226,19;4153,66;4150,65
Tesouro IPCA+ com Juros Semestrais;15/08/2050;23/08/2021;4,86;4,98;4252,34;4179,17;4177,62
Tesouro IPCA+ com Juros Semestrais;15/08/2050;24/08/2021;4,84;4,96;4266,28;4192,78;4191,23
Tesouro IPCA+ com Juros Semestrais;15/08/2050;25/08/2021;4,79;4,91;4299,03;4224,72;4223,17
Tesouro IPCA+ com Juros Semestrais;15/08/2050;26/08/2021;4,65;4,77;4391,66;4314,99;4313,28
Tesouro IPCA+ com Juros Semestrais;15/08/2050;27/08/2021;4,72;4,84;4350,25;4274,72;4271,20
Tesouro IPCA+ com Juros Semestrais;15/08/2050;30/08/2021;4,71;4,83;4358,36;4282,65;4280,94
Tesouro IPCA+ com Juros Semestrais;15/08/2050;31/08/2021;4,77;4,89;4321,97;4247,23;4245,53
Tesouro IPCA+ com Juros Semestrais;15/08/2050;01/09/2021;4,80;4,92;4304,82;4230,56;4228,85
Tesouro IPCA+ com Juros Semestrais;15/08/2050;02/09/2021;4,85;4,97;4275,35;4201,88;4200,18
Tesouro IPCA+ com Juros Semestrais;15/08/2050;03/09/2021;4,81;4,93;4303,81;4229,66;4226,16
Tesouro IPCA+ com Juros Semestrais;15/08/2050;06/09/2021;4,87;4,99;4269,11;4195,89;4193,30
Tesouro IPCA+ com Juros Semestrais;15/08/2050;08/09/2021;4,90;5,02;4252,33;4179,58;4177,88
Tesouro IPCA+ com Juros Semestrais;15/08/2050;09/09/2021;4,97;5,09;4218,74;4146,94;4144,97
Tesouro IPCA+ com Juros Semestrais;15/08/2050;10/09/2021;4,82;4,94;4315,57;4241,34;4236,98
Tesouro IPCA+ com Juros Semestrais;15/08/2050;13/09/2021;4,75;4,87;4361,79;4284,40;4284,40
Tesouro IPCA+ com Juros Semestrais;15/08/2050;14/09/2021;4,76;4,88;4357,45;4280,22;4280,22
Tesouro IPCA+ com Juros Semestrais;15/08/2050;15/09/2021;4,73;4,85;4378,81;4300,85;4300,85
Tesouro IPCA+ com Juros Semestrais;15/08/2050;16/09/2021;4,75;4,87;4368,29;4290,63;4290,63
Tesouro IPCA+ com Juros Semestrais;15/08/2050;17/09/2021;4,80;4,92;4341,70;4262,00;4262,00
Tesouro IPCA+ com Juros Semestrais;15/08/2050;20/09/2021;4,91;5,03;4275,38;4200,24;4200,24
Tesouro IPCA+ com Juros Semestrais;15/08/2050;21/09/2021;4,78;4,90;4358,81;4281,55;4281,55
Tesouro IPCA+ com Juros Semestrais;15/08/2050;22/09/2021;4,83;4,95;4329,53;4253,07;4253,07
Tesouro IPCA+ com Juros Semestrais;15/08/2050;23/09/2021;4,80;4,92;4350,64;4273,66;4273,66
Tesouro IPCA+ com Juros Semestrais;15/08/2050;24/09/2021;4,94;5,06;4268,63;4191,09;4191,09
Tesouro IPCA+ com Juros Semestrais;15/08/2050;27/09/2021;4,91;5,03;4289,30;4214,01;4214,01
Tesouro IPCA+ com Juros Semestrais;15/08/2050;28/09/2021;4,95;5,07;4271,67;4196,59;4196,59
Tesouro IPCA+ com Juros Semestrais;15/08/2050;29/09/2021;4,92;5,04;4292,67;4217,08;4217,08
Tesouro IPCA+ com Juros Semestrais;15/08/2050;30/09/2021;4,96;5,08;4270,67;4195,69;4195,69
Tesouro IPCA+ com Juros Semestrais;15/08/2050;01/10/2021;4,99;5,11;4258,41;4180,41;4180,41
Tesouro IPCA+ com Juros Semestrais;15/08/2050;04/10/2021;4,95;5,07;4285,42;4210,16;4210,16
Tesouro IPCA+ com Juros Semestrais;15/08/2050;05/10/2021;4,99;5,11;4263,53;4188,89;4188,89
Tesouro IPCA+ com Juros Semestrais;15/08/2050;06/10/2021;5,06;5,18;4223,79;4150,22;4150,22
Tesouro IPCA+ com Juros Semestrais;15/08/2050;07/10/2021;5,01;5,13;4256,50;4182,12;4182,12
Tesouro IPCA+ com Juros Semestrais;15/08/2050;08/10/2021;4,98;5,10;4278,24;4200,21;4200,21
Tesouro IPCA+ com Juros Semestrais;15/08/2050;11/10/2021;5,06;5,18;4233,88;4158,69;4158,69
Tesouro IPCA+ com Juros Semestrais;15/08/2050;13/10/2021;5,02;5,14;4260,48;4186,24;4186,24
Tesouro IPCA+ com Juros Semestrais;15/08/2050;14/10/2021;5,01;5,13;4269,02;4194,59;4194,59
Tesouro IPCA+ com Juros Semestrais;15/08/2050;15/10/2021;5,09;5,21;4224,50;4150,07;4150,07
Tesouro IPCA+ com Juros Semestrais;15/08/2050;18/10/2021;5,16;5,28;4184,76;4113,25;4113,25
Tesouro IPCA+ com Juros Semestrais;15/08/2050;19/10/2021;5,31;5,43;4099,62;4030,32;4030,32
Tesouro IPCA+ com Juros Semestrais;15/08/2050;20/10/2021;5,27;5,39;4124,30;4054,39;4054,39
Tesouro IPCA+ com Juros Semestrais;15/08/2050;21/10/2021;5,53;5,65;3980,56;3914,33;3914,33
Tesouro IPCA+ com Juros Semestrais;15/08/2050;22/10/2021;5,52;5,64;3989,55;3921,38;3921,38
Tesouro IPCA+ com Juros Semestrais;15/08/2050;25/10/2021;5,44;5,56;4035,35;3967,81;3967,81
Tesouro IPCA+ com Juros Semestrais;15/08/2050;26/10/2021;5,55;5,67;3976,72;3910,70;3910,70
Tesouro IPCA+ com Juros Semestrais;15/08/2050;27/10/2021;5,52;5,64;4000,29;3933,34;3933,34
Tesouro IPCA+ com Juros Semestrais;15/08/2050;28/10/2021;5,55;5,67;3986,10;3919,55;3919,55
Tesouro IPCA+ com Juros Semestrais;15/08/2050;29/10/2021;5,66;5,78;3931,76;3864,09;3864,09
Tesouro IPCA+ com Juros Semestrais;15/08/2050;01/11/2021;5,43;5,55;4060,57;3990,91;3990,91
Tesouro IPCA+ com Juros Semestrais;15/08/2050;03/11/2021;5,59;5,71;3974,90;3908,77;3908,77
Tesouro IPCA+ com Juros Semestrais;15/08/2050;04/11/2021;5,28;5,40;4150,11;4079,57;4079,57
Tesouro IPCA+ com Juros Semestrais;15/08/2050;05/11/2021;5,35;5,47;4114,96;4042,71;4042,71
Tesouro IPCA+ com Juros Semestrais;15/08/2050;08/11/2021;5,40;5,52;4088,88;4020,00;4020,00
Tesouro IPCA+ com Juros Semestrais;15/08/2050;09/11/2021;5,28;5,40;4159,52;4088,88;4088,88
Tesouro IPCA+ com Juros Semestrais;15/08/2050;10/11/2021;5,36;5,48;4123,72;4053,81;4053,81
Tesouro IPCA+ com Juros Semestrais;15/08/2050;11/11/2021;5,26;5,38;4183,77;4112,36;4112,36
Tesouro IPCA+ com Juros Semestrais;15/08/2050;12/11/2021;5,29;5,41;4173,61;4097,92;4097,92
Tesouro IPCA+ com Juros Semestrais;15/08/2050;16/11/2021;5,26;5,38;4193,26;4122,03;4122,03
Tesouro IPCA+ com Juros Semestrais;15/08/2050;17/11/2021;5,34;5,46;4149,27;4079,19;4079,19
Tesouro IPCA+ com Juros Semestrais;15/08/2050;18/11/2021;5,31;5,43;4168,73;4098,20;4098,20
Tesouro IPCA+ com Juros Semestrais;15/08/2050;19/11/2021;5,29;5,41;4185,27;4111,67;4111,67
Tesouro IPCA+ com Juros Semestrais;15/08/2050;22/11/2021;5,32;5,44;4170,16;4099,69;4099,69
Tesouro IPCA+ com Juros Semestrais;15/08/2050;23/11/2021;5,36;5,48;4149,43;4079,53;4079,53
Tesouro IPCA+ com Juros Semestrais;15/08/2050;24/11/2021;5,33;5,45;4168,86;4098,49;4098,49
Tesouro IPCA+ com Juros Semestrais;15/08/2050;25/11/2021;5,28;5,40;4200,01;4128,89;4128,89
Tesouro IPCA+ com Juros Semestrais;15/08/2050;26/11/2021;5,34;5,46;4172,04;4098,65;4098,65
Tesouro IPCA+ com Juros Semestrais;15/08/2050;29/11/2021;5,33;5,45;4180,15;4109,53;4109,53
Tesouro IPCA+ com Juros Semestrais;15/08/2050;30/11/2021;5,28;5,40;4211,49;4140,11;4140,11
Tesouro IPCA+ com Juros Semestrais;15/08/2050;01/12/2021;5,21;5,33;4254,96;4182,51;4182,51
Tesouro IPCA+ com Juros Semestrais;15/08/2050;02/12/2021;5,35;5,47;4175,72;4105,33;4105,33
Tesouro IPCA+ com Juros Semestrais;15/08/2050;03/12/2021;5,22;5,34;4256,86;4181,47;4181,47
Tesouro IPCA+ com Juros Semestrais;15/08/2050;06/12/2021;5,23;5,35;4253,33;4181,07;4181,07
Tesouro IPCA+ com Juros Semestrais;15/08/2050;07/12/2021;5,20;5,32;4273,48;4200,74;4200,74
Tesouro IPCA+ com Juros Semestrais;15/08/2050;08/12/2021;5,15;5,27;4305,74;4232,21;4232,21
Tesouro IPCA+ com Juros Semestrais;15/08/2050;09/12/2021;5,09;5,21;4344,41;4269,93;4269,93
Tesouro IPCA+ com Juros Semestrais;15/08/2050;10/12/2021;5,10;5,22;4338,64;4261,83;4261,83
Tesouro IPCA+ com Juros Semestrais;15/08/2050;13/12/2021;5,01;5,13;4396,04;4320,49;4320,49
Tesouro IPCA+ com Juros Semestrais;15/08/2050;14/12/2021;5,02;5,14;4392,10;4316,68;4316,68
Tesouro IPCA+ com Juros Semestrais;15/08/2050;15/12/2021;5,14;5,26;4320,72;4247,56;4247,56
Tesouro IPCA+ com Juros Semestrais;15/08/2050;16/12/2021;5,15;5,27;4316,52;4243,51;4243,51
Tesouro IPCA+ com Juros Semestrais;15/08/2050;17/12/2021;5,28;5,40;4243,15;4170,20;4170,20
Tesouro IPCA+ com Juros Semestrais;15/08/2050;20/12/2021;5,38;5,50;4187,07;4117,43;4117,43
Tesouro IPCA+ com Juros Semestrais;15/08/2050;21/12/2021;5,30;5,42;4235,09;4164,26;4164,26
Tesouro IPCA+ com Juros Semestrais;15/08/2050;22/12/2021;5,30;5,42;4236,90;4166,06;4166,06
Tesouro IPCA+ com Juros Semestrais;15/08/2050;23/12/2021;5,26;5,38;4265,82;4190,67;4190,67
Tesouro IPCA+ com Juros Semestrais;15/08/2050;27/12/2021;5,37;5,49;4202,46;4132,69;4132,69
Tesouro IPCA+ com Juros Semestrais;15/08/2050;28/12/2021;5,36;5,48;4209,92;4140,00;4140,00
Tesouro IPCA+ com Juros Semestrais;15/08/2050;29/12/2021;5,39;5,51;4194,41;4124,91;4124,91
Tesouro IPCA+ com Juros Semestrais;15/08/2050;30/12/2021;5,39;5,51;4199,51;4126,61;4126,61
Tesouro IPCA+ com Juros Semestrais;15/08/2050;03/01/2022;5,41;5,53;4189,79;4120,52;4120,52
Tesouro IPCA+ com Juros Semestrais;15/08/2050;04/01/2022;5,44;5,56;4174,45;4105,60;4105,60
Tesouro IPCA+ com Juros Semestrais;15/08/2050;05/01/2022;5,47;5,59;4159,21;4090,78;4090,78
Tesouro IPCA+ com Juros Semestrais;15/08/2050;06/01/2022;5,60;5,72;4088,69;4022,06;4022,06
Tesouro IPCA+ com Juros Semestrais;15/08/2050;07/01/2022;5,57;5,69;4108,52;4039,83;4039,83
Tesouro IPCA+ com Juros Semestrais;15/08/2050;10/01/2022;5,60;5,72;4093,72;4027,05;4027,05
Tesouro IPCA+ com Juros Semestrais;15/08/2050;11/01/2022;5,70;5,82;4045,14;3979,60;3979,60
Tesouro IPCA+ com Juros Semestrais;15/08/2050;12/01/2022;5,73;5,85;4030,90;3965,75;3965,75
Tesouro IPCA+ com Juros Semestrais;15/08/2050;13/01/2022;5,71;5,83;4043,45;3978,02;3978,02
Tesouro IPCA+ com Juros Semestrais;15/08/2050;14/01/2022;5,67;5,79;4068,02;4000,87;4000,87
Tesouro IPCA+ com Juros Semestrais;15/08/2050;17/01/2022;5,69;5,81;4058,70;3993,32;3993,32
Tesouro IPCA+ com Juros Semestrais;15/08/2050;18/01/2022;5,70;5,82;4054,79;3989,54;3989,54
Tesouro IPCA+ com Juros Semestrais;15/08/2050;19/01/2022;5,70;5,82;4056,27;3991,02;3991,02
Tesouro IPCA+ com Juros Semestrais;15/08/2050;20/01/2022;5,67;5,79;4073,95;4008,29;4008,29
Tesouro IPCA+ com Juros Semestrais;15/08/2050;21/01/2022;5,74;5,86;4038,96;3973,06;3973,06
Tesouro IPCA+ com Juros Semestrais;15/08/2050;24/01/2022;5,68;5,80;4072,68;4007,12;4007,12
Tesouro IPCA+ com Juros Semestrais;15/08/2050;25/01/2022;5,65;5,77;4090,44;4024,47;4024,47
Tesouro IPCA+ com Juros Semestrais;15/08/2050;26/01/2022;5,64;5,76;4097,37;4031,26;4031,26
Tesouro IPCA+ com Juros Semestrais;15/08/2050;27/01/2022;5,73;5,85;4051,92;3986,86;3986,86
Tesouro IPCA+ com Juros Semestrais;15/08/2050;28/01/2022;5,65;5,77;4098,18;4030,59;4030,59
Tesouro IPCA+ com Juros Semestrais;15/08/2050;31/01/2022;5,69;5,81;4078,10;4012,47;4012,47
Tesouro IPCA+ com Juros Semestrais;15/08/2050;01/02/2022;5,60;5,72;4128,81;4061,94;4061,94
Tesouro IPCA+ com Juros Semestrais;15/08/2050;02/02/2022;5,60;5,72;4130,43;4063,56;4063,56
Tesouro IPCA+ com Juros Semestrais;15/08/2050;03/02/2022;5,55;5,67;4159,74;4092,17;4092,17
Tesouro IPCA+ com Juros Semestrais;15/08/2050;04/02/2022;5,59;5,71;4140,66;4072,17;4072,17
Tesouro IPCA+ com Juros Semestrais;15/08/2050;07/02/2022;5,57;5,69;4153,35;4086,02;4086,02
Tesouro IPCA+ com Juros Semestrais;15/08/2050;08/02/2022;5,55;5,67;4166,10;4098,48;4098,48
Tesouro IPCA+ com Juros Semestrais;15/08/2050;09/02/2022;5,55;5,67;4167,38;4099,77;4099,77
Tesouro IPCA+ com Juros Semestrais;15/08/2050;10/02/2022;5,64;5,76;4119,34;4052,96;4052,96
Tesouro IPCA+ com Juros Semestrais;15/08/2050;11/02/2022;5,65;5,77;4116,92;4049,24;4049,24
Tesouro IPCA+ com Juros Semestrais;15/08/2050;14/02/2022;5,68;5,80;3989,55;4036,34;4036,34
Tesouro IPCA+ com Juros Semestrais;15/08/2050;15/02/2022;5,67;5,79;3997,12;3930,58;3930,58
Tesouro IPCA+ com Juros Semestrais;15/08/2050;16/02/2022;5,61;5,73;4032,09;3964,71;3964,71
Tesouro IPCA+ com Juros Semestrais;15/08/2050;17/02/2022;5,64;5,76;4017,77;3950,78;3950,78
Tesouro IPCA+ com Juros Semestrais;15/08/2050;18/02/2022;5,70;5,82;3989,80;3921,08;3921,08
Tesouro IPCA+ com Juros Semestrais;15/08/2050;21/02/2022;5,73;5,85;3975,76;3909,91;3909,91
Tesouro IPCA+ com Juros Semestrais;15/08/2050;22/02/2022;5,69;5,81;3999,50;3933,10;3933,10
Tesouro IPCA+ com Juros Semestrais;15/08/2050;23/02/2022;5,74;5,86;3974,66;3908,91;3908,91
Tesouro IPCA+ com Juros Semestrais;15/08/2050;24/02/2022;5,80;5,92;3945,48;3880,42;3880,42
Tesouro IPCA+ com Juros Semestrais;15/08/2050;25/02/2022;5,68;5,80;4017,52;3945,48;3945,48
Tesouro IPCA+ com Juros Semestrais;15/08/2050;02/03/2022;5,68;5,80;4019,74;3952,96;3952,96
Tesouro IPCA+ com Juros Semestrais;15/08/2050;03/03/2022;5,77;5,89;3973,37;3907,78;3907,78
Tesouro IPCA+ com Juros Semestrais;15/08/2050;04/03/2022;5,76;5,88;3983,60;3915,19;3915,19
Tesouro IPCA+ com Juros Semestrais;15/08/2050;07/03/2022;5,86;5,98;3932,70;3868,21;3868,21
Tesouro IPCA+ com Juros Semestrais;15/08/2050;08/03/2022;5,86;5,98;3934,90;3870,40;3870,40
Tesouro IPCA+ com Juros Semestrais;15/08/2050;09/03/2022;5,78;5,90;3979,54;3913,96;3913,96
Tesouro IPCA+ com Juros Semestrais;15/08/2050;10/03/2022;5,89;6,01;3923,58;3859,43;3859,43
Tesouro IPCA+ com Juros Semestrais;15/08/2050;11/03/2022;5,80;5,92;3978,61;3910,27;3910,27
Tesouro IPCA+ com Juros Semestrais;15/08/2050;14/03/2022;5,94;6,06;3907,28;3843,55;3843,55
Tesouro IPCA+ com Juros Semestrais;15/08/2050;15/03/2022;5,85;5,97;3956,47;3891,78;3891,78
Tesouro IPCA+ com Juros Semestrais;15/08/2050;16/03/2022;5,90;6,02;3932,27;3868,21;3868,21
Tesouro IPCA+ com Juros Semestrais;15/08/2050;17/03/2022;5,91;6,03;3929,12;3865,18;3865,18
Tesouro IPCA+ com Juros Semestrais;15/08/2050;18/03/2022;5,88;6,00;3949,30;3882,57;3882,57
Tesouro IPCA+ com Juros Semestrais;15/08/2050;21/03/2022;5,84;5,96;3972,51;3907,59;3907,59
Tesouro IPCA+ com Juros Semestrais;15/08/2050;22/03/2022;5,82;5,94;3985,24;3920,03;3920,03
Tesouro IPCA+ com Juros Semestrais;15/08/2050;23/03/2022;5,75;5,87;4024,90;3958,75;3958,75
Tesouro IPCA+ com Juros Semestrais;15/08/2050;24/03/2022;5,73;5,85;4037,85;3971,40;3971,40
Tesouro IPCA+ com Juros Semestrais;15/08/2050;25/03/2022;5,58;5,70;4125,20;4054,19;4054,19
Tesouro IPCA+ com Juros Semestrais;15/08/2050;28/03/2022;5,49;5,61;4184,64;4114,23;4114,23
Tesouro IPCA+ com Juros Semestrais;15/08/2050;29/03/2022;5,51;5,63;4175,81;4105,67;4105,67
Tesouro IPCA+ com Juros Semestrais;15/08/2050;30/03/2022;5,58;5,70;4138,78;4069,60;4069,60
Tesouro IPCA+ com Juros Semestrais;15/08/2050;31/03/2022;5,57;5,69;4147,00;4077,66;4077,66
Tesouro IPCA+ com Juros Semestrais;15/08/2050;01/04/2022;5,59;5,71;4141,74;4069,26;4069,26
Tesouro IPCA+ com Juros Semestrais;15/08/2050;04/04/2022;5,52;5,64;4183,96;4113,80;4113,80
Tesouro IPCA+ com Juros Semestrais;15/08/2050;05/04/2022;5,51;5,63;4192,28;4121,95;4121,95
Tesouro IPCA+ com Juros Semestrais;15/08/2050;06/04/2022;5,58;5,70;4155,16;4085,80;4085,80
Tesouro IPCA+ com Juros Semestrais;15/08/2050;07/04/2022;5,52;5,64;4191,80;4121,56;4121,56
Tesouro IPCA+ com Juros Semestrais;15/08/2050;08/04/2022;5,56;5,68;4187,29;4112,63;4112,63
Tesouro IPCA+ com Juros Semestrais;15/08/2050;11/04/2022;5,63;5,75;4150,85;4081,41;4081,41
Tesouro IPCA+ com Juros Semestrais;15/08/2050;12/04/2022;5,71;5,83;4109,42;4041,07;4041,07
Tesouro IPCA+ com Juros Semestrais;15/08/2050;13/04/2022;5,70;5,82;4117,98;4049,46;4049,46
Tesouro IPCA+ com Juros Semestrais;15/08/2050;14/04/2022;5,72;5,84;4113,10;4041,71;4041,71
Tesouro IPCA+ com Juros Semestrais;15/08/2050;18/04/2022;5,77;5,89;4087,63;4021,04;4021,04
Tesouro IPCA+ com Juros Semestrais;15/08/2050;19/04/2022;5,68;5,80;4139,14;4071,31;4071,31
Tesouro IPCA+ com Juros Semestrais;15/08/2050;20/04/2022;5,72;5,84;4119,98;4051,65;4051,65
Tesouro IPCA+ com Juros Semestrais;15/08/2050;22/04/2022;5,78;5,90;4091,10;4022,52;4022,52
Tesouro IPCA+ com Juros Semestrais;15/08/2050;25/04/2022;5,75;5,87;4109,45;4042,49;4042,49
Tesouro IPCA+ com Juros Semestrais;15/08/2050;26/04/2022;5,74;5,86;4116,90;4049,78;4049,78
Tesouro IPCA+ com Juros Semestrais;15/08/2050;27/04/2022;5,74;5,86;4118,85;4051,72;4051,72
Tesouro IPCA+ com Juros Semestrais;15/08/2050;28/04/2022;5,79;5,91;4096,85;4030,09;4030,09
Tesouro IPCA+ com Juros Semestrais;15/08/2050;29/04/2022;5,76;5,88;4118,01;4048,26;4048,26
Tesouro IPCA+ com Juros Semestrais;15/08/2050;02/05/2022;5,77;5,89;4114,73;4047,62;4047,62
Tesouro IPCA+ com Juros Semestrais;15/08/2050;03/05/2022;5,78;5,90;4111,45;4044,46;4044,46
Tesouro IPCA+ com Juros Semestrais;15/08/2050;04/05/2022;5,84;5,96;4081,04;4014,84;4014,84
Tesouro IPCA+ com Juros Semestrais;15/08/2050;05/05/2022;5,73;5,85;4143,35;4075,64;4075,64
Tesouro IPCA+ com Juros Semestrais;15/08/2050;06/05/2022;5,80;5,92;4109,70;4040,36;4040,36
Tesouro IPCA+ com Juros Semestrais;15/08/2050;09/05/2022;5,86;5,98;4079,37;4013,35;4013,35
Tesouro IPCA+ com Juros Semestrais;15/08/2050;10/05/2022;5,79;5,91;4119,56;4052,58;4052,58
Tesouro IPCA+ com Juros Semestrais;15/08/2050;11/05/2022;5,90;6,02;4066,64;4000,88;4000,88
Tesouro IPCA+ com Juros Semestrais;15/08/2050;12/05/2022;5,91;6,03;4063,65;3998,00;3998,00
Tesouro IPCA+ com Juros Semestrais;15/08/2050;13/05/2022;5,83;5,95;4111,16;4042,37;4042,37
Tesouro IPCA+ com Juros Semestrais;15/08/2050;16/05/2022;5,82;5,94;4118,13;4052,05;4052,05
Tesouro IPCA+ com Juros Semestrais;15/08/2050;17/05/2022;5,70;5,82;4185,85;4118,13;4118,13
Tesouro IPCA+ com Juros Semestrais;15/08/2050;18/05/2022;5,75;5,87;4159,62;4092,57;4092,57
Tesouro IPCA+ com Juros Semestrais;15/08/2050;19/05/2022;5,74;5,86;4166,69;4099,50;4099,50
Tesouro IPCA+ com Juros Semestrais;15/08/2050;20/05/2022;5,76;5,88;4158,40;4090,25;4090,25
Tesouro IPCA+ com Juros Semestrais;15/08/2050;23/05/2022;5,71;5,83;4187,68;4120,05;4120,05
Tesouro IPCA+ com Juros Semestrais;15/08/2050;24/05/2022;5,82;5,94;4128,57;4062,43;4062,43
Tesouro IPCA+ com Juros Semestrais;15/08/2050;25/05/2022;5,87;5,99;4104,87;4039,19;4039,19
Tesouro IPCA+ com Juros Semestrais;15/08/2050;26/05/2022;5,82;5,94;4133,72;4067,36;4067,36
Tesouro IPCA+ com Juros Semestrais;15/08/2050;27/05/2022;5,78;5,90;4158,92;4090,44;4090,44
Tesouro IPCA+ com Juros Semestrais;15/08/2050;30/05/2022;5,79;5,91;4155,14;4088,33;4088,33
Tesouro IPCA+ com Juros Semestrais;15/08/2050;31/05/2022;5,84;5,96;4129,53;4063,39;4063,39
Tesouro IPCA+ com Juros Semestrais;15/08/2050;01/06/2022;5,82;5,94;4142,14;4075,72;4075,72
Tesouro IPCA+ com Juros Semestrais;15/08/2050;02/06/2022;5,85;5,97;4127,53;4061,50;4061,50
Tesouro IPCA+ com Juros Semestrais;15/08/2050;03/06/2022;5,84;5,96;4136,24;4068,51;4068,51
Tesouro IPCA+ com Juros Semestrais;15/08/2050;06/06/2022;5,83;5,95;4143,41;4077,07;4077,07
Tesouro IPCA+ com Juros Semestrais;15/08/2050;07/06/2022;5,89;6,01;4112,61;4047,06;4047,06
Tesouro IPCA+ com Juros Semestrais;15/08/2050;08/06/2022;5,92;6,04;4098,21;4033,05;4033,05
Tesouro IPCA+ com Juros Semestrais;15/08/2050;09/06/2022;5,81;5,93;4155,34;4088,92;4088,92
Tesouro IPCA+ com Juros Semestrais;15/08/2050;10/06/2022;5,81;5,93;4158,16;4090,48;4090,48
Tesouro IPCA+ com Juros Semestrais;15/08/2050;13/06/2022;5,89;6,01;4116,28;4050,90;4050,90
Tesouro IPCA+ com Juros Semestrais;15/08/2050;14/06/2022;5,82;5,94;4155,81;4089,49;4089,49
Tesouro IPCA+ com Juros Semestrais;15/08/2050;15/06/2022;5,87;5,99;4131,32;4064,53;4064,53
Tesouro IPCA+ com Juros Semestrais;15/08/2050;17/06/2022;5,84;5,96;4151,18;4083,08;4083,08
Tesouro IPCA+ com Juros Semestrais;15/08/2050;20/06/2022;5,78;5,90;4185,89;4118,70;4118,70
Tesouro IPCA+ com Juros Semestrais;15/08/2050;21/06/2022;5,81;5,93;4171,22;4104,43;4104,43
Tesouro IPCA+ com Juros Semestrais;15/08/2050;22/06/2022;5,86;5,98;4145,76;4079,63;4079,63
Tesouro IPCA+ com Juros Semestrais;15/08/2050;23/06/2022;5,91;6,03;4120,59;4055,11;4055,11
Tesouro IPCA+ com Juros Semestrais;15/08/2050;24/06/2022;5,94;6,06;4108,08;4041,24;4041,24
Tesouro IPCA+ com Juros Semestrais;15/08/2050;27/06/2022;5,92;6,04;4122,20;4056,65;4056,65
Tesouro IPCA+ com Juros Semestrais;15/08/2050;28/06/2022;6,02;6,14;4071,01;4006,75;4006,75
Tesouro IPCA+ com Juros Semestrais;15/08/2050;29/06/2022;6,02;6,14;4072,94;4008,67;4008,67
Tesouro IPCA+ com Juros Semestrais;15/08/2050;30/06/2022;6,00;6,12;4085,41;4020,88;4020,88
Tesouro IPCA+ com Juros Semestrais;15/08/2050;01/07/2022;5,98;6,10;4099,93;4033,13;4033,13
Tesouro IPCA+ com Juros Semestrais;15/08/2050;04/07/2022;6,05;6,17;4064,97;4001,02;4001,02
Tesouro IPCA+ com Juros Semestrais;15/08/2050;05/07/2022;6,08;6,20;4051,25;3987,67;3987,67
Tesouro IPCA+ com Juros Semestrais;15/08/2050;06/07/2022;6,11;6,23;4037,62;3974,41;3974,41
Tesouro IPCA+ com Juros Semestrais;15/08/2050;07/07/2022;6,14;6,26;4024,09;3961,23;3961,23
Tesouro IPCA+ com Juros Semestrais;15/08/2050;08/07/2022;6,17;6,29;4010,51;3946,34;3946,34
Tesouro IPCA+ com Juros Semestrais;15/08/2050;11/07/2022;6,34;6,46;3926,95;3866,58;3866,58
Tesouro IPCA+ com Juros Semestrais;15/08/2050;12/07/2022;6,35;6,47;3923,85;3863,59;3863,59
Tesouro IPCA+ com Juros Semestrais;15/08/2050;13/07/2022;6,29;6,41;3955,44;3894,46;3894,46
Tesouro IPCA+ com Juros Semestrais;15/08/2050;14/07/2022;6,32;6,44;3942,35;3881,71;3881,71
Tesouro IPCA+ com Juros Semestrais;15/08/2050;15/07/2022;6,18;6,30;4011,29;3952,29;3952,29
Tesouro IPCA+ com Juros Semestrais;15/08/2050;18/07/2022;6,15;6,27;4026,77;3965,81;3965,81
Tesouro IPCA+ com Juros Semestrais;15/08/2050;19/07/2022;6,28;6,40;3961,11;3901,73;3901,73
Tesouro IPCA+ com Juros Semestrais;15/08/2050;20/07/2022;6,31;6,43;3946,32;3887,31;3887,31
Tesouro IPCA+ com Juros Semestrais;15/08/2050;21/07/2022;6,26;6,38;3971,41;3911,82;3911,82
Tesouro IPCA+ com Juros Semestrais;15/08/2050;22/07/2022;6,20;6,32;4000,18;3941,52;3941,52
Tesouro IPCA+ com Juros Semestrais;15/08/2050;25/07/2022;6,18;6,30;4010,48;3949,99;3949,99
Tesouro IPCA+ com Juros Semestrais;15/08/2050;26/07/2022;6,21;6,33;3995,39;3935,28;3935,28
Tesouro IPCA+ com Juros Semestrais;15/08/2050;27/07/2022;6,31;6,43;3944,98;3886,12;3886,12
Tesouro IPCA+ com Juros Semestrais;15/08/2050;28/07/2022;6,26;6,38;3969,99;3910,55;3910,55
Tesouro IPCA+ com Juros Semestrais;15/08/2050;29/07/2022;6,26;6,38;3968,40;3910,67;3910,67
Tesouro IPCA+ com Juros Semestrais;15/08/2050;01/08/2022;6,24;6,36;3978,53;3918,91;3918,91
Tesouro IPCA+ com Juros Semestrais;15/08/2050;02/08/2022;6,22;6,34;3988,69;3928,84;3928,84
Tesouro IPCA+ com Juros Semestrais;15/08/2050;03/08/2022;6,25;6,37;3973,73;3914,26;3914,26
Tesouro IPCA+ com Juros Semestrais;15/08/2050;04/08/2022;6,16;6,28;4019,29;3958,75;3958,75
Tesouro IPCA+ com Juros Semestrais;15/08/2050;05/08/2022;5,96;6,08;4121,63;4060,39;4060,39
Tesouro IPCA+ com Juros Semestrais;15/08/2050;08/08/2022;5,95;6,07;4127,01;4063,93;4063,93
Tesouro IPCA+ com Juros Semestrais;15/08/2050;09/08/2022;5,90;6,02;4153,07;4089,40;4089,40
Tesouro IPCA+ com Juros Semestrais;15/08/2050;10/08/2022;5,95;6,07;4126,41;4063,40;4063,40
Tesouro IPCA+ com Juros Semestrais;15/08/2050;11/08/2022;5,91;6,03;4147,77;4084,27;4084,27
Tesouro IPCA+ com Juros Semestrais;15/08/2050;12/08/2022;5,95;6,07;4007,27;4063,52;4063,52
Tesouro IPCA+ com Juros Semestrais;15/08/2050;15/08/2022;5,88;6,00;4045,29;3980,88;3980,88
Tesouro IPCA+ com Juros Semestrais;15/08/2050;16/08/2022;5,77;5,89;4105,77;4039,92;4039,92
Tesouro IPCA+ com Juros Semestrais;15/08/2050;17/08/2022;5,93;6,05;4019,77;3956,02;3956,02
Tesouro IPCA+ com Juros Semestrais;15/08/2050;18/08/2022;5,84;5,96;4068,75;4003,84;4003,84
Tesouro IPCA+ com Juros Semestrais;15/08/2050;19/08/2022;5,91;6,03;4031,07;3967,68;3967,68
Tesouro IPCA+ com Juros Semestrais;15/08/2050;22/08/2022;5,89;6,01;4042,40;3978,17;3978,17
Tesouro IPCA+ com Juros Semestrais;15/08/2050;23/08/2022;5,88;6,00;4048,39;3984,04;3984,04
Tesouro IPCA+ com Juros Semestrais;15/08/2050;24/08/2022;5,86;5,98;4059,78;3995,18;3995,18
Tesouro IPCA+ com Juros Semestrais;15/08/2050;25/08/2022;5,89;6,01;4042,82;3978,76;3978,76
Tesouro IPCA+ com Juros Semestrais;15/08/2050;26/08/2022;5,87;5,99;4053,19;3989,75;3989,75
Tesouro IPCA+ com Juros Semestrais;15/08/2050;29/08/2022;5,97;6,09;4000,41;3937,41;3937,41
Tesouro IPCA+ com Juros Semestrais;15/08/2050;30/08/2022;5,98;6,10;3995,64;3932,77;3932,77
Tesouro IPCA+ com Juros Semestrais;15/08/2050;31/08/2022;5,98;6,10;3996,13;3933,28;3933,28
Tesouro IPCA+ com Juros Semestrais;15/08/2050;01/09/2022;5,97;6,09;4001,89;3938,92;3938,92
Tesouro IPCA+ com Juros Semestrais;15/08/2050;02/09/2022;5,84;5,96;4070,93;4007,17;4007,17
Tesouro IPCA+ com Juros Semestrais;15/08/2050;05/09/2022;5,84;5,96;4071,41;4006,80;4006,80
Tesouro IPCA+ com Juros Semestrais;15/08/2050;06/09/2022;5,86;5,98;4060,67;3996,76;3996,76
Tesouro IPCA+ com Juros Semestrais;15/08/2050;08/09/2022;5,80;5,92;4093,66;4028,56;4028,56
Tesouro IPCA+ com Juros Semestrais;15/08/2050;09/09/2022;5,79;5,91;4097,60;4033,39;4033,39
Tesouro IPCA+ com Juros Semestrais;15/08/2050;12/09/2022;5,81;5,93;4087,15;4022,27;4022,27
Tesouro IPCA+ com Juros Semestrais;15/08/2050;13/09/2022;5,90;6,02;4039,13;3975,43;3975,43
Tesouro IPCA+ com Juros Semestrais;15/08/2050;14/09/2022;5,97;6,09;4002,51;3939,70;3939,70
Tesouro IPCA+ com Juros Semestrais;15/08/2050;15/09/2022;5,96;6,08;4008,53;3945,31;3945,31
Tesouro IPCA+ com Juros Semestrais;15/08/2050;16/09/2022;5,93;6,05;4024,82;3961,55;3961,55
Tesouro IPCA+ com Juros Semestrais;15/08/2050;19/09/2022;5,97;6,09;4004,47;3941,39;3941,39
Tesouro IPCA+ com Juros Semestrais;15/08/2050;20/09/2022;5,88;6,00;4052,97;3988,75;3988,75
Tesouro IPCA+ com Juros Semestrais;15/08/2050;21/09/2022;5,81;5,93;4091,47;4026,34;4026,34
Tesouro IPCA+ com Juros Semestrais;15/08/2050;22/09/2022;5,77;5,89;4114,03;4048,38;4048,38
Tesouro IPCA+ com Juros Semestrais;15/08/2050;23/09/2022;5,83;5,95;4081,81;4017,28;4017,28
Tesouro IPCA+ com Juros Semestrais;15/08/2050;26/09/2022;5,89;6,01;4050,33;3986,26;3986,26
Tesouro IPCA+ com Juros Semestrais;15/08/2050;27/09/2022;5,70;5,82;4154,54;4087,98;4087,98
Tesouro IPCA+ com Juros Semestrais;15/08/2050;28/09/2022;5,88;6,00;4053,40;3989,54;3989,54
Tesouro IPCA+ com Juros Semestrais;15/08/2050;29/09/2022;5,87;5,99;4059,23;3995,26;3995,26
Tesouro IPCA+ com Juros Semestrais;15/08/2050;30/09/2022;5,79;5,91;4102,03;4037,90;4037,90
Tesouro IPCA+ com Juros Semestrais;15/08/2050;03/10/2022;5,58;5,70;4219,26;4151,46;4151,46
Tesouro IPCA+ com Juros Semestrais;15/08/2050;04/10/2022;5,66;5,78;4174,65;4107,95;4107,95
Tesouro IPCA+ com Juros Semestrais;15/08/2050;05/10/2022;5,73;5,85;4136,30;4070,55;4070,55
Tesouro IPCA+ com Juros Semestrais;15/08/2050;06/10/2022;5,69;5,81;4158,88;4092,60;4092,60
Tesouro IPCA+ com Juros Semestrais;15/08/2050;07/10/2022;5,75;5,87;4125,37;4060,79;4060,79
Tesouro IPCA+ com Juros Semestrais;15/08/2050;10/10/2022;5,77;5,89;4114,91;4049,73;4049,73
Tesouro IPCA+ com Juros Semestrais;15/08/2050;11/10/2022;5,82;5,94;4088,96;4024,79;4024,79
Tesouro IPCA+ com Juros Semestrais;15/08/2050;13/10/2022;5,75;5,87;4127,56;4062,09;4062,09
Tesouro IPCA+ com Juros Semestrais;15/08/2050;14/10/2022;5,79;5,91;4107,12;4041,32;4041,32
Tesouro IPCA+ com Juros Semestrais;15/08/2050;17/10/2022;5,77;5,89;4119,37;4053,33;4053,33
Tesouro IPCA+ com Juros Semestrais;15/08/2050;18/10/2022;5,80;5,92;4104,40;4038,76;4038,76
Tesouro IPCA+ com Juros Semestrais;15/08/2050;19/10/2022;5,83;5,95;4089,53;4024,28;4024,28
Tesouro IPCA+ com Juros Semestrais;15/08/2050;20/10/2022;5,79;5,91;4112,54;4046,76;4046,76
Tesouro IPCA+ com Juros Semestrais;15/08/2050;21/10/2022;5,81;5,93;4103,92;4037,53;4037,53
Tesouro IPCA+ com Juros Semestrais;15/08/2050;24/10/2022;5,82;5,94;4099,86;4034,46;4034,46
Tesouro IPCA+ com Juros Semestrais;15/08/2050;25/10/2022;5,78;5,90;4122,93;4056,99;4056,99
Tesouro IPCA+ com Juros Semestrais;15/08/2050;26/10/2022;5,79;5,91;4120,59;4054,61;4054,61
Tesouro IPCA+ com Juros Semestrais;15/08/2050;27/10/2022;5,82;5,94;4105,82;4040,23;4040,23
Tesouro IPCA+ com Juros Semestrais;15/08/2050;28/10/2022;5,90;6,02;4065,57;3999,86;3999,86
Tesouro IPCA+ com Juros Semestrais;15/08/2050;31/10/2022;5,88;6,00;4077,74;4012,90;4012,90
Tesouro IPCA+ com Juros Semestrais;15/08/2050;01/11/2022;5,77;5,89;4139,27;4072,40;4072,40
Tesouro IPCA+ com Juros Semestrais;15/08/2050;03/11/2022;5,80;5,92;4124,43;4058,53;4058,53
Tesouro IPCA+ com Juros Semestrais;15/08/2050;04/11/2022;5,78;5,90;4138,00;4070,65;4070,65
Tesouro IPCA+ com Juros Semestrais;15/08/2050;07/11/2022;5,85;5,97;4101,58;4036,30;4036,30
Tesouro IPCA+ com Juros Semestrais;15/08/2050;08/11/2022;5,94;6,06;4055,10;3990,97;3990,97
Tesouro IPCA+ com Juros Semestrais;15/08/2050;09/11/2022;5,90;6,02;4077,82;4013,18;4013,18
Tesouro IPCA+ com Juros Semestrais;15/08/2050;10/11/2022;6,23;6,35;3914,38;3853,56;3853,56
Tesouro IPCA+ com Juros Semestrais;15/08/2050;11/11/2022;6,28;6,40;3892,71;3831,00;3831,00
Tesouro IPCA+ com Juros Semestrais;15/08/2050;14/11/2022;5,94;6,06;4068,94;4003,88;4003,88
Tesouro IPCA+ com Juros Semestrais;15/08/2050;16/11/2022;6,09;6,21;3992,25;3929,83;3929,83
Tesouro IPCA+ com Juros Semestrais;15/08/2050;17/11/2022;6,22;6,34;3927,87;3867,02;3867,02
Tesouro IPCA+ com Juros Semestrais;15/08/2050;18/11/2022;5,93;6,05;4080,09;4014,42;4014,42
Tesouro IPCA+ com Juros Semestrais;15/08/2050;21/11/2022;6,04;6,16;4023,88;3960,80;3960,80
Tesouro IPCA+ com Juros Semestrais;15/08/2050;22/11/2022;6,10;6,22;3994,46;3932,11;3932,11
Tesouro IPCA+ com Juros Semestrais;15/08/2050;23/11/2022;6,24;6,36;3925,18;3864,52;3864,52
Tesouro IPCA+ com Juros Semestrais;15/08/2050;24/11/2022;6,12;6,24;3987,29;3925,18;3925,18
Tesouro IPCA+ com Juros Semestrais;15/08/2050;25/11/2022;6,19;6,31;3956,20;3893,33;3893,33
Tesouro IPCA+ com Juros Semestrais;15/08/2050;28/11/2022;6,17;6,29;3967,97;3906,27;3906,27
Tesouro IPCA+ com Juros Semestrais;15/08/2050;29/11/2022;6,13;6,25;3989,97;3927,79;3927,79
Tesouro IPCA+ com Juros Semestrais;15/08/2050;30/11/2022;6,02;6,14;4048,44;3984,88;3984,88
Tesouro IPCA+ com Juros Semestrais;15/08/2050;01/12/2022;6,04;6,16;4039,69;3976,37;3976,37
Tesouro IPCA+ com Juros Semestrais;15/08/2050;02/12/2022;5,90;6,02;4116,74;4050,12;4050,12
Tesouro IPCA+ com Juros Semestrais;15/08/2050;05/12/2022;6,00;6,12;4065,43;4001,56;4001,56
Tesouro IPCA+ com Juros Semestrais;15/08/2050;06/12/2022;6,07;6,19;4030,65;3967,66;3967,66
Tesouro IPCA+ com Juros Semestrais;15/08/2050;07/12/2022;6,13;6,25;4001,48;3939,22;3939,22
Tesouro IPCA+ com Juros Semestrais;15/08/2050;08/12/2022;6,22;6,34;3957,57;3896,39;3896,39
Tesouro IPCA+ com Juros Semestrais;15/08/2050;09/12/2022;6,12;6,24;4006,39;3943,15;3943,15
Tesouro IPCA+ com Juros Semestrais;15/08/2050;12/12/2022;6,23;6,35;3952,20;3891,36;3891,36
Tesouro IPCA+ com Juros Semestrais;15/08/2050;13/12/2022;6,29;6,41;3923,83;3863,69;3863,69
Tesouro IPCA+ com Juros Semestrais;15/08/2050;14/12/2022;6,41;6,53;3866,65;3807,91;3807,91
Tesouro IPCA+ com Juros Semestrais;15/08/2050;15/12/2022;6,27;6,39;3936,87;3876,33;3876,33
Tesouro IPCA+ com Juros Semestrais;15/08/2050;16/12/2022;6,37;6,49;3890,71;3829,95;3829,95
Tesouro IPCA+ com Juros Semestrais;15/08/2050;19/12/2022;6,42;6,54;3868,11;3809,28;3809,28
Tesouro IPCA+ com Juros Semestrais;15/08/2050;20/12/2022;6,43;6,55;3864,93;3806,21;3806,21
Tesouro IPCA+ com Juros Semestrais;15/08/2050;21/12/2022;6,35;6,47;3905,40;3845,75;3845,75
Tesouro IPCA+ com Juros Semestrais;15/08/2050;22/12/2022;6,45;6,57;3858,60;3800,09;3800,09
Tesouro IPCA+ com Juros Semestrais;15/08/2050;23/12/2022;6,31;6,43;3929,74;3868,21;3868,21
Tesouro IPCA+ com Juros Semestrais;15/08/2050;26/12/2022;6,30;6,42;3934,51;3874,40;3874,40
Tesouro IPCA+ com Juros Semestrais;15/08/2050;27/12/2022;6,30;6,42;3936,01;3875,90;3875,90
Tesouro IPCA+ com Juros Semestrais;15/08/2050;28/12/2022;6,20;6,32;3987,44;3926,14;3926,14
Tesouro IPCA+ com Juros Semestrais;15/08/2050;29/12/2022;6,13;6,25;4027,13;3962,35;3962,35
Tesouro IPCA+ com Juros Semestrais;15/08/2050;02/01/2023;6,26;6,38;3962,96;3902,34;3902,34
Tesouro IPCA+ com Juros Semestrais;15/08/2050;03/01/2023;6,30;6,42;3944,60;3884,45;3884,45
Tesouro IPCA+ com Juros Semestrais;15/08/2050;04/01/2023;6,39;6,51;3901,97;3842,86;3842,86
Tesouro IPCA+ com Juros Semestrais;15/08/2050;05/01/2023;6,31;6,43;3942,67;3882,62;3882,62
Tesouro IPCA+ com Juros Semestrais;15/08/2050;06/01/2023;6,33;6,45;3935,40;3874,49;3874,49
Tesouro IPCA+ com Juros Semestrais;15/08/2050;09/01/2023;6,38;6,50;3912,42;3853,16;3853,16
Tesouro IPCA+ com Juros Semestrais;15/08/2050;10/01/2023;6,33;6,45;3944,90;3884,71;3884,71
Tesouro IPCA+ com Juros Semestrais;15/08/2050;11/01/2023;6,28;6,40;3971,42;3910,63;3910,63
Tesouro IPCA+ com Juros Semestrais;15/08/2050;12/01/2023;6,11;6,23;4059,28;3996,44;3996,44
Tesouro IPCA+ com Juros Semestrais;15/08/2050;13/01/2023;6,19;6,31;4021,63;3958,27;3958,27
Tesouro IPCA+ com Juros Semestrais;15/08/2050;16/01/2023;6,18;6,30;4028,34;3966,43;3966,43
Tesouro IPCA+ com Juros Semestrais;15/08/2050;17/01/2023;6,24;6,36;3999,64;3938,46;3938,46
Tesouro IPCA+ com Juros Semestrais;15/08/2050;18/01/2023;6,18;6,30;4031,60;3969,69;3969,69
Tesouro IPCA+ com Juros Semestrais;15/08/2050;19/01/2023;6,42;6,54;3914,07;3854,97;3854,97
Tesouro IPCA+ com Juros Semestrais;15/08/2050;20/01/2023;6,25;6,37;4000,86;3938,43;3938,43
Tesouro IPCA+ com Juros Semestrais;15/08/2050;23/01/2023;6,40;6,52;3928,34;3868,99;3868,99
Tesouro IPCA+ com Juros Semestrais;15/08/2050;24/01/2023;6,44;6,56;3910,57;3851,66;3851,66
Tesouro IPCA+ com Juros Semestrais;15/08/2050;25/01/2023;6,33;6,45;3966,49;3906,24;3906,24
Tesouro IPCA+ com Juros Semestrais;15/08/2050;26/01/2023;6,41;6,53;3928,96;3869,64;3869,64
Tesouro IPCA+ com Juros Semestrais;15/08/2050;27/01/2023;6,43;6,55;3922,34;3861,83;3861,83
Tesouro IPCA+ com Juros Semestrais;15/08/2050;30/01/2023;6,39;6,51;3943,48;3883,89;3883,89
Tesouro IPCA+ com Juros Semestrais;15/08/2050;31/01/2023;6,44;6,56;3920,86;3861,83;3861,83
Tesouro IPCA+ com Juros Semestrais;15/08/2050;01/02/2023;6,44;6,56;3922,53;3863,50;3863,50
Tesouro IPCA+ com Juros Semestrais;15/08/2050;02/02/2023;6,37;6,49;3958,32;3898,46;3898,46
Tesouro IPCA+ com Juros Semestrais;15/08/2050;03/02/2023;6,53;6,65;3884,13;3824,70;3824,70
Tesouro IPCA+ com Juros Semestrais;15/08/2050;06/02/2023;6,51;6,63;3895,33;3837,05;3837,05
Tesouro IPCA+ com Juros Semestrais;15/08/2050;07/02/2023;6,36;6,48;3969,71;3909,70;3909,70
Tesouro IPCA+ com Juros Semestrais;15/08/2050;08/02/2023;6,39;6,51;3956,68;3897,01;3897,01
Tesouro IPCA+ com Juros Semestrais;15/08/2050;09/02/2023;6,35;6,47;3977,01;3916,93;3916,93
Tesouro IPCA+ com Juros Semestrais;15/08/2050;10/02/2023;6,46;6,58;3926,37;3866,20;3866,20
Tesouro IPCA+ com Juros Semestrais;15/08/2050;13/02/2023;6,38;6,50;3966,92;3907,15;3907,15
Tesouro IPCA+ com Juros Semestrais;15/08/2050;14/02/2023;6,34;6,46;3869,10;3928,01;3928,01
Tesouro IPCA+ com Juros Semestrais;15/08/2050;15/02/2023;6,33;6,45;3876,10;3815,32;3815,32
Tesouro IPCA+ com Juros Semestrais;15/08/2050;16/02/2023;6,30;6,42;3893,07;3831,92;3831,92
Tesouro IPCA+ com Juros Semestrais;15/08/2050;17/02/2023;6,22;6,34;3939,88;3873,21;3873,21
Tesouro IPCA+ com Juros Semestrais;15/08/2050;22/02/2023;6,26;6,38;3921,75;3860,02;3860,02
Tesouro IPCA+ com Juros Semestrais;15/08/2050;23/02/2023;6,34;6,46;3883,87;3823,08;3823,08
Tesouro IPCA+ com Juros Semestrais;15/08/2050;24/02/2023;6,36;6,48;3878,28;3815,48;3815,48
Tesouro IPCA+ com Juros Semestrais;15/08/2050;27/02/2023;6,34;6,46;3889,53;3828,74;3828,74
Tesouro IPCA+ com Juros Semestrais;15/08/2050;28/02/2023;6,42;6,54;3852,19;3792,32;3792,32
Tesouro IPCA+ com Juros Semestrais;15/08/2050;01/03/2023;6,45;6,57;3839,59;3780,05;3780,05
Tesouro IPCA+ com Juros Semestrais;15/08/2050;02/03/2023;6,47;6,59;3831,91;3772,58;3772,58
Tesouro IPCA+ com Juros Semestrais;15/08/2050;03/03/2023;6,50;6,62;3821,54;3760,45;3760,45
Tesouro IPCA+ com Juros Semestrais;15/08/2050;06/03/2023;6,45;6,57;3847,72;3788,10;3788,10
Tesouro IPCA+ com Juros Semestrais;15/08/2050;07/03/2023;6,46;6,58;3844,87;3785,36;3785,36
Tesouro IPCA+ com Juros Semestrais;15/08/2050;08/03/2023;6,48;6,60;3837,19;3777,90;3777,90
Tesouro IPCA+ com Juros Semestrais;15/08/2050;09/03/2023;6,39;6,51;3883,10;3822,74;3822,74
Tesouro IPCA+ com Juros Semestrais;15/08/2050;10/03/2023;6,40;6,52;3884,83;3822,13;3822,13
Tesouro IPCA+ com Juros Semestrais;15/08/2050;13/03/2023;6,34;6,46;3916,64;3855,50;3855,50
Tesouro IPCA+ com Juros Semestrais;15/08/2050;14/03/2023;6,38;6,50;3898,92;3838,24;3838,24
Tesouro IPCA+ com Juros Semestrais;15/08/2050;15/03/2023;6,46;6,58;3861,59;3802,06;3802,06
Tesouro IPCA+ com Juros Semestrais;15/08/2050;16/03/2023;6,38;6,50;3902,70;3842,22;3842,22
Tesouro IPCA+ com Juros Semestrais;15/08/2050;17/03/2023;6,39;6,51;3901,50;3839,27;3839,27
Tesouro IPCA+ com Juros Semestrais;15/08/2050;20/03/2023;6,34;6,46;3928,19;3867,19;3867,19
Tesouro IPCA+ com Juros Semestrais;15/08/2050;21/03/2023;6,38;6,50;3910,22;3849,68;3849,68
Tesouro IPCA+ com Juros Semestrais;15/08/2050;22/03/2023;6,42;6,54;3892,39;3832,31;3832,31
Tesouro IPCA+ com Juros Semestrais;15/08/2050;23/03/2023;6,35;6,47;3928,89;3867,97;3867,97
Tesouro IPCA+ com Juros Semestrais;15/08/2050;24/03/2023;6,24;6,36;3988,05;3923,92;3923,92
Tesouro IPCA+ com Juros Semestrais;15/08/2050;27/03/2023;6,28;6,40;3970,00;3908,17;3908,17
Tesouro IPCA+ com Juros Semestrais;15/08/2050;28/03/2023;6,19;6,31;4017,83;3954,89;3954,89
Tesouro IPCA+ com Juros Semestrais;15/08/2050;29/03/2023;6,16;6,28;4035,25;3971,93;3971,93
Tesouro IPCA+ com Juros Semestrais;15/08/2050;30/03/2023;6,16;6,28;4037,20;3973,86;3973,86
Tesouro IPCA+ com Juros Semestrais;15/08/2050;31/03/2023;6,20;6,32;4020,47;3955,65;3955,65
Tesouro IPCA+ com Juros Semestrais;15/08/2050;03/04/2023;6,25;6,37;3996,83;3934,54;3934,54
Tesouro IPCA+ com Juros Semestrais;15/08/2050;04/04/2023;6,17;6,29;4039,83;3976,55;3976,55
Tesouro IPCA+ com Juros Semestrais;15/08/2050;05/04/2023;6,19;6,31;4031,44;3968,40;3968,40
Tesouro IPCA+ com Juros Semestrais;15/08/2050;06/04/2023;6,14;6,26;4062,27;3995,62;3995,62
Tesouro IPCA+ com Juros Semestrais;15/08/2050;10/04/2023;6,18;6,30;4043,46;3980,22;3980,22
Tesouro IPCA+ com Juros Semestrais;15/08/2050;11/04/2023;6,17;6,29;4048,77;3985,49;3985,49
Tesouro IPCA+ com Juros Semestrais;15/08/2050;12/04/2023;6,17;6,29;4050,66;3987,36;3987,36
Tesouro IPCA+ com Juros Semestrais;15/08/2050;13/04/2023;6,14;6,26;4068,13;4004,46;4004,46
Tesouro IPCA+ com Juros Semestrais;15/08/2050;14/04/2023;6,04;6,16;4124,10;4057,73;4057,73
Tesouro IPCA+ com Juros Semestrais;15/08/2050;17/04/2023;6,00;6,12;4147,15;4081,88;4081,88
Tesouro IPCA+ com Juros Semestrais;15/08/2050;18/04/2023;5,96;6,08;4170,37;4104,58;4104,58
Tesouro IPCA+ com Juros Semestrais;15/08/2050;19/04/2023;6,15;6,27;4071,23;4007,83;4007,83
Tesouro IPCA+ com Juros Semestrais;15/08/2050;20/04/2023;6,07;6,19;4117,01;4050,49;4050,49
Tesouro IPCA+ com Juros Semestrais;15/08/2050;24/04/2023;6,06;6,18;4123,99;4059,43;4059,43
Tesouro IPCA+ com Juros Semestrais;15/08/2050;25/04/2023;5,98;6,10;4168,45;4102,86;4102,86
Tesouro IPCA+ com Juros Semestrais;15/08/2050;26/04/2023;6,01;6,13;4154,01;4088,79;4088,79
Tesouro IPCA+ com Juros Semestrais;15/08/2050;27/04/2023;5,94;6,06;4194,01;4127,83;4127,83
Tesouro IPCA+ com Juros Semestrais;15/08/2050;28/04/2023;6,02;6,14;4154,87;4087,44;4087,44
Tesouro IPCA+ com Juros Semestrais;15/08/2050;02/05/2023;5,98;6,10;4178,09;4112,38;4112,38
Tesouro IPCA+ com Juros Semestrais;15/08/2050;03/05/2023;5,95;6,07;4196,07;4129,95;4129,95
Tesouro IPCA+ com Juros Semestrais;15/08/2050;04/05/2023;5,95;6,07;4197,79;4131,68;4131,68
Tesouro IPCA+ com Juros Semestrais;15/08/2050;05/05/2023;5,97;6,09;4190,22;4122,82;4122,82
Tesouro IPCA+ com Juros Semestrais;15/08/2050;08/05/2023;5,89;6,01;4235,60;4168,65;4168,65
Tesouro IPCA+ com Juros Semestrais;15/08/2050;09/05/2023;5,95;6,07;4204,53;4138,36;4138,36
Tesouro IPCA+ com Juros Semestrais;15/08/2050;10/05/2023;5,97;6,09;4195,41;4129,49;4129,49
Tesouro IPCA+ com Juros Semestrais;15/08/2050;11/05/2023;5,88;6,00;4246,32;4179,22;4179,22
Tesouro IPCA+ com Juros Semestrais;15/08/2050;12/05/2023;5,86;5,98;4263,21;4193,99;4193,99
Tesouro IPCA+ com Juros Semestrais;15/08/2050;15/05/2023;5,82;5,94;4287,11;4219,23;4219,23
Tesouro IPCA+ com Juros Semestrais;15/08/2050;16/05/2023;5,78;5,90;4311,19;4242,77;4242,77
Tesouro IPCA+ com Juros Semestrais;15/08/2050;17/05/2023;5,85;5,97;4273,67;4206,18;4206,18
Tesouro IPCA+ com Juros Semestrais;15/08/2050;18/05/2023;5,74;5,86;4337,11;4268,12;4268,12
Tesouro IPCA+ com Juros Semestrais;15/08/2050;19/05/2023;5,80;5,92;4306,23;4236,70;4236,70
Tesouro IPCA+ com Juros Semestrais;15/08/2050;22/05/2023;5,75;5,87;4336,08;4267,20;4267,20
Tesouro IPCA+ com Juros Semestrais;15/08/2050;23/05/2023;5,83;5,95;4292,72;4224,91;4224,91
Tesouro IPCA+ com Juros Semestrais;15/08/2050;24/05/2023;5,72;5,84;4356,45;4287,14;4287,14
Tesouro IPCA+ com Juros Semestrais;15/08/2050;25/05/2023;5,70;5,82;4369,53;4299,95;4299,95
Tesouro IPCA+ com Juros Semestrais;15/08/2050;26/05/2023;5,73;5,85;4352,87;4282,89;4282,89
Tesouro IPCA+ com Juros Semestrais;15/08/2050;29/05/2023;5,66;5,78;4394,49;4324,54;4324,54
Tesouro IPCA+ com Juros Semestrais;15/08/2050;30/05/2023;5,64;5,76;4407,54;4337,31;4337,31
Tesouro IPCA+ com Juros Semestrais;15/08/2050;31/05/2023;5,70;5,82;4374,42;4305,01;4305,01
Tesouro IPCA+ com Juros Semestrais;15/08/2050;01/06/2023;5,71;5,83;4370,16;4300,89;4300,89
Tesouro IPCA+ com Juros Semestrais;15/08/2050;02/06/2023;5,68;5,80;4389,86;4319,15;4319,15
Tesouro IPCA+ com Juros Semestrais;15/08/2050;05/06/2023;5,67;5,79;4397,09;4327,24;4327,24
Tesouro IPCA+ com Juros Semestrais;15/08/2050;06/06/2023;5,56;5,68;4462,73;4391,33;4391,33
Tesouro IPCA+ com Juros Semestrais;15/08/2050;07/06/2023;5,49;5,61;4501,61;4429,13;4429,13
Tesouro IPCA+ com Juros Semestrais;15/08/2050;09/06/2023;5,58;5,70;4450,24;4378,71;4378,71
Tesouro IPCA+ com Juros Semestrais;15/08/2050;12/06/2023;5,55;5,67;4469,20;4397,89;4397,89
Tesouro IPCA+ com Juros Semestrais;15/08/2050;13/06/2023;5,64;5,76;4417,81;4347,77;4347,77
Tesouro IPCA+ com Juros Semestrais;15/08/2050;14/06/2023;5,67;5,79;4401,75;4332,13;4332,13
Tesouro IPCA+ com Juros Semestrais;15/08/2050;15/06/2023;5,55;5,67;4472,76;4401,75;4401,75
Tesouro IPCA+ com Juros Semestrais;15/08/2050;16/06/2023;5,65;5,77;4415,35;4345,69;4345,69
Tesouro IPCA+ com Juros Semestrais;15/08/2050;19/06/2023;5,58;5,70;4457,14;4386,56;4386,56
Tesouro IPCA+ com Juros Semestrais;15/08/2050;20/06/2023;5,56;5,68;4469,89;4399,03;4399,03
Tesouro IPCA+ com Juros Semestrais;15/08/2050;21/06/2023;5,57;5,69;4464,99;4394,28;4394,28
Tesouro IPCA+ com Juros Semestrais;15/08/2050;22/06/2023;5,50;5,62;4507,44;4435,74;4435,74
Tesouro IPCA+ com Juros Semestrais;15/08/2050;23/06/2023;5,54;5,66;4484,73;4413,54;4413,54
Tesouro IPCA+ com Juros Semestrais;15/08/2050;26/06/2023;5,51;5,63;4503,52;4431,97;4431,97
Tesouro IPCA+ com Juros Semestrais;15/08/2050;27/06/2023;5,53;5,65;4492,63;4421,37;4421,37
Tesouro IPCA+ com Juros Semestrais;15/08/2050;28/06/2023;5,58;5,70;4461,84;4391,49;4391,49
Tesouro IPCA+ com Juros Semestrais;15/08/2050;29/06/2023;5,64;5,76;4427,70;4358,19;4358,19
Tesouro IPCA+ com Juros Semestrais;15/08/2050;30/06/2023;5,48;5,60;4522,45;4450,96;4450,96
Tesouro IPCA+ com Juros Semestrais;15/08/2050;03/07/2023;5,36;5,48;4595,95;4522,45;4522,45
Tesouro IPCA+ com Juros Semestrais;15/08/2050;04/07/2023;5,43;5,55;4554,16;4481,69;4481,69
Tesouro IPCA+ com Juros Semestrais;15/08/2050;05/07/2023;5,52;5,64;4501,09;4429,93;4429,93
Tesouro IPCA+ com Juros Semestrais;15/08/2050;06/07/2023;5,56;5,68;4478,28;4407,69;4407,69
Tesouro IPCA+ com Juros Semestrais;15/08/2050;07/07/2023;5,49;5,61;4520,32;4449,01;4449,01
Tesouro IPCA+ com Juros Semestrais;15/08/2050;10/07/2023;5,52;5,64;4503,29;4432,16;4432,16
Tesouro IPCA+ com Juros Semestrais;15/08/2050;11/07/2023;5,57;5,69;4475,02;4404,58;4404,58
Tesouro IPCA+ com Juros Semestrais;15/08/2050;12/07/2023;5,51;5,63;4511,30;4440,02;4440,02
Tesouro IPCA+ com Juros Semestrais;15/08/2050;13/07/2023;5,54;5,66;4494,37;4423,52;4423,52
Tesouro IPCA+ com Juros Semestrais;15/08/2050;14/07/2023;5,51;5,63;4513,27;4441,71;4441,71
Tesouro IPCA+ com Juros Semestrais;15/08/2050;17/07/2023;5,54;5,66;4496,61;4425,50;4425,50
Tesouro IPCA+ com Juros Semestrais;15/08/2050;18/07/2023;5,53;5,65;4503,63;4432,38;4432,38
Tesouro IPCA+ com Juros Semestrais;15/08/2050;19/07/2023;5,53;5,65;4504,74;4433,49;4433,49
Tesouro IPCA+ com Juros Semestrais;15/08/2050;20/07/2023;5,54;5,66;4499,93;4428,83;4428,83
Tesouro IPCA+ com Juros Semestrais;15/08/2050;21/07/2023;5,46;5,58;4548,95;4476,41;4476,41
Tesouro IPCA+ com Juros Semestrais;15/08/2050;24/07/2023;5,46;5,58;4550,06;4477,81;4477,81
Tesouro IPCA+ com Juros Semestrais;15/08/2050;25/07/2023;5,42;5,54;4575,26;4502,44;4502,44
Tesouro IPCA+ com Juros Semestrais;15/08/2050;26/07/2023;5,43;5,55;4569,97;4497,33;4497,33
Tesouro IPCA+ com Juros Semestrais;15/08/2050;27/07/2023;5,50;5,62;4529,10;4457,47;4457,47
Tesouro IPCA+ com Juros Semestrais;15/08/2050;28/07/2023;5,43;5,55;4572,36;4499,49;4499,49
Tesouro IPCA+ com Juros Semestrais;15/08/2050;31/07/2023;5,41;5,53;4585,54;4512,61;4512,61
Tesouro IPCA+ com Juros Semestrais;15/08/2050;01/08/2023;5,40;5,52;4592,68;4519,61;4519,61
Tesouro IPCA+ com Juros Semestrais;15/08/2050;02/08/2023;5,40;5,52;4593,76;4520,69;4520,69
Tesouro IPCA+ com Juros Semestrais;15/08/2050;03/08/2023;5,37;5,49;4613,11;4539,60;4539,60
Tesouro IPCA+ com Juros Semestrais;15/08/2050;04/08/2023;5,42;5,54;4584,03;4511,03;4511,03
Tesouro IPCA+ com Juros Semestrais;15/08/2050;07/08/2023;5,41;5,53;4591,16;4518,25;4518,25
Tesouro IPCA+ com Juros Semestrais;15/08/2050;08/08/2023;5,36;5,48;4622,69;4549,05;4549,05
Tesouro IPCA+ com Juros Semestrais;15/08/2050;09/08/2023;5,36;5,48;4623,77;4550,13;4550,13
Tesouro IPCA+ com Juros Semestrais;15/08/2050;10/08/2023;5,30;5,42;4661,79;4587,27;4587,27
Tesouro IPCA+ com Juros Semestrais;15/08/2050;11/08/2023;5,28;5,40;4677,33;4602,06;4602,06
Tesouro IPCA+ com Juros Semestrais;15/08/2050;14/08/2023;5,34;5,46;4519,27;4567,34;4567,34
Tesouro IPCA+ com Juros Semestrais;15/08/2050;15/08/2023;5,30;5,42;4545,11;4470,49;4470,49
Tesouro IPCA+ com Juros Semestrais;15/08/2050;16/08/2023;5,28;5,40;4558,68;4483,76;4483,76
Tesouro IPCA+ com Juros Semestrais;15/08/2050;17/08/2023;5,32;5,44;4535,04;4460,72;4460,72
Tesouro IPCA+ com Juros Semestrais;15/08/2050;18/08/2023;5,33;5,45;4530,47;4455,86;4455,86
Tesouro IPCA+ com Juros Semestrais;15/08/2050;21/08/2023;5,41;5,53;4482,74;4409,74;4409,74
Tesouro IPCA+ com Juros Semestrais;15/08/2050;22/08/2023;5,41;5,53;4483,90;4410,90;4410,90
Tesouro IPCA+ com Juros Semestrais;15/08/2050;23/08/2023;5,45;5,57;4460,91;4388,49;4388,49
Tesouro IPCA+ com Juros Semestrais;15/08/2050;24/08/2023;5,51;5,63;4426,22;4354,66;4354,66
Tesouro IPCA+ com Juros Semestrais;15/08/2050;25/08/2023;5,50;5,62;4433,75;4361,62;4361,62
Tesouro IPCA+ com Juros Semestrais;15/08/2050;28/08/2023;5,49;5,61;4443,06;4371,03;4371,03
Tesouro IPCA+ com Juros Semestrais;15/08/2050;29/08/2023;5,51;5,63;4432,47;4360,72;4360,72
Tesouro IPCA+ com Juros Semestrais;15/08/2050;30/08/2023;5,48;5,60;4451,66;4379,48;4379,48
Tesouro IPCA+ com Juros Semestrais;15/08/2050;31/08/2023;5,55;5,67;4411,43;4340,24;4340,24
Tesouro IPCA+ com Juros Semestrais;15/08/2050;01/09/2023;5,63;5,75;4366,70;4295,90;4295,90
Tesouro IPCA+ com Juros Semestrais;15/08/2050;04/09/2023;5,59;5,71;4391,31;4320,67;4320,67
Tesouro IPCA+ com Juros Semestrais;15/08/2050;05/09/2023;5,67;5,79;4346,23;4276,69;4276,69
Tesouro IPCA+ com Juros Semestrais;15/08/2050;06/09/2023;5,65;5,77;4359,44;4289,26;4289,26
Tesouro IPCA+ com Juros Semestrais;15/08/2050;08/09/2023;5,64;5,76;4367,27;4296,58;4296,58
Tesouro IPCA+ com Juros Semestrais;15/08/2050;11/09/2023;5,62;5,74;4380,19;4309,94;4309,94
Tesouro IPCA+ com Juros Semestrais;15/08/2050;12/09/2023;5,63;5,75;4374,47;4304,42;4304,42
Tesouro IPCA+ com Juros Semestrais;15/08/2050;13/09/2023;5,64;5,76;4369,95;4300,04;4300,04
Tesouro IPCA+ com Juros Semestrais;15/08/2050;14/09/2023;5,63;5,75;4377,03;4306,97;4306,97
Tesouro IPCA+ com Juros Semestrais;15/08/2050;15/09/2023;5,66;5,78;4362,28;4291,31;4291,31
Tesouro IPCA+ com Juros Semestrais;15/08/2050;18/09/2023;5,66;5,78;4363,79;4293,90;4293,90
Tesouro IPCA+ com Juros Semestrais;15/08/2050;19/09/2023;5,70;5,82;4342,31;4272,97;4272,97
Tesouro IPCA+ com Juros Semestrais;15/08/2050;20/09/2023;5,68;5,80;4355,29;4285,66;4285,66
Tesouro IPCA+ com Juros Semestrais;15/08/2050;21/09/2023;5,72;5,84;4333,90;4264,82;4264,82
Tesouro IPCA+ com Juros Semestrais;15/08/2050;22/09/2023;5,68;5,80;4359,40;4288,66;4288,66
Tesouro IPCA+ com Juros Semestrais;15/08/2050;25/09/2023;5,73;5,85;4332,31;4263,33;4263,33
Tesouro IPCA+ com Juros Semestrais;15/08/2050;26/09/2023;5,78;5,90;4305,50;4237,20;4237,20
Tesouro IPCA+ com Juros Semestrais;15/08/2050;27/09/2023;5,99;6,11;4190,05;4124,58;4124,58
Tesouro IPCA+ com Juros Semestrais;15/08/2050;28/09/2023;5,95;6,07;4213,16;4147,17;4147,17
Tesouro IPCA+ com Juros Semestrais;15/08/2050;29/09/2023;5,83;5,95;4281,62;4213,16;4213,16
Tesouro IPCA+ com Juros Semestrais;15/08/2050;02/10/2023;5,85;5,97;4271,90;4204,60;4204,60
Tesouro IPCA+ com Juros Semestrais;15/08/2050;03/10/2023;5,93;6,05;4229,22;4162,95;4162,95
Tesouro IPCA+ com Juros Semestrais;15/08/2050;04/10/2023;5,92;6,04;4236,11;4169,71;4169,71
Tesouro IPCA+ com Juros Semestrais;15/08/2050;05/10/2023;5,97;6,09;4210,26;4144,51;4144,51
Tesouro IPCA+ com Juros Semestrais;15/08/2050;06/10/2023;6,00;6,12;4196,34;4130,08;4130,08
Tesouro IPCA+ com Juros Semestrais;15/08/2050;09/10/2023;5,97;6,09;4213,99;4148,22;4148,22
Tesouro IPCA+ com Juros Semestrais;15/08/2050;10/10/2023;5,86;5,98;4275,78;4208,57;4208,57
Tesouro IPCA+ com Juros Semestrais;15/08/2050;11/10/2023;5,80;5,92;4308,74;4240,49;4240,49
Tesouro IPCA+ com Juros Semestrais;15/08/2050;13/10/2023;5,86;5,98;4277,40;4209,51;4209,51
Tesouro IPCA+ com Juros Semestrais;15/08/2050;16/10/2023;5,90;6,02;4256,69;4190,05;4190,05
Tesouro IPCA+ com Juros Semestrais;15/08/2050;17/10/2023;5,83;5,95;4296,88;4229,32;4229,32
Tesouro IPCA+ com Juros Semestrais;15/08/2050;18/10/2023;5,89;6,01;4264,99;4198,21;4198,21
Tesouro IPCA+ com Juros Semestrais;15/08/2050;19/10/2023;5,92;6,04;4249,89;4183,50;4183,50
Tesouro IPCA+ com Juros Semestrais;15/08/2050;20/10/2023;6,05;6,17;4181,77;4116,19;4116,19
Tesouro IPCA+ com Juros Semestrais;15/08/2050;23/10/2023;6,05;6,17;4183,16;4118,40;4118,40
Tesouro IPCA+ com Juros Semestrais;15/08/2050;24/10/2023;5,95;6,07;4238,52;4172,49;4172,49
Tesouro IPCA+ com Juros Semestrais;15/08/2050;25/10/2023;5,92;6,04;4256,32;4189,90;4189,90
Tesouro IPCA+ com Juros Semestrais;15/08/2050;26/10/2023;5,95;6,07;4241,31;4175,28;4175,28
Tesouro IPCA+ com Juros Semestrais;15/08/2050;27/10/2023;5,87;5,99;4286,70;4218,95;4218,95
Tesouro IPCA+ com Juros Semestrais;15/08/2050;30/10/2023;5,88;6,00;4282,51;4215,62;4215,62
Tesouro IPCA+ com Juros Semestrais;15/08/2050;31/10/2023;5,90;6,02;4272,82;4206,18;4206,18
Tesouro IPCA+ com Juros Semestrais;15/08/2050;01/11/2023;5,97;6,09;4236,26;4170,15;4170,15
Tesouro IPCA+ com Juros Semestrais;15/08/2050;03/11/2023;5,91;6,03;4271,12;4203,86;4203,86
Tesouro IPCA+ com Juros Semestrais;15/08/2050;06/11/2023;5,92;6,04;4266,98;4200,58;4200,58
Tesouro IPCA+ com Juros Semestrais;15/08/2050;07/11/2023;5,93;6,05;4262,84;4196,57;4196,57
Tesouro IPCA+ com Juros Semestrais;15/08/2050;08/11/2023;5,91;6,03;4275,16;4208,63;4208,63
Tesouro IPCA+ com Juros Semestrais;15/08/2050;09/11/2023;5,83;5,95;4320,84;4253,26;4253,26
Tesouro IPCA+ com Juros Semestrais;15/08/2050;10/11/2023;5,85;5,97;4310,58;4242,65;4242,65
Tesouro IPCA+ com Juros Semestrais;15/08/2050;13/11/2023;5,89;6,01;4289,72;4222,97;4222,97
Tesouro IPCA+ com Juros Semestrais;15/08/2050;14/11/2023;5,88;6,00;4296,97;4229,67;4229,67
Tesouro IPCA+ com Juros Semestrais;15/08/2050;16/11/2023;5,79;5,91;4348,58;4280,42;4280,42
Tesouro IPCA+ com Juros Semestrais;15/08/2050;17/11/2023;5,71;5,83;4396,24;4326,15;4326,15
Tesouro IPCA+ com Juros Semestrais;15/08/2050;20/11/2023;5,77;5,89;4363,49;4295,05;4295,05
Tesouro IPCA+ com Juros Semestrais;15/08/2050;21/11/2023;5,80;5,92;4347,97;4279,92;4279,92
Tesouro IPCA+ com Juros Semestrais;15/08/2050;22/11/2023;5,77;5,89;4366,28;4297,83;4297,83
Tesouro IPCA+ com Juros Semestrais;15/08/2050;23/11/2023;5,80;5,92;4350,76;4282,70;4282,70
Tesouro IPCA+ com Juros Semestrais;15/08/2050;24/11/2023;5,81;5,93;4347,37;4278,61;4278,61
Tesouro IPCA+ com Juros Semestrais;15/08/2050;27/11/2023;5,79;5,91;4360,01;4291,81;4291,81
Tesouro IPCA+ com Juros Semestrais;15/08/2050;28/11/2023;5,77;5,89;4372,70;4304,23;4304,23
Tesouro IPCA+ com Juros Semestrais;15/08/2050;29/11/2023;5,70;5,82;4414,19;4344,76;4344,76
Tesouro IPCA+ com Juros Semestrais;15/08/2050;30/11/2023;5,77;5,89;4375,72;4307,23;4307,23
Tesouro IPCA+ com Juros Semestrais;15/08/2050;01/12/2023;5,77;5,89;4378,01;4308,64;4308,64
Tesouro IPCA+ com Juros Semestrais;15/08/2050;04/12/2023;5,73;5,85;4402,15;4333,10;4333,10
Tesouro IPCA+ com Juros Semestrais;15/08/2050;05/12/2023;5,71;5,83;4415,00;4345,67;4345,67
Tesouro IPCA+ com Juros Semestrais;15/08/2050;06/12/2023;5,67;5,79;4439,41;4369,54;4369,54
Tesouro IPCA+ com Juros Semestrais;15/08/2050;07/12/2023;5,73;5,85;4406,39;4337,33;4337,33
Tesouro IPCA+ com Juros Semestrais;15/08/2050;08/12/2023;5,75;5,87;4397,29;4327,62;4327,62
Tesouro IPCA+ com Juros Semestrais;15/08/2050;11/12/2023;5,73;5,85;4410,10;4341,02;4341,02
Tesouro IPCA+ com Juros Semestrais;15/08/2050;12/12/2023;5,71;5,83;4422,13;4352,82;4352,82
Tesouro IPCA+ com Juros Semestrais;15/08/2050;13/12/2023;5,68;5,80;4440,76;4371,03;4371,03
Tesouro IPCA+ com Juros Semestrais;15/08/2050;14/12/2023;5,53;5,65;4529,91;4458,10;4458,10
Tesouro IPCA+ com Juros Semestrais;15/08/2050;15/12/2023;5,55;5,67;4520,68;4447,91;4447,91
Tesouro IPCA+ com Juros Semestrais;15/08/2050;18/12/2023;5,51;5,63;4545,97;4473,72;4473,72
Tesouro IPCA+ com Juros Semestrais;15/08/2050;19/12/2023;5,51;5,63;4547,49;4475,24;4475,24
Tesouro IPCA+ com Juros Semestrais;15/08/2050;20/12/2023;5,48;5,60;4566,97;4494,29;4494,29
Tesouro IPCA+ com Juros Semestrais;15/08/2050;21/12/2023;5,49;5,61;4562,50;4489,95;4489,95
Tesouro IPCA+ com Juros Semestrais;15/08/2050;22/12/2023;5,45;5,57;4589,77;4514,96;4514,96
Tesouro IPCA+ com Juros Semestrais;15/08/2050;26/12/2023;5,46;5,58;4595,02;4521,98;4521,98
Tesouro IPCA+ com Juros Semestrais;15/08/2050;27/12/2023;5,47;5,59;4590,52;4517,63;4517,63
Tesouro IPCA+ com Juros Semestrais;15/08/2050;28/12/2023;5,49;5,61;4583,25;4507,43;4507,43
Tesouro IPCA+ com Juros Semestrais;15/08/2050;02/01/2024;5,48;5,60;4594,16;4521,14;4521,14
Tesouro IPCA+ com Juros Semestrais;15/08/2050;03/01/2024;5,49;5,61;4589,86;4516,98;4516,98
Tesouro IPCA+ com Juros Semestrais;15/08/2050;04/01/2024;5,47;5,59;4603,60;4530,43;4530,43
Tesouro IPCA+ com Juros Semestrais;15/08/2050;05/01/2024;5,51;5,63;4582,77;4508,69;4508,69
Tesouro IPCA+ com Juros Semestrais;15/08/2050;08/01/2024;5,52;5,64;4578,51;4506,02;4506,02
Tesouro IPCA+ com Juros Semestrais;15/08/2050;09/01/2024;5,57;5,69;4550,52;4478,72;4478,72
Tesouro IPCA+ com Juros Semestrais;15/08/2050;10/01/2024;5,60;5,72;4534,55;4463,17;4463,17
Tesouro IPCA+ com Juros Semestrais;15/08/2050;11/01/2024;5,59;5,71;4544,59;4472,94;4472,94
Tesouro IPCA+ com Juros Semestrais;15/08/2050;12/01/2024;5,58;5,70;4553,93;4480,49;4480,49
Tesouro IPCA+ com Juros Semestrais;15/08/2050;15/01/2024;5,55;5,67;4573,32;4501,25;4501,25
Tesouro IPCA+ com Juros Semestrais;15/08/2050;16/01/2024;5,61;5,73;4539,49;4468,26;4468,26
Tesouro IPCA+ com Juros Semestrais;15/08/2050;17/01/2024;5,64;5,76;4523,53;4452,72;4452,72
Tesouro IPCA+ com Juros Semestrais;15/08/2050;18/01/2024;5,63;5,75;4530,99;4460,03;4460,03
Tesouro IPCA+ com Juros Semestrais;15/08/2050;19/01/2024;5,64;5,76;4528,01;4455,93;4455,93
Tesouro IPCA+ com Juros Semestrais;15/08/2050;22/01/2024;5,66;5,78;4517,97;4447,39;4447,39
Tesouro IPCA+ com Juros Semestrais;15/08/2050;23/01/2024;5,67;5,79;4513,77;4443,32;4443,32
Tesouro IPCA+ com Juros Semestrais;15/08/2050;24/01/2024;5,64;5,76;4532,85;4461,99;4461,99
Tesouro IPCA+ com Juros Semestrais;15/08/2050;25/01/2024;5,66;5,78;4522,81;4452,21;4452,21
Tesouro IPCA+ com Juros Semestrais;15/08/2050;26/01/2024;5,64;5,76;4537,34;4465,21;4465,21
Tesouro IPCA+ com Juros Semestrais;15/08/2050;29/01/2024;5,66;5,78;4526,20;4455,66;4455,66
Tesouro IPCA+ com Juros Semestrais;15/08/2050;30/01/2024;5,65;5,77;4533,57;4462,89;4462,89
Tesouro IPCA+ com Juros Semestrais;15/08/2050;31/01/2024;5,68;5,80;4517,67;4447,40;4447,40
Tesouro IPCA+ com Juros Semestrais;15/08/2050;01/02/2024;5,67;5,79;4525,02;4454,61;4454,61
Tesouro IPCA+ com Juros Semestrais;15/08/2050;02/02/2024;5,63;5,75;4551,00;4478,92;4478,92
Tesouro IPCA+ com Juros Semestrais;15/08/2050;05/02/2024;5,65;5,77;4540,86;4470,14;4470,14
Tesouro IPCA+ com Juros Semestrais;15/08/2050;06/02/2024;5,64;5,76;4548,24;4477,39;4477,39
Tesouro IPCA+ com Juros Semestrais;15/08/2050;07/02/2024;5,63;5,75;4555,64;4484,65;4484,65
Tesouro IPCA+ com Juros Semestrais;15/08/2050;08/02/2024;5,67;5,79;4535,31;4464,78;4464,78
Tesouro IPCA+ com Juros Semestrais;15/08/2050;09/02/2024;5,66;5,78;4545,19;4472,06;4472,06
Tesouro IPCA+ com Juros Semestrais;15/08/2050;14/02/2024;5,68;5,80;4410,63;4464,73;4464,73
Tesouro IPCA+ com Juros Semestrais;15/08/2050;15/02/2024;5,63;5,75;4441,91;4370,28;4370,28
Tesouro IPCA+ com Juros Semestrais;15/08/2050;16/02/2024;5,65;5,77;4434,60;4360,94;4360,94
Tesouro IPCA+ com Juros Semestrais;15/08/2050;19/02/2024;5,66;5,78;4430,87;4359,59;4359,59
Tesouro IPCA+ com Juros Semestrais;15/08/2050;20/02/2024;5,66;5,78;4432,98;4361,68;4361,68
Tesouro IPCA+ com Juros Semestrais;15/08/2050;21/02/2024;5,62;5,74;4458,53;4386,66;4386,66
Tesouro IPCA+ com Juros Semestrais;15/08/2050;22/02/2024;5,65;5,77;4443,05;4371,58;4371,58
Tesouro IPCA+ com Juros Semestrais;15/08/2050;23/02/2024;5,67;5,79;4435,76;4362,28;4362,28
Tesouro IPCA+ com Juros Semestrais;15/08/2050;26/02/2024;5,68;5,80;4432,06;4360,94;4360,94
Tesouro IPCA+ com Juros Semestrais;15/08/2050;27/02/2024;5,69;5,81;4428,36;4357,36;4357,36
Tesouro IPCA+ com Juros Semestrais;15/08/2050;28/02/2024;5,69;5,81;4431,53;4360,43;4360,43
Tesouro IPCA+ com Juros Semestrais;15/08/2050;29/02/2024;5,72;5,84;4416,34;4345,63;4345,63
Tesouro IPCA+ com Juros Semestrais;15/08/2050;01/03/2024;5,69;5,81;4438,35;4364,79;4364,79
Tesouro IPCA+ com Juros Semestrais;15/08/2050;04/03/2024;5,73;5,85;4417,36;4346,73;4346,73
Tesouro IPCA+ com Juros Semestrais;15/08/2050;05/03/2024;5,73;5,85;4419,56;4348,91;4348,91
Tesouro IPCA+ com Juros Semestrais;15/08/2050;06/03/2024;5,75;5,87;4410,22;4339,83;4339,83
Tesouro IPCA+ com Juros Semestrais;15/08/2050;07/03/2024;5,72;5,84;4429,72;4358,91;4358,91
Tesouro IPCA+ com Juros Semestrais;15/08/2050;08/03/2024;5,77;5,89;4405,54;4332,96;4332,96
Tesouro IPCA+ com Juros Semestrais;15/08/2050;11/03/2024;5,77;5,89;4407,73;4337,53;4337,53
Tesouro IPCA+ com Juros Semestrais;15/08/2050;12/03/2024;5,73;5,85;4434,19;4363,36;4363,36
Tesouro IPCA+ com Juros Semestrais;15/08/2050;13/03/2024;5,74;5,86;4430,65;4359,95;4359,95
Tesouro IPCA+ com Juros Semestrais;15/08/2050;14/03/2024;5,76;5,88;4421,37;4350,92;4350,92
Tesouro IPCA+ com Juros Semestrais;15/08/2050;15/03/2024;5,78;5,90;4411,72;4341,93;4341,93
Tesouro IPCA+ com Juros Semestrais;15/08/2050;18/03/2024;5,80;5,92;4401,55;4332,58;4332,58
Tesouro IPCA+ com Juros Semestrais;15/08/2050;19/03/2024;5,88;6,00;4357,51;4289,60;4289,60
Tesouro IPCA+ com Juros Semestrais;15/08/2050;20/03/2024;5,86;5,98;4370,04;4301,87;4301,87
Tesouro IPCA+ com Juros Semestrais;15/08/2050;21/03/2024;5,80;5,92;4405,36;4336,39;4336,39
Tesouro IPCA+ com Juros Semestrais;15/08/2050;22/03/2024;5,86;5,98;4373,14;4304,41;4304,41
Tesouro IPCA+ com Juros Semestrais;15/08/2050;25/03/2024;5,85;5,97;4380,06;4311,75;4311,75
Tesouro IPCA+ com Juros Semestrais;15/08/2050;26/03/2024;5,89;6,01;4358,81;4291,02;4291,02
Tesouro IPCA+ com Juros Semestrais;15/08/2050;27/03/2024;5,88;6,00;4366,24;4298,27;4298,27
Tesouro IPCA+ com Juros Semestrais;15/08/2050;28/03/2024;5,85;5,97;4385,44;4316,10;4316,10
Tesouro IPCA+ com Juros Semestrais;15/08/2050;01/04/2024;5,88;6,00;4369,84;4301,85;4301,85
Tesouro IPCA+ com Juros Semestrais;15/08/2050;02/04/2024;5,91;6,03;4354,34;4286,74;4286,74
Tesouro IPCA+ com Juros Semestrais;15/08/2050;03/04/2024;5,87;5,99;4378,10;4309,98;4309,98
Tesouro IPCA+ com Juros Semestrais;15/08/2050;04/04/2024;5,90;6,02;4362,56;4294,83;4294,83
Tesouro IPCA+ com Juros Semestrais;15/08/2050;05/04/2024;5,92;6,04;4353,35;4285,23;4285,23
Tesouro IPCA+ com Juros Semestrais;15/08/2050;08/04/2024;5,97;6,09;4326,90;4260,07;4260,07
Tesouro IPCA+ com Juros Semestrais;15/08/2050;09/04/2024;5,91;6,03;4361,56;4293,95;4293,95
Tesouro IPCA+ com Juros Semestrais;15/08/2050;10/04/2024;5,89;6,01;4371,42;4303,69;4303,69
Tesouro IPCA+ com Juros Semestrais;15/08/2050;11/04/2024;6,03;6,15;4295,19;4229,25;4229,25
Tesouro IPCA+ com Juros Semestrais;15/08/2050;12/04/2024;5,97;6,09;4329,79;4262,64;4262,64
Tesouro IPCA+ com Juros Semestrais;15/08/2050;15/04/2024;6,03;6,15;4298,35;4232,13;4232,13
Tesouro IPCA+ com Juros Semestrais;15/08/2050;16/04/2024;6,09;6,21;4267,29;4201,82;4201,82
Tesouro IPCA+ com Juros Semestrais;15/08/2050;17/04/2024;6,11;6,23;4258,02;4192,80;4192,80
Tesouro IPCA+ com Juros Semestrais;15/08/2050;18/04/2024;6,07;6,19;4281,10;4215,37;4215,37
Tesouro IPCA+ com Juros Semestrais;15/08/2050;19/04/2024;6,00;6,12;4321,78;4254,15;4254,15
Tesouro IPCA+ com Juros Semestrais;15/08/2050;22/04/2024;6,05;6,17;4295,96;4229,95;4229,95
Tesouro IPCA+ com Juros Semestrais;15/08/2050;23/04/2024;6,08;6,20;4281,19;4215,55;4215,55
Tesouro IPCA+ com Juros Semestrais;15/08/2050;24/04/2024;6,10;6,22;4271,90;4206,51;4206,51
Tesouro IPCA+ com Juros Semestrais;15/08/2050;25/04/2024;6,08;6,20;4284,19;4218,55;4218,55
Tesouro IPCA+ com Juros Semestrais;15/08/2050;26/04/2024;6,07;6,19;4292,11;4225,34;4225,34
Tesouro IPCA+ com Juros Semestrais;15/08/2050;29/04/2024;6,08;6,20;4287,99;4222,34;4222,34
Tesouro IPCA+ com Juros Semestrais;15/08/2050;30/04/2024;6,09;6,21;4284,55;4218,54;4218,54
Tesouro IPCA+ com Juros Semestrais;15/08/2050;02/05/2024;6,14;6,26;4259,17;4194,26;4194,26
Tesouro IPCA+ com Juros Semestrais;15/08/2050;03/05/2024;6,16;6,28;4250,95;4185,31;4185,31
Tesouro IPCA+ com Juros Semestrais;15/08/2050;06/05/2024;6,14;6,26;4263,12;4198,18;4198,18
Tesouro IPCA+ com Juros Semestrais;15/08/2050;07/05/2024;6,19;6,31;4237,99;4173,66;4173,66
Tesouro IPCA+ com Juros Semestrais;15/08/2050;08/05/2024;6,18;6,30;4244,78;4180,33;4180,33
Tesouro IPCA+ com Juros Semestrais;15/08/2050;09/05/2024;6,30;6,42;4183,30;4120,29;4120,29
Tesouro IPCA+ com Juros Semestrais;15/08/2050;10/05/2024;6,09;6,21;4298,54;4231,80;4231,80
Tesouro IPCA+ com Juros Semestrais;15/08/2050;13/05/2024;6,13;6,25;4278,55;4213,37;4213,37
Tesouro IPCA+ com Juros Semestrais;15/08/2050;14/05/2024;6,11;6,23;4290,85;4225,42;4225,42
Tesouro IPCA+ com Juros Semestrais;15/08/2050;15/05/2024;6,18;6,30;4254,91;4190,38;4190,38
Tesouro IPCA+ com Juros Semestrais;15/08/2050;16/05/2024;6,12;6,24;4288,48;4223,21;4223,21
Tesouro IPCA+ com Juros Semestrais;15/08/2050;17/05/2024;6,12;6,24;4290,98;4224,72;4224,72
Tesouro IPCA+ com Juros Semestrais;15/08/2050;20/05/2024;6,14;6,26;4281,76;4216,72;4216,72
Tesouro IPCA+ com Juros Semestrais;15/08/2050;21/05/2024;6,07;6,19;4321,03;4255,11;4255,11
Tesouro IPCA+ com Juros Semestrais;15/08/2050;22/05/2024;6,16;6,28;4274,08;4209,28;4209,28
Tesouro IPCA+ com Juros Semestrais;15/08/2050;23/05/2024;6,11;6,23;4302,41;4236,98;4236,98
Tesouro IPCA+ com Juros Semestrais;15/08/2050;24/05/2024;6,08;6,20;4321,14;4254,33;4254,33
Tesouro IPCA+ com Juros Semestrais;15/08/2050;27/05/2024;6,12;6,24;4301,05;4235,72;4235,72
Tesouro IPCA+ com Juros Semestrais;15/08/2050;28/05/2024;6,12;6,24;4302,56;4237,23;4237,23
Tesouro IPCA+ com Juros Semestrais;15/08/2050;29/05/2024;6,18;6,30;4273,56;4208,32;4208,32
Tesouro IPCA+ com Juros Semestrais;15/08/2050;31/05/2024;6,13;6,25;4303,02;4236,57;4236,57
Tesouro IPCA+ com Juros Semestrais;15/08/2050;03/06/2024;6,14;6,26;4299,23;4234,02;4234,02
Tesouro IPCA+ com Juros Semestrais;15/08/2050;04/06/2024;6,13;6,25;4306,19;4240,85;4240,85
Tesouro IPCA+ com Juros Semestrais;15/08/2050;05/06/2024;6,13;6,25;4307,77;4242,43;4242,43
Tesouro IPCA+ com Juros Semestrais;15/08/2050;06/06/2024;6,22;6,34;4261,40;4197,15;4197,15
Tesouro IPCA+ com Juros Semestrais;15/08/2050;07/06/2024;6,19;6,31;4280,00;4214,26;4214,26
Tesouro IPCA+ com Juros Semestrais;15/08/2050;10/06/2024;6,22;6,34;4265,69;4201,42;4201,42
Tesouro IPCA+ com Juros Semestrais;15/08/2050;11/06/2024;6,24;6,36;4258,64;4194,51;4194,51
Tesouro IPCA+ com Juros Semestrais;15/08/2050;12/06/2024;6,38;6,50;4187,53;4125,06;4125,06
Tesouro IPCA+ com Juros Semestrais;15/08/2050;13/06/2024;6,45;6,57;4153,52;4091,86;4091,86
Tesouro IPCA+ com Juros Semestrais;15/08/2050;14/06/2024;6,35;6,47;4207,21;4143,42;4143,42
Tesouro IPCA+ com Juros Semestrais;15/08/2050;17/06/2024;6,34;6,46;4213,87;4151,05;4151,05
Tesouro IPCA+ com Juros Semestrais;15/08/2050;18/06/2024;6,38;6,50;4194,78;4132,42;4132,42
Tesouro IPCA+ com Juros Semestrais;15/08/2050;19/06/2024;6,38;6,50;4196,28;4133,92;4133,92
Tesouro IPCA+ com Juros Semestrais;15/08/2050;20/06/2024;6,29;6,41;4244,37;4180,94;4180,94
Tesouro IPCA+ com Juros Semestrais;15/08/2050;21/06/2024;6,30;6,42;4241,62;4177,35;4177,35
Tesouro IPCA+ com Juros Semestrais;15/08/2050;24/06/2024;6,31;6,43;4237,92;4174,71;4174,71
Tesouro IPCA+ com Juros Semestrais;15/08/2050;25/06/2024;6,34;6,46;4223,87;4161,01;4161,01
Tesouro IPCA+ com Juros Semestrais;15/08/2050;26/06/2024;6,38;6,50;4204,77;4142,37;4142,37
Tesouro IPCA+ com Juros Semestrais;15/08/2050;27/06/2024;6,35;6,47;4220,81;4158,14;4158,14
Tesouro IPCA+ com Juros Semestrais;15/08/2050;28/06/2024;6,42;6,54;4187,16;4124,50;4124,50
Tesouro IPCA+ com Juros Semestrais;15/08/2050;01/07/2024;6,46;6,58;4168,30;4106,90;4106,90
Tesouro IPCA+ com Juros Semestrais;15/08/2050;02/07/2024;6,49;6,61;4154,62;4093,55;4093,55
Tesouro IPCA+ com Juros Semestrais;15/08/2050;03/07/2024;6,47;6,59;4166,13;4104,83;4104,83
Tesouro IPCA+ com Juros Semestrais;15/08/2050;04/07/2024;6,39;6,51;4208,25;4146,02;4146,02
Tesouro IPCA+ com Juros Semestrais;15/08/2050;05/07/2024;6,36;6,48;4225,92;4162,53;4162,53
Tesouro IPCA+ com Juros Semestrais;15/08/2050;08/07/2024;6,30;6,42;4258,47;4195,17;4195,17
Tesouro IPCA+ com Juros Semestrais;15/08/2050;09/07/2024;6,32;6,44;4249,51;4186,44;4186,44
Tesouro IPCA+ com Juros Semestrais;15/08/2050;10/07/2024;6,29;6,41;4263,63;4200,36;4200,36
Tesouro IPCA+ com Juros Semestrais;15/08/2050;11/07/2024;6,25;6,37;4285,93;4222,18;4222,18
Tesouro IPCA+ com Juros Semestrais;15/08/2050;12/07/2024;6,19;6,31;4319,62;4254,54;4254,54
Tesouro IPCA+ com Juros Semestrais;15/08/2050;15/07/2024;6,21;6,33;4310,47;4246,08;4246,08
Tesouro IPCA+ com Juros Semestrais;15/08/2050;16/07/2024;6,19;6,31;4322,57;4257,94;4257,94
Tesouro IPCA+ com Juros Semestrais;15/08/2050;17/07/2024;6,22;6,34;4308,12;4243,85;4243,85
Tesouro IPCA+ com Juros Semestrais;15/08/2050;18/07/2024;6,21;6,33;4314,90;4250,50;4250,50
Tesouro IPCA+ com Juros Semestrais;15/08/2050;19/07/2024;6,26;6,38;4290,86;4226,18;4226,18
Tesouro IPCA+ com Juros Semestrais;15/08/2050;22/07/2024;6,26;6,38;4292,34;4228,53;4228,53
Tesouro IPCA+ com Juros Semestrais;15/08/2050;23/07/2024;6,27;6,39;4288,57;4224,87;4224,87
Tesouro IPCA+ com Juros Semestrais;15/08/2050;24/07/2024;6,34;6,46;4253,57;4190,70;4190,70
Tesouro IPCA+ com Juros Semestrais;15/08/2050;25/07/2024;6,33;6,45;4260,23;4197,24;4197,24
Tesouro IPCA+ com Juros Semestrais;15/08/2050;26/07/2024;6,31;6,43;4273,36;4209,16;4209,16
Tesouro IPCA+ com Juros Semestrais;15/08/2050;29/07/2024;6,32;6,44;4269,66;4206,50;4206,50
Tesouro IPCA+ com Juros Semestrais;15/08/2050;30/07/2024;6,29;6,41;4286,81;4223,29;4223,29
Tesouro IPCA+ com Juros Semestrais;15/08/2050;31/07/2024;6,30;6,42;4283,09;4219,69;4219,69
Tesouro IPCA+ com Juros Semestrais;15/08/2050;01/08/2024;6,30;6,42;4284,60;4221,19;4221,19
Tesouro IPCA+ com Juros Semestrais;15/08/2050;02/08/2024;6,21;6,33;4334,43;4268,99;4268,99
Tesouro IPCA+ com Juros Semestrais;15/08/2050;05/08/2024;6,11;6,23;4389,57;4323,83;4323,83
Tesouro IPCA+ com Juros Semestrais;15/08/2050;06/08/2024;6,05;6,17;4423,76;4357,27;4357,27
Tesouro IPCA+ com Juros Semestrais;15/08/2050;07/08/2024;6,10;6,22;4398,02;4332,15;4332,15
Tesouro IPCA+ com Juros Semestrais;15/08/2050;08/08/2024;6,17;6,29;4361,81;4296,80;4296,80
Tesouro IPCA+ com Juros Semestrais;15/08/2050;09/08/2024;6,02;6,14;4447,37;4379,32;4379,32
Tesouro IPCA+ com Juros Semestrais;15/08/2050;12/08/2024;5,91;6,03;4510,26;4441,86;4441,86
Tesouro IPCA+ com Juros Semestrais;15/08/2050;13/08/2024;5,91;6,03;4511,83;4443,44;4443,44
Tesouro IPCA+ com Juros Semestrais;15/08/2050;14/08/2024;5,94;6,06;4368,98;4428,55;4428,55
Tesouro IPCA+ com Juros Semestrais;15/08/2050;15/08/2024;5,96;6,08;4358,84;4291,62;4291,62
Tesouro IPCA+ com Juros Semestrais;15/08/2050;16/08/2024;5,91;6,03;4387,95;4320,04;4320,04
Tesouro IPCA+ com Juros Semestrais;15/08/2050;19/08/2024;5,95;6,07;4366,54;4299,20;4299,20
Tesouro IPCA+ com Juros Semestrais;15/08/2050;20/08/2024;6,08;6,20;4295,81;4230,13;4230,13
Tesouro IPCA+ com Juros Semestrais;15/08/2050;21/08/2024;6,08;6,20;4296,85;4231,17;4231,17
Tesouro IPCA+ com Juros Semestrais;15/08/2050;22/08/2024;6,16;6,28;4254,62;4189,93;4189,93
Tesouro IPCA+ com Juros Semestrais;15/08/2050;23/08/2024;6,07;6,19;4304,43;4238,57;4238,57
Tesouro IPCA+ com Juros Semestrais;15/08/2050;26/08/2024;6,09;6,21;4294,56;4229,01;4229,01
Tesouro IPCA+ com Juros Semestrais;15/08/2050;27/08/2024;6,16;6,28;4257,79;4193,11;4193,11
Tesouro IPCA+ com Juros Semestrais;15/08/2050;28/08/2024;6,15;6,27;4264,00;4199,22;4199,22
Tesouro IPCA+ com Juros Semestrais;15/08/2050;29/08/2024;6,21;6,33;4232,97;4168,91;4168,91
Tesouro IPCA+ com Juros Semestrais;15/08/2050;30/08/2024;6,22;6,34;4228,71;4164,76;4164,76
Tesouro IPCA+ com Juros Semestrais;15/08/2050;02/09/2024;6,26;6,38;4208,61;4145,16;4145,16
Tesouro IPCA+ com Juros Semestrais;15/08/2050;03/09/2024;6,19;6,31;4246,72;4182,43;4182,43
Tesouro IPCA+ com Juros Semestrais;15/08/2050;04/09/2024;6,27;6,39;4205,41;4142,09;4142,09
Tesouro IPCA+ com Juros Semestrais;15/08/2050;05/09/2024;6,22;6,34;4232,82;4168,90;4168,90
Tesouro IPCA+ com Juros Semestrais;15/08/2050;06/09/2024;6,15;6,27;4271,23;4206,44;4206,44
Tesouro IPCA+ com Juros Semestrais;15/08/2050;09/09/2024;6,23;6,35;4229,60;4165,81;4165,81
Tesouro IPCA+ com Juros Semestrais;15/08/2050;10/09/2024;6,20;6,32;4245,44;4181,35;4181,35
Tesouro IPCA+ com Juros Semestrais;15/08/2050;11/09/2024;6,21;6,33;4241,11;4177,14;4177,14
Tesouro IPCA+ com Juros Semestrais;15/08/2050;12/09/2024;6,25;6,37;4220,94;4157,46;4157,46
Tesouro IPCA+ com Juros Semestrais;15/08/2050;13/09/2024;6,27;6,39;4212,18;4148,18;4148,18
Tesouro IPCA+ com Juros Semestrais;15/08/2050;16/09/2024;6,28;6,40;4208,73;4144,79;4144,79
Tesouro IPCA+ com Juros Semestrais;15/08/2050;17/09/2024;6,30;6,42;4200,08;4136,37;4136,37
Tesouro IPCA+ com Juros Semestrais;15/08/2050;18/09/2024;6,26;6,38;4222,84;4158,64;4158,64
Tesouro IPCA+ com Juros Semestrais;15/08/2050;19/09/2024;6,28;6,40;4214,14;4150,18;4150,18
Tesouro IPCA+ com Juros Semestrais;15/08/2050;20/09/2024;6,38;6,50;4165,58;4101,24;4101,24
Tesouro IPCA+ com Juros Semestrais;15/08/2050;23/09/2024;6,48;6,60;4116,42;4054,75;4054,75
Tesouro IPCA+ com Juros Semestrais;15/08/2050;24/09/2024;6,31;6,43;4205,44;4141,77;4141,77
Tesouro IPCA+ com Juros Semestrais;15/08/2050;25/09/2024;6,32;6,44;4202,03;4138,48;4138,48
Tesouro IPCA+ com Juros Semestrais;15/08/2050;26/09/2024;6,36;6,48;4181,42;4118,50;4118,50
Tesouro IPCA+ com Juros Semestrais;15/08/2050;27/09/2024;6,42;6,54;4153,55;4090,05;4090,05
Tesouro IPCA+ com Juros Semestrais;15/08/2050;30/09/2024;6,39;6,51;4170,58;4107,97;4107,97
Tesouro IPCA+ com Juros Semestrais;15/08/2050;01/10/2024;6,43;6,55;4151,76;4089,62;4089,62
Tesouro IPCA+ com Juros Semestrais;15/08/2050;02/10/2024;6,34;6,46;4199,72;4136,51;4136,51
Tesouro IPCA+ com Juros Semestrais;15/08/2050;03/10/2024;6,43;6,55;4155,09;4092,93;4092,93
Tesouro IPCA+ com Juros Semestrais;15/08/2050;04/10/2024;6,45;6,57;4147,84;4084,64;4084,64
Tesouro IPCA+ com Juros Semestrais;15/08/2050;07/10/2024;6,44;6,56;4154,59;4092,51;4092,51
Tesouro IPCA+ com Juros Semestrais;15/08/2050;08/10/2024;6,39;6,51;4181,85;4119,18;4119,18
Tesouro IPCA+ com Juros Semestrais;15/08/2050;09/10/2024;6,44;6,56;4157,23;4095,18;4095,18
Tesouro IPCA+ com Juros Semestrais;15/08/2050;10/10/2024;6,43;6,55;4163,97;4101,79;4101,79
Tesouro IPCA+ com Juros Semestrais;15/08/2050;11/10/2024;6,43;6,55;4166,83;4103,43;4103,43
Tesouro IPCA+ com Juros Semestrais;15/08/2050;14/10/2024;6,43;6,55;4168,47;4106,26;4106,26
Tesouro IPCA+ com Juros Semestrais;15/08/2050;15/10/2024;6,45;6,57;4159,99;4097,94;4097,94
Tesouro IPCA+ com Juros Semestrais;15/08/2050;16/10/2024;6,50;6,62;4136,39;4074,90;4074,90
Tesouro IPCA+ com Juros Semestrais;15/08/2050;17/10/2024;6,62;6,74;4078,31;4018,16;4018,16
Tesouro IPCA+ com Juros Semestrais;15/08/2050;18/10/2024;6,56;6,68;4111,10;4048,92;4048,92
Tesouro IPCA+ com Juros Semestrais;15/08/2050;21/10/2024;6,62;6,74;4083,07;4022,88;4022,88
Tesouro IPCA+ com Juros Semestrais;15/08/2050;22/10/2024;6,66;6,78;4065,13;4005,38;4005,38
Tesouro IPCA+ com Juros Semestrais;15/08/2050;23/10/2024;6,67;6,79;4061,95;4002,31;4002,31
Tesouro IPCA+ com Juros Semestrais;15/08/2050;24/10/2024;6,72;6,84;4039,36;3980,25;3980,25
Tesouro IPCA+ com Juros Semestrais;15/08/2050;25/10/2024;6,63;6,75;4087,01;4025,40;4025,40
Tesouro IPCA+ com Juros Semestrais;15/08/2050;28/10/2024;6,66;6,78;4074,03;4014,18;4014,18
Tesouro IPCA+ com Juros Semestrais;15/08/2050;29/10/2024;6,71;6,83;4051,43;3992,11;3992,11
Tesouro IPCA+ com Juros Semestrais;15/08/2050;30/10/2024;6,73;6,85;4043,50;3984,39;3984,39
Tesouro IPCA+ com Juros Semestrais;15/08/2050;31/10/2024;6,70;6,82;4059,81;4000,36;4000,36
Tesouro IPCA+ com Juros Semestrais;15/08/2050;01/11/2024;6,70;6,82;4063,01;4002,12;4002,12
Tesouro IPCA+ com Juros Semestrais;15/08/2050;04/11/2024;6,69;6,81;4069,64;4010,05;4010,05
Tesouro IPCA+ com Juros Semestrais;15/08/2050;05/11/2024;6,67;6,79;4081,18;4021,36;4021,36
Tesouro IPCA+ com Juros Semestrais;15/08/2050;06/11/2024;6,72;6,84;4058,59;3999,31;3999,31
Tesouro IPCA+ com Juros Semestrais;15/08/2050;07/11/2024;6,64;6,76;4099,44;4039,27;4039,27
Tesouro IPCA+ com Juros Semestrais;15/08/2050;08/11/2024;6,63;6,75;4107,95;4046,17;4046,17
Tesouro IPCA+ com Juros Semestrais;15/08/2050;11/11/2024;6,56;6,68;4144,51;4083,39;4083,39
Tesouro IPCA+ com Juros Semestrais;15/08/2050;12/11/2024;6,60;6,72;4126,37;4065,69;4065,69
Tesouro IPCA+ com Juros Semestrais;15/08/2050;13/11/2024;6,75;6,87;4054,74;3995,71;3995,71
Tesouro IPCA+ com Juros Semestrais;15/08/2050;14/11/2024;6,68;6,80;4091,39;4030,73;4030,73
Tesouro IPCA+ com Juros Semestrais;15/08/2050;18/11/2024;6,73;6,85;4068,38;4009,55;4009,55
Tesouro IPCA+ com Juros Semestrais;15/08/2050;19/11/2024;6,65;6,77;4109,07;4049,07;4049,07
Tesouro IPCA+ com Juros Semestrais;15/08/2050;21/11/2024;6,66;6,78;4105,49;4045,88;4045,88
Tesouro IPCA+ com Juros Semestrais;15/08/2050;22/11/2024;6,56;6,68;4156,98;4095,68;4095,68
Tesouro IPCA+ com Juros Semestrais;15/08/2050;25/11/2024;6,61;6,73;4133,41;4073,25;4073,25
Tesouro IPCA+ com Juros Semestrais;15/08/2050;26/11/2024;6,59;6,71;4144,68;4084,30;4084,30
Tesouro IPCA+ com Juros Semestrais;15/08/2050;27/11/2024;6,67;6,79;4108,64;4048,94;4048,94
Tesouro IPCA+ com Juros Semestrais;15/08/2050;28/11/2024;6,79;6,91;4051,94;3993,54;3993,54
Tesouro IPCA+ com Juros Semestrais;15/08/2050;29/11/2024;7,01;7,13;3950,95;3893,96;3893,96
Tesouro IPCA+ com Juros Semestrais;15/08/2050;02/12/2024;6,80;6,92;4051,05;3992,73;3992,73
Tesouro IPCA+ com Juros Semestrais;15/08/2050;03/12/2024;6,76;6,88;4071,78;4013,03;4013,03
Tesouro IPCA+ com Juros Semestrais;15/08/2050;04/12/2024;6,91;7,03;4001,91;3944,75;3944,75
Tesouro IPCA+ com Juros Semestrais;15/08/2050;05/12/2024;6,81;6,93;4050,77;3992,55;3992,55
Tesouro IPCA+ com Juros Semestrais;15/08/2050;06/12/2024;6,89;7,01;4015,20;3956,94;3956,94
Tesouro IPCA+ com Juros Semestrais;15/08/2050;09/12/2024;6,88;7,00;4021,42;3963,91;3963,91
Tesouro IPCA+ com Juros Semestrais;15/08/2050;10/12/2024;6,82;6,94;4053,50;3995,25;3995,25
Tesouro IPCA+ com Juros Semestrais;15/08/2050;11/12/2024;6,76;6,88;4083,90;4025,01;4025,01
Tesouro IPCA+ com Juros Semestrais;15/08/2050;12/12/2024;6,61;6,73;4158,97;4098,43;4098,43
Tesouro IPCA+ com Juros Semestrais;15/08/2050;13/12/2024;6,82;6,94;4059,61;4000,00;4000,00
Tesouro IPCA+ com Juros Semestrais;15/08/2050;16/12/2024;7,07;7,19;3944,77;3888,77;3888,77
Tesouro IPCA+ com Juros Semestrais;15/08/2050;17/12/2024;7,28;7,40;3852,67;3798,74;3798,74
Tesouro IPCA+ com Juros Semestrais;15/08/2050;18/12/2024;7,12;7,24;3925,80;3870,29;3870,29
Tesouro IPCA+ com Juros Semestrais;15/08/2050;19/12/2024;7,44;7,56;3787,16;3734,73;3734,73
Tesouro IPCA+ com Juros Semestrais;15/08/2050;20/12/2024;7,17;7,29;3908,61;3852,00;3852,00
Tesouro IPCA+ com Juros Semestrais;15/08/2050;23/12/2024;7,36;7,48;3829,40;3773,55;3773,55
Tesouro IPCA+ com Juros Semestrais;15/08/2050;26/12/2024;7,31;7,43;3853,02;3799,29;3799,29
Tesouro IPCA+ com Juros Semestrais;15/08/2050;27/12/2024;7,23;7,35;3891,68;3835,60;3835,60
Tesouro IPCA+ com Juros Semestrais;15/08/2050;30/12/2024;7,40;7,52;3819,90;3764,70;3764,70
Tesouro IPCA+ com Juros Semestrais;15/08/2050;02/01/2025;7,46;7,58;3795,97;3743,72;3743,72
Tesouro IPCA+ com Juros Semestrais;15/08/2050;03/01/2025;7,33;7,45;3855,05;3800,23;3800,23
Tesouro IPCA+ com Juros Semestrais;15/08/2050;06/01/2025;7,31;7,43;3865,54;3811,84;3811,84
Tesouro IPCA+ com Juros Semestrais;15/08/2050;07/01/2025;7,29;7,41;3876,06;3822,17;3822,17
Tesouro IPCA+ com Juros Semestrais;15/08/2050;08/01/2025;7,38;7,50;3838,60;3785,55;3785,55
Tesouro IPCA+ com Juros Semestrais;15/08/2050;09/01/2025;7,29;7,41;3879,58;3825,66;3825,66
Tesouro IPCA+ com Juros Semestrais;15/08/2050;10/01/2025;7,34;7,46;3860,08;3805,38;3805,38
Tesouro IPCA+ com Juros Semestrais;15/08/2050;13/01/2025;7,38;7,50;3844,45;3791,40;3791,40
Tesouro IPCA+ com Juros Semestrais;15/08/2050;14/01/2025;7,42;7,54;3828,94;3776,26;3776,26
Tesouro IPCA+ com Juros Semestrais;15/08/2050;15/01/2025;7,31;7,43;3877,78;3824,65;3824,65
Tesouro IPCA+ com Juros Semestrais;15/08/2050;16/01/2025;7,35;7,47;3861,46;3808,71;3808,71
Tesouro IPCA+ com Juros Semestrais;15/08/2050;17/01/2025;7,40;7,52;3841,06;3788,68;3788,68
Tesouro IPCA+ com Juros Semestrais;15/08/2050;20/01/2025;7,45;7,57;3820,75;3768,93;3768,93
Tesouro IPCA+ com Juros Semestrais;15/08/2050;21/01/2025;7,54;7,66;3783,78;3732,78;3732,78
Tesouro IPCA+ com Juros Semestrais;15/08/2050;22/01/2025;7,55;7,67;3780,72;3729,82;3729,82
Tesouro IPCA+ com Juros Semestrais;15/08/2050;23/01/2025;7,58;7,70;3769,32;3718,69;3718,69
Tesouro IPCA+ com Juros Semestrais;15/08/2050;24/01/2025;7,58;7,70;3770,56;3719,83;3719,83
Tesouro IPCA+ com Juros Semestrais;15/08/2050;27/01/2025;7,51;7,63;3802,98;3751,55;3751,55
Tesouro IPCA+ com Juros Semestrais;15/08/2050;28/01/2025;7,56;7,68;3783,24;3732,26;3732,26
Tesouro IPCA+ com Juros Semestrais;15/08/2050;29/01/2025;7,59;7,71;3772,01;3721,30;3721,30
Tesouro IPCA+ com Juros Semestrais;15/08/2050;30/01/2025;7,65;7,77;3748,46;3698,27;3698,27
Tesouro IPCA+ com Juros Semestrais;15/08/2050;31/01/2025;7,40;7,52;3855,48;3802,63;3802,63
Tesouro IPCA+ com Juros Semestrais;15/08/2050;03/02/2025;7,53;7,65;3801,39;3750,13;3750,13
Tesouro IPCA+ com Juros Semestrais;15/08/2050;04/02/2025;7,40;7,52;3858,06;3805,61;3805,61
Tesouro IPCA+ com Juros Semestrais;15/08/2050;05/02/2025;7,48;7,60;3825,12;3773,40;3773,40
Tesouro IPCA+ com Juros Semestrais;15/08/2050;06/02/2025;7,56;7,68;3792,67;3741,68;3741,68
Tesouro IPCA+ com Juros Semestrais;15/08/2050;07/02/2025;7,48;7,60;3828,10;3775,98;3775,98
Tesouro IPCA+ com Juros Semestrais;15/08/2050;10/02/2025;7,51;7,63;3816,68;3765,23;3765,23
Tesouro IPCA+ com Juros Semestrais;15/08/2050;11/02/2025;7,48;7,60;3830,69;3778,96;3778,96
Tesouro IPCA+ com Juros Semestrais;15/08/2050;12/02/2025;7,43;7,55;3853,32;3801,14;3801,14
Tesouro IPCA+ com Juros Semestrais;15/08/2050;13/02/2025;7,44;7,56;3850,33;3798,24;3798,24
Tesouro IPCA+ com Juros Semestrais;15/08/2050;14/02/2025;7,40;7,52;3742,15;3816,34;3816,34
Tesouro IPCA+ com Juros Semestrais;15/08/2050;17/02/2025;7,23;7,35;3819,54;3763,83;3763,83
Tesouro IPCA+ com Juros Semestrais;15/08/2050;18/02/2025;7,30;7,42;3791,42;3736,38;3736,38
Tesouro IPCA+ com Juros Semestrais;15/08/2050;19/02/2025;7,28;7,40;3803,11;3747,83;3747,83
Tesouro IPCA+ com Juros Semestrais;15/08/2050;20/02/2025;7,29;7,41;3801,56;3746,36;3746,36
Tesouro IPCA+ com Juros Semestrais;15/08/2050;21/02/2025;7,29;7,41;3808,05;3749,21;3749,21
Tesouro IPCA+ com Juros Semestrais;15/08/2050;24/02/2025;7,25;7,37;3828,66;3772,97;3772,97
Tesouro IPCA+ com Juros Semestrais;15/08/2050;25/02/2025;7,47;7,59;3735,52;3681,92;3681,92
Tesouro IPCA+ com Juros Semestrais;15/08/2050;26/02/2025;7,42;7,54;3759,06;3705,05;3705,05
Tesouro IPCA+ com Juros Semestrais;15/08/2050;27/02/2025;7,49;7,61;3731,81;3678,43;3678,43
Tesouro IPCA+ com Juros Semestrais;15/08/2050;28/02/2025;7,57;7,69;3707,48;3648,04;3648,04
Tesouro IPCA+ com Juros Semestrais;15/08/2050;05/03/2025;7,46;7,58;3757,08;3703,28;3703,28
Tesouro IPCA+ com Juros Semestrais;15/08/2050;06/03/2025;7,48;7,60;3751,29;3697,64;3697,64
Tesouro IPCA+ com Juros Semestrais;15/08/2050;07/03/2025;7,44;7,56;3774,75;3717,25;3717,25
Tesouro IPCA+ com Juros Semestrais;15/08/2050;10/03/2025;7,38;7,50;3803,65;3748,95;3748,95
Tesouro IPCA+ com Juros Semestrais;15/08/2050;11/03/2025;7,36;7,48;3815,23;3760,32;3760,32
Tesouro IPCA+ com Juros Semestrais;15/08/2050;12/03/2025;7,42;7,54;3792,54;3738,14;3738,14
Tesouro IPCA+ com Juros Semestrais;15/08/2050;13/03/2025;7,45;7,57;3782,37;3728,24;3728,24
Tesouro IPCA+ com Juros Semestrais;15/08/2050;14/03/2025;7,41;7,53;3803,99;3748,04;3748,04
Tesouro IPCA+ com Juros Semestrais;15/08/2050;17/03/2025;7,44;7,56;3792,74;3739,50;3739,50
Tesouro IPCA+ com Juros Semestrais;15/08/2050;18/03/2025;7,49;7,61;3772,95;3720,17;3720,17
Tesouro IPCA+ com Juros Semestrais;15/08/2050;19/03/2025;7,37;7,49;3826,87;3772,95;3772,95
Tesouro IPCA+ com Juros Semestrais;15/08/2050;20/03/2025;7,34;7,46;3841,88;3787,66;3787,66
Tesouro IPCA+ com Juros Semestrais;15/08/2050;21/03/2025;7,40;7,52;3818,74;3763,66;3763,66
Tesouro IPCA+ com Juros Semestrais;15/08/2050;24/03/2025;7,30;7,42;3864,65;3810,01;3810,01
Tesouro IPCA+ com Juros Semestrais;15/08/2050;25/03/2025;7,45;7,57;3800,57;3747,35;3747,35
Tesouro IPCA+ com Juros Semestrais;15/08/2050;26/03/2025;7,44;7,56;3806,70;3753,38;3753,38
Tesouro IPCA+ com Juros Semestrais;15/08/2050;27/03/2025;7,38;7,50;3834,69;3780,79;3780,79
Tesouro IPCA+ com Juros Semestrais;15/08/2050;28/03/2025;7,46;7,58;3802,45;3748,00;3748,00
Tesouro IPCA+ com Juros Semestrais;15/08/2050;31/03/2025;7,39;7,51;3834,70;3780,91;3780,91
Tesouro IPCA+ com Juros Semestrais;15/08/2050;01/04/2025;7,29;7,41;3880,71;3825,95;3825,95
Tesouro IPCA+ com Juros Semestrais;15/08/2050;02/04/2025;7,36;7,48;3851,42;3797,33;3797,33
Tesouro IPCA+ com Juros Semestrais;15/08/2050;03/04/2025;7,30;7,42;3879,79;3825,11;3825,11
Tesouro IPCA+ com Juros Semestrais;15/08/2050;04/04/2025;7,33;7,45;3869,59;3813,83;3813,83
Tesouro IPCA+ com Juros Semestrais;15/08/2050;07/04/2025;7,30;7,42;3884,71;3830,00;3830,00
Tesouro IPCA+ com Juros Semestrais;15/08/2050;08/04/2025;7,29;7,41;3890,95;3836,13;3836,13
Tesouro IPCA+ com Juros Semestrais;15/08/2050;09/04/2025;7,56;7,68;3774,94;3722,66;3722,66
Tesouro IPCA+ com Juros Semestrais;15/08/2050;10/04/2025;7,40;7,52;3845,81;3792,03;3792,03
Tesouro IPCA+ com Juros Semestrais;15/08/2050;11/04/2025;7,36;7,48;3866,92;3811,34;3811,34
Tesouro IPCA+ com Juros Semestrais;15/08/2050;14/04/2025;7,27;7,39;3908,79;3853,70;3853,70
Tesouro IPCA+ com Juros Semestrais;15/08/2050;15/04/2025;7,31;7,43;3892,52;3837,98;3837,98
Tesouro IPCA+ com Juros Semestrais;15/08/2050;16/04/2025;7,31;7,43;3894,14;3839,59;3839,59
Tesouro IPCA+ com Juros Semestrais;15/08/2050;17/04/2025;7,40;7,52;3858,06;3802,27;3802,27
Tesouro IPCA+ com Juros Semestrais;15/08/2050;22/04/2025;7,37;7,49;3872,88;3818,87;3818,87
Tesouro IPCA+ com Juros Semestrais;15/08/2050;23/04/2025;7,42;7,54;3852,53;3798,99;3798,99
Tesouro IPCA+ com Juros Semestrais;15/08/2050;24/04/2025;7,43;7,55;3849,78;3796,33;3796,33
Tesouro IPCA+ com Juros Semestrais;15/08/2050;25/04/2025;7,33;7,45;3896,53;3841,07;3841,07
Tesouro IPCA+ com Juros Semestrais;15/08/2050;28/04/2025;7,33;7,45;3898,16;3843,73;3843,73
Tesouro IPCA+ com Juros Semestrais;15/08/2050;29/04/2025;7,28;7,40;3922,33;3867,39;3867,39
Tesouro IPCA+ com Juros Semestrais;15/08/2050;30/04/2025;7,24;7,36;3942,55;3886,67;3886,67
Tesouro IPCA+ com Juros Semestrais;15/08/2050;02/05/2025;7,26;7,38;3936,26;3880,01;3880,01
Tesouro IPCA+ com Juros Semestrais;15/08/2050;05/05/2025;7,26;7,38;3937,91;3882,74;3882,74
Tesouro IPCA+ com Juros Semestrais;15/08/2050;06/05/2025;7,28;7,40;3930,55;3875,57;3875,57
Tesouro IPCA+ com Juros Semestrais;15/08/2050;07/05/2025;7,22;7,34;3959,31;3903,73;3903,73
Tesouro IPCA+ com Juros Semestrais;15/08/2050;08/05/2025;7,14;7,26;3997,58;3941,20;3941,20
Tesouro IPCA+ com Juros Semestrais;15/08/2050;09/05/2025;7,11;7,23;4014,58;3956,73;3956,73
Tesouro IPCA+ com Juros Semestrais;15/08/2050;12/05/2025;7,10;7,22;4020,89;3964,07;3964,07
Tesouro IPCA+ com Juros Semestrais;15/08/2050;13/05/2025;7,02;7,14;4060,02;4002,37;4002,37
Tesouro IPCA+ com Juros Semestrais;15/08/2050;14/05/2025;7,06;7,18;4042,90;3985,65;3985,65
Tesouro IPCA+ com Juros Semestrais;15/08/2050;15/05/2025;7,07;7,19;4039,80;3982,74;3982,74
Tesouro IPCA+ com Juros Semestrais;15/08/2050;16/05/2025;7,10;7,22;4028,35;3970,64;3970,64
Tesouro IPCA+ com Juros Semestrais;15/08/2050;19/05/2025;7,10;7,22;4029,92;3973,15;3973,15
Tesouro IPCA+ com Juros Semestrais;15/08/2050;20/05/2025;7,01;7,13;4073,71;4016,01;4016,01
Tesouro IPCA+ com Juros Semestrais;15/08/2050;21/05/2025;7,10;7,22;4033,08;3976,30;3976,30
Tesouro IPCA+ com Juros Semestrais;15/08/2050;22/05/2025;7,13;7,25;4020,74;3964,26;3964,26
Tesouro IPCA+ com Juros Semestrais;15/08/2050;23/05/2025;7,06;7,18;4055,88;3997,72;3997,72
Tesouro IPCA+ com Juros Semestrais;15/08/2050;26/05/2025;7,09;7,21;4043,43;3986,53;3986,53
Tesouro IPCA+ com Juros Semestrais;15/08/2050;27/05/2025;6,97;7,09;4101,58;4043,43;4043,43
Tesouro IPCA+ com Juros Semestrais;15/08/2050;28/05/2025;6,98;7,10;4097,86;4039,85;4039,85
Tesouro IPCA+ com Juros Semestrais;15/08/2050;29/05/2025;7,05;7,17;4066,31;4009,03;4009,03
Tesouro IPCA+ com Juros Semestrais;15/08/2050;30/05/2025;7,05;7,17;4068,75;4010,57;4010,57
Tesouro IPCA+ com Juros Semestrais;15/08/2050;02/06/2025;7,07;7,19;4060,92;4003,81;4003,81
Tesouro IPCA+ com Juros Semestrais;15/08/2050;03/06/2025;7,08;7,20;4057,78;4000,78;4000,78
Tesouro IPCA+ com Juros Semestrais;15/08/2050;04/06/2025;7,06;7,18;4068,69;4011,48;4011,48
Tesouro IPCA+ com Juros Semestrais;15/08/2050;05/06/2025;7,06;7,18;4070,24;4013,03;4013,03
Tesouro IPCA+ com Juros Semestrais;15/08/2050;06/06/2025;7,12;7,24;4044,69;3987,19;3987,19
Tesouro IPCA+ com Juros Semestrais;15/08/2050;09/06/2025;7,09;7,21;4060,19;4003,26;4003,26
Tesouro IPCA+ com Juros Semestrais;15/08/2050;10/06/2025;7,08;7,20;4063,59;4006,70;4006,70
Tesouro IPCA+ com Juros Semestrais;15/08/2050;11/06/2025;7,12;7,24;4046,41;3989,92;3989,92
Tesouro IPCA+ com Juros Semestrais;15/08/2050;12/06/2025;7,12;7,24;4047,86;3991,36;3991,36
Tesouro IPCA+ com Juros Semestrais;15/08/2050;13/06/2025;7,19;7,31;4017,73;3961,25;3961,25
Tesouro IPCA+ com Juros Semestrais;15/08/2050;16/06/2025;7,08;7,20;4070,07;4013,15;4013,15
Tesouro IPCA+ com Juros Semestrais;15/08/2050;17/06/2025;7,10;7,22;4062,20;4005,48;4005,48
Tesouro IPCA+ com Juros Semestrais;15/08/2050;18/06/2025;7,10;7,22;4064,01;4006,93;4006,93
Tesouro IPCA+ com Juros Semestrais;15/08/2050;20/06/2025;7,01;7,13;4108,44;4050,08;4050,08
Tesouro IPCA+ com Juros Semestrais;15/08/2050;23/06/2025;6,98;7,10;4124,14;4066,17;4066,17
Tesouro IPCA+ com Juros Semestrais;15/08/2050;24/06/2025;6,98;7,10;4125,61;4067,63;4067,63
Tesouro IPCA+ com Juros Semestrais;15/08/2050;25/06/2025;7,10;7,22;4070,55;4013,80;4013,80
Tesouro IPCA+ com Juros Semestrais;15/08/2050;26/06/2025;7,07;7,19;4086,02;4028,97;4028,97
Tesouro IPCA+ com Juros Semestrais;15/08/2050;27/06/2025;7,02;7,14;4110,29;4052,31;4052,31
Tesouro IPCA+ com Juros Semestrais;15/08/2050;30/06/2025;6,98;7,10;4130,63;4072,75;4072,75
Tesouro IPCA+ com Juros Semestrais;15/08/2050;01/07/2025;6,86;6,98;4189,77;4130,63;4130,63
Tesouro IPCA+ com Juros Semestrais;15/08/2050;02/07/2025;6,88;7,00;4181,42;4122,49;4122,49
Tesouro IPCA+ com Juros Semestrais;15/08/2050;03/07/2025;6,91;7,03;4168,28;4109,67;4109,67
Tesouro IPCA+ com Juros Semestrais;15/08/2050;04/07/2025;6,96;7,08;4146,17;4087,56;4087,56
Tesouro IPCA+ com Juros Semestrais;15/08/2050;07/07/2025;6,95;7,07;4152,33;4094,12;4094,12
Tesouro IPCA+ com Juros Semestrais;15/08/2050;08/07/2025;6,93;7,05;4163,29;4104,88;4104,88
Tesouro IPCA+ com Juros Semestrais;15/08/2050;09/07/2025;7,03;7,15;4117,04;4059,66;4059,66
Tesouro IPCA+ com Juros Semestrais;15/08/2050;10/07/2025;7,20;7,32;4041,17;3985,41;3985,41
Tesouro IPCA+ com Juros Semestrais;15/08/2050;11/07/2025;7,03;7,15;4122,29;4064,16;4064,16
Tesouro IPCA+ com Juros Semestrais;15/08/2050;14/07/2025;7,03;7,15;4123,73;4066,24;4066,24
Tesouro IPCA+ com Juros Semestrais;15/08/2050;15/07/2025;7,06;7,18;4111,18;4053,86;4053,86
Tesouro IPCA+ com Juros Semestrais;15/08/2050;16/07/2025;7,14;7,26;4075,45;4018,94;4018,94
Tesouro IPCA+ com Juros Semestrais;15/08/2050;17/07/2025;7,23;7,35;4035,71;3980,09;3980,09
Tesouro IPCA+ com Juros Semestrais;15/08/2050;18/07/2025;7,17;7,29;4065,67;4008,54;4008,54
Tesouro IPCA+ com Juros Semestrais;15/08/2050;21/07/2025;7,19;7,31;4058,05;4002,02;4002,02
Tesouro IPCA+ com Juros Semestrais;15/08/2050;22/07/2025;7,20;7,32;4055,05;3999,10;3999,10
Tesouro IPCA+ com Juros Semestrais;15/08/2050;23/07/2025;7,21;7,33;4052,04;3996,20;3996,20
Tesouro IPCA+ com Juros Semestrais;15/08/2050;24/07/2025;7,21;7,33;4053,62;3997,77;3997,77
Tesouro IPCA+ com Juros Semestrais;15/08/2050;25/07/2025;7,17;7,29;4074,47;4017,31;4017,31
Tesouro IPCA+ com Juros Semestrais;15/08/2050;28/07/2025;7,20;7,32;4062,45;4006,47;4006,47
Tesouro IPCA+ com Juros Semestrais;15/08/2050;29/07/2025;7,19;7,31;4068,63;4012,54;4012,54
Tesouro IPCA+ com Juros Semestrais;15/08/2050;30/07/2025;7,15;7,27;4088,66;4032,17;4032,17
Tesouro IPCA+ com Juros Semestrais;15/08/2050;31/07/2025;7,15;7,27;4090,25;4033,76;4033,76
Tesouro IPCA+ com Juros Semestrais;15/08/2050;01/08/2025;7,17;7,29;4083,56;4026,31;4026,31
Tesouro IPCA+ com Juros Semestrais;15/08/2050;04/08/2025;7,12;7,24;4108,31;4051,49;4051,49
Tesouro IPCA+ com Juros Semestrais;15/08/2050;05/08/2025;7,17;7,29;4086,75;4030,43;4030,43
Tesouro IPCA+ com Juros Semestrais;15/08/2050;06/08/2025;7,17;7,29;4088,35;4032,02;4032,02
Tesouro IPCA+ com Juros Semestrais;15/08/2050;07/08/2025;7,19;7,31;4080,74;4024,61;4024,61
Tesouro IPCA+ com Juros Semestrais;15/08/2050;08/08/2025;7,09;7,21;4129,66;4071,57;4071,57
Tesouro IPCA+ com Juros Semestrais;15/08/2050;11/08/2025;7,08;7,20;4135,95;4078,69;4078,69
Tesouro IPCA+ com Juros Semestrais;15/08/2050;12/08/2025;7,05;7,17;4147,79;4090,41;4090,41
Tesouro IPCA+ com Juros Semestrais;15/08/2050;13/08/2025;7,09;7,21;4130,48;4073,51;4073,51
Tesouro IPCA+ com Juros Semestrais;15/08/2050;14/08/2025;7,07;7,19;4007,08;4084,14;4084,14
Tesouro IPCA+ com Juros Semestrais;15/08/2050;15/08/2025;7,08;7,20;4003,01;3946,77;3946,77
Tesouro IPCA+ com Juros Semestrais;15/08/2050;18/08/2025;7,08;7,20;4003,94;3947,40;3947,40
Tesouro IPCA+ com Juros Semestrais;15/08/2050;19/08/2025;7,15;7,27;3972,29;3916,46;3916,46
Tesouro IPCA+ com Juros Semestrais;15/08/2050;20/08/2025;7,23;7,35;3936,50;3881,47;3881,47
Tesouro IPCA+ com Juros Semestrais;15/08/2050;21/08/2025;7,29;7,41;3910,25;3855,80;3855,80
Tesouro IPCA+ com Juros Semestrais;15/08/2050;22/08/2025;7,24;7,36;3933,52;3878,90;3878,90
Tesouro IPCA+ com Juros Semestrais;15/08/2050;25/08/2025;7,20;7,32;3952,72;3897,40;3897,40
Tesouro IPCA+ com Juros Semestrais;15/08/2050;26/08/2025;7,21;7,33;3949,08;3893,87;3893,87
Tesouro IPCA+ com Juros Semestrais;15/08/2050;27/08/2025;7,17;7,29;3968,20;3912,62;3912,62
Tesouro IPCA+ com Juros Semestrais;15/08/2050;28/08/2025;7,13;7,25;3987,61;3931,63;3931,63
Tesouro IPCA+ com Juros Semestrais;15/08/2050;29/08/2025;7,18;7,30;3965,12;3909,97;3909,97
Tesouro IPCA+ com Juros Semestrais;15/08/2050;01/09/2025;7,19;7,31;3961,45;3906,08;3906,08
Tesouro IPCA+ com Juros Semestrais;15/08/2050;02/09/2025;7,29;7,41;3916,93;3862,53;3862,53
Tesouro IPCA+ com Juros Semestrais;15/08/2050;03/09/2025;7,23;7,35;3945,03;3890,05;3890,05
Tesouro IPCA+ com Juros Semestrais;15/08/2050;04/09/2025;7,33;7,45;3900,84;3846,84;3846,84
Tesouro IPCA+ com Juros Semestrais;15/08/2050;05/09/2025;7,30;7,42;3914,90;3860,94;3860,94
Tesouro IPCA+ com Juros Semestrais;15/08/2050;08/09/2025;7,26;7,38;3933,87;3879,20;3879,20
Tesouro IPCA+ com Juros Semestrais;15/08/2050;09/09/2025;7,25;7,37;3939,33;3884,57;3884,57
Tesouro IPCA+ com Juros Semestrais;15/08/2050;10/09/2025;7,26;7,38;3936,41;3881,72;3881,72
Tesouro IPCA+ com Juros Semestrais;15/08/2050;11/09/2025;7,21;7,33;3960,10;3904,92;3904,92
Tesouro IPCA+ com Juros Semestrais;15/08/2050;12/09/2025;7,23;7,35;3951,65;3896,96;3896,96
Tesouro IPCA+ com Juros Semestrais;15/08/2050;15/09/2025;7,14;7,26;3994,84;3938,04;3938,04
Tesouro IPCA+ com Juros Semestrais;15/08/2050;16/09/2025;7,18;7,30;3978,30;3921,90;3921,90
Tesouro IPCA+ com Juros Semestrais;15/08/2050;17/09/2025;7,11;7,23;4012,56;3955,44;3955,44
Tesouro IPCA+ com Juros Semestrais;15/08/2050;18/09/2025;7,07;7,19;4033,15;3975,62;3975,62
Tesouro IPCA+ com Juros Semestrais;15/08/2050;19/09/2025;7,14;7,26;4004,08;3945,62;3945,62
Tesouro IPCA+ com Juros Semestrais;15/08/2050;22/09/2025;7,19;7,31;3982,94;3926,56;3926,56
Tesouro IPCA+ com Juros Semestrais;15/08/2050;23/09/2025;7,22;7,34;3971,11;3915,02;3915,02
Tesouro IPCA+ com Juros Semestrais;15/08/2050;24/09/2025;7,19;7,31;3986,75;3930,36;3930,36
Tesouro IPCA+ com Juros Semestrais;15/08/2050;25/09/2025;7,13;7,25;4016,36;3959,36;3959,36
Tesouro IPCA+ com Juros Semestrais;15/08/2050;26/09/2025;7,14;7,26;4013,95;3955,71;3955,71
Tesouro IPCA+ com Juros Semestrais;15/08/2050;29/09/2025;7,16;7,28;4006,52;3949,89;3949,89
Tesouro IPCA+ com Juros Semestrais;15/08/2050;30/09/2025;7,18;7,30;3999,12;3942,68;3942,68
Tesouro IPCA+ com Juros Semestrais;15/08/2050;01/10/2025;7,21;7,33;3987,16;3931,01;3931,01
Tesouro IPCA+ com Juros Semestrais;15/08/2050;02/10/2025;7,20;7,32;3993,57;3937,31;3937,31
Tesouro IPCA+ com Juros Semestrais;15/08/2050;03/10/2025;7,26;7,38;3969,44;3912,33;3912,33
Tesouro IPCA+ com Juros Semestrais;15/08/2050;06/10/2025;7,24;7,36;3980,35;3924,45;3924,45
Tesouro IPCA+ com Juros Semestrais;15/08/2050;07/10/2025;7,29;7,41;3959,49;3904,07;3904,07
Tesouro IPCA+ com Juros Semestrais;15/08/2050;08/10/2025;7,29;7,41;3961,31;3905,88;3905,88
Tesouro IPCA+ com Juros Semestrais;15/08/2050;09/10/2025;7,24;7,36;3983,83;3928,01;3928,01
Tesouro IPCA+ com Juros Semestrais;15/08/2050;10/10/2025;7,27;7,39;3973,21;3916,40;3916,40
Tesouro IPCA+ com Juros Semestrais;15/08/2050;13/10/2025;7,29;7,41;3965,89;3910,53;3910,53
Tesouro IPCA+ com Juros Semestrais;15/08/2050;14/10/2025;7,37;7,49;3931,75;3877,15;3877,15
Tesouro IPCA+ com Juros Semestrais;15/08/2050;15/10/2025;7,36;7,48;3937,58;3883,24;3883,24
Tesouro IPCA+ com Juros Semestrais;15/08/2050;16/10/2025;7,31;7,43;3961,37;3906,55;3906,55
Tesouro IPCA+ com Juros Semestrais;15/08/2050;17/10/2025;7,39;7,51;3927,52;3872,92;3872,92
Tesouro IPCA+ com Juros Semestrais;15/08/2050;20/10/2025;7,34;7,46;3951,19;3896,64;3896,64
Tesouro IPCA+ com Juros Semestrais;15/08/2050;21/10/2025;7,30;7,42;3970,54;3915,62;3915,62
Tesouro IPCA+ com Juros Semestrais;15/08/2050;22/10/2025;7,28;7,40;3980,96;3925,84;3925,84
Tesouro IPCA+ com Juros Semestrais;15/08/2050;23/10/2025;7,23;7,35;4005,08;3949,47;3949,47
Tesouro IPCA+ com Juros Semestrais;15/08/2050;24/10/2025;7,19;7,31;4025,35;3968,79;3968,79
Tesouro IPCA+ com Juros Semestrais;15/08/2050;27/10/2025;7,12;7,24;4058,13;4001,51;4001,51
Tesouro IPCA+ com Juros Semestrais;15/08/2050;28/10/2025;7,20;7,32;4022,42;3966,60;3966,60
Tesouro IPCA+ com Juros Semestrais;15/08/2050;29/10/2025;7,20;7,32;4023,73;3967,90;3967,90
Tesouro IPCA+ com Juros Semestrais;15/08/2050;30/10/2025;7,23;7,35;4011,29;3955,76;3955,76
Tesouro IPCA+ com Juros Semestrais;15/08/2050;31/10/2025;7,19;7,31;4031,33;3975,01;3975,01
Tesouro IPCA+ com Juros Semestrais;15/08/2050;03/11/2025;7,20;7,32;4028,03;3972,20;3972,20
Tesouro IPCA+ com Juros Semestrais;15/08/2050;04/11/2025;7,21;7,33;4024,75;3969,01;3969,01
Tesouro IPCA+ com Juros Semestrais;15/08/2050;05/11/2025;7,21;7,33;4026,06;3970,32;3970,32
Tesouro IPCA+ com Juros Semestrais;15/08/2050;06/11/2025;7,14;7,26;4059,67;4003,23;4003,23
Tesouro IPCA+ com Juros Semestrais;15/08/2050;07/11/2025;7,14;7,26;4061,36;4004,54;4004,54
Tesouro IPCA+ com Juros Semestrais;15/08/2050;10/11/2025;7,11;7,23;4076,64;4019,91;4019,91
Tesouro IPCA+ com Juros Semestrais;15/08/2050;11/11/2025;7,06;7,18;4099,18;4042,05;4042,05
Tesouro IPCA+ com Juros Semestrais;15/08/2050;12/11/2025;7,07;7,19;4095,70;4038,68;4038,68
Tesouro IPCA+ com Juros Semestrais;15/08/2050;13/11/2025;7,01;7,13;4125,29;4067,65;4067,65
Tesouro IPCA+ com Juros Semestrais;15/08/2050;14/11/2025;7,06;7,18;4103,50;4045,74;4045,74
Tesouro IPCA+ com Juros Semestrais;15/08/2050;17/11/2025;7,00;7,12;4133,33;4075,39;4075,39
Tesouro IPCA+ com Juros Semestrais;15/08/2050;18/11/2025;7,05;7,17;4111,06;4053,63;4053,63
Tesouro IPCA+ com Juros Semestrais;15/08/2050;19/11/2025;7,06;7,18;4108,09;4050,44;4050,44
Tesouro IPCA+ com Juros Semestrais;15/08/2050;21/11/2025;7,02;7,14;4129,06;4070,68;4070,68
Tesouro IPCA+ com Juros Semestrais;15/08/2050;24/11/2025;7,00;7,12;4139,99;4082,03;4082,03
Tesouro IPCA+ com Juros Semestrais;15/08/2050;25/11/2025;6,99;7,11;4146,19;4088,12;4088,12
Tesouro IPCA+ com Juros Semestrais;15/08/2050;26/11/2025;6,98;7,10;4152,39;4094,22;4094,22
Tesouro IPCA+ com Juros Semestrais;15/08/2050;27/11/2025;6,96;7,08;4162,86;4104,53;4104,53
Tesouro IPCA+ com Juros Semestrais;15/08/2050;28/11/2025;6,98;7,10;4155,23;4096,55;4096,55
Tesouro IPCA+ com Juros Semestrais;15/08/2050;01/12/2025;7,00;7,12;4147,07;4089,15;4089,15
Tesouro IPCA+ com Juros Semestrais;15/08/2050;02/12/2025;6,98;7,10;4158,01;4099,87;4099,87
Tesouro IPCA+ com Juros Semestrais;15/08/2050;03/12/2025;6,93;7,05;4183,41;4124,75;4124,75
Tesouro IPCA+ com Juros Semestrais;15/08/2050;04/12/2025;6,90;7,02;4199,31;4140,34;4140,34
Tesouro IPCA+ com Juros Semestrais;15/08/2050;05/12/2025;6,88;7,00;4210,98;4151,24;4151,24
Tesouro IPCA+ com Juros Semestrais;15/08/2050;08/12/2025;7,01;7,13;4149,82;4091,98;4091,98
Tesouro IPCA+ com Juros Semestrais;15/08/2050;09/12/2025;7,10;7,22;4108,76;4051,83;4051,83
Tesouro IPCA+ com Juros Semestrais;15/08/2050;10/12/2025;7,12;7,24;4100,10;4043,41;4043,41
Tesouro IPCA+ com Juros Semestrais;15/08/2050;11/12/2025;7,09;7,21;4115,49;4058,49;4058,49
Tesouro IPCA+ com Juros Semestrais;15/08/2050;12/12/2025;7,01;7,13;4155,12;4096,81;4096,81
Tesouro IPCA+ com Juros Semestrais;15/08/2050;15/12/2025;7,00;7,12;4161,57;4103,33;4103,33
Tesouro IPCA+ com Juros Semestrais;15/08/2050;16/12/2025;7,07;7,19;4130,12;4072,59;4072,59
Tesouro IPCA+ com Juros Semestrais;15/08/2050;17/12/2025;7,14;7,26;4099,09;4042,25;4042,25
Tesouro IPCA+ com Juros Semestrais;15/08/2050;18/12/2025;7,24;7,36;4054,73;3998,87;3998,87
Tesouro IPCA+ com Juros Semestrais;15/08/2050;19/12/2025;7,18;7,30;4085,08;4027,49;4027,49
Tesouro IPCA+ com Juros Semestrais;15/08/2050;22/12/2025;7,18;7,30;4086,76;4030,29;4030,29
Tesouro IPCA+ com Juros Semestrais;15/08/2050;23/12/2025;7,24;7,36;4063,16;4005,02;4005,02
Tesouro IPCA+ com Juros Semestrais;15/08/2050;26/12/2025;7,22;7,34;4073,48;4016,62;4016,62
Tesouro IPCA+ com Juros Semestrais;15/08/2050;29/12/2025;7,16;7,28;4102,71;4046,13;4046,13
Tesouro IPCA+ com Juros Semestrais;15/08/2050;30/12/2025;7,13;7,25;4120,25;4061,34;4061,34
Tesouro IPCA+ com Juros Semestrais;15/08/2050;02/01/2026;7,07;7,19;4150,84;4092,44;4092,44
Tesouro IPCA+ com Juros Semestrais;15/08/2050;05/01/2026;7,09;7,21;4143,02;4085,71;4085,71
Tesouro IPCA+ com Juros Semestrais;15/08/2050;06/01/2026;7,17;7,29;4107,30;4050,80;4050,80
Tesouro IPCA+ com Juros Semestrais;15/08/2050;07/01/2026;7,23;7,35;4081,27;4025,34;4025,34
Tesouro IPCA+ com Juros Semestrais;15/08/2050;08/01/2026;7,20;7,32;4096,62;4040,39;4040,39
Tesouro IPCA+ com Juros Semestrais;15/08/2050;09/01/2026;7,20;7,32;4098,72;4041,64;4041,64
Tesouro IPCA+ com Juros Semestrais;15/08/2050;12/01/2026;7,20;7,32;4100,29;4044,07;4044,07
Tesouro IPCA+ com Juros Semestrais;15/08/2050;13/01/2026;7,22;7,34;4092,67;4036,63;4036,63
Tesouro IPCA+ com Juros Semestrais;15/08/2050;14/01/2026;7,22;7,34;4094,24;4038,20;4038,20
Tesouro IPCA+ com Juros Semestrais;15/08/2050;15/01/2026;7,32;7,44;4050,36;3995,25;3995,25
Tesouro IPCA+ com Juros Semestrais;15/08/2050;16/01/2026;7,30;7,42;4061,94;4005,69;4005,69
Tesouro IPCA+ com Juros Semestrais;15/08/2050;19/01/2026;7,30;7,42;4063,55;4008,22;4008,22
Tesouro IPCA+ com Juros Semestrais;15/08/2050;20/01/2026;7,34;7,46;4047,12;3992,18;3992,18
Tesouro IPCA+ com Juros Semestrais;15/08/2050;21/01/2026;7,29;7,41;4071,29;4015,87;4015,87
Tesouro IPCA+ com Juros Semestrais;15/08/2050;22/01/2026;7,26;7,38;4086,54;4030,82;4030,82
Tesouro IPCA+ com Juros Semestrais;15/08/2050;23/01/2026;7,23;7,35;4102,82;4045,84;4045,84
Tesouro IPCA+ com Juros Semestrais;15/08/2050;26/01/2026;7,13;7,25;4150,69;4093,67;4093,67
Tesouro IPCA+ com Juros Semestrais;15/08/2050;27/01/2026;7,12;7,24;4156,97;4099,85;4099,85
Tesouro IPCA+ com Juros Semestrais;15/08/2050;28/01/2026;7,11;7,23;4163,27;4106,04;4106,04
Tesouro IPCA+ com Juros Semestrais;15/08/2050;29/01/2026;7,08;7,20;4178,38;4120,89;4120,89
Tesouro IPCA+ com Juros Semestrais;15/08/2050;30/01/2026;7,10;7,22;4171,44;4113,26;4113,26
Tesouro IPCA+ com Juros Semestrais;15/08/2050;02/02/2026;7,13;7,25;4158,98;4101,97;4101,97
Tesouro IPCA+ com Juros Semestrais;15/08/2050;03/02/2026;7,07;7,19;4188,72;4131,11;4131,11
Tesouro IPCA+ com Juros Semestrais;15/08/2050;04/02/2026;7,20;7,32;4129,65;4073,33;4073,33
Tesouro IPCA+ com Juros Semestrais;15/08/2050;05/02/2026;7,17;7,29;4145,10;4088,48;4088,48
Tesouro IPCA+ com Juros Semestrais;15/08/2050;06/02/2026;7,18;7,30;4142,93;4085,52;4085,52
Tesouro IPCA+ com Juros Semestrais;15/08/2050;09/02/2026;7,21;7,33;4130,66;4074,41;4074,41
Tesouro IPCA+ com Juros Semestrais;15/08/2050;10/02/2026;7,20;7,32;4136,85;4080,50;4080,50
Tesouro IPCA+ com Juros Semestrais;15/08/2050;11/02/2026;7,18;7,30;4147,67;4091,12;4091,12
Tesouro IPCA+ com Juros Semestrais;15/08/2050;12/02/2026;7,16;7,28;4158,53;4101,78;4101,78
Tesouro IPCA+ com Juros Semestrais;15/08/2050;13/02/2026;7,14;7,26;4035,81;4112,48;4112,48
Tesouro IPCA+ com Juros Semestrais;15/08/2050;18/02/2026;7,06;7,18;4075,17;4017,21;4017,21
Tesouro IPCA+ com Juros Semestrais;15/08/2050;19/02/2026;7,12;7,24;4048,67;3991,31;3991,31
Tesouro IPCA+ com Juros Semestrais;15/08/2050;20/02/2026;7,09;7,21;4065,82;4006,85;4006,85
Tesouro IPCA+ com Juros Semestrais;15/08/2050;23/02/2026;7,07;7,19;4077,02;4019,12;4019,12
Tesouro IPCA+ com Juros Semestrais;15/08/2050;24/02/2026;7,06;7,18;4083,51;4025,51;4025,51
Tesouro IPCA+ com Juros Semestrais;15/08/2050;25/02/2026;6,98;7,10;4123,46;4064,63;4064,63
Tesouro IPCA+ com Juros Semestrais;15/08/2050;26/02/2026;6,99;7,11;4120,42;4061,68;4061,68
Tesouro IPCA+ com Juros Semestrais;15/08/2050;27/02/2026;6,94;7,06;4147,63;4087,03;4087,03
Tesouro IPCA+ com Juros Semestrais;15/08/2050;02/03/2026;7,00;7,12;4124,93;4065,93;4065,93
Tesouro IPCA+ com Juros Semestrais;15/08/2050;03/03/2026;7,00;7,12;4126,98;4067,96;4067,96
Tesouro IPCA+ com Juros Semestrais;15/08/2050;04/03/2026;6,98;7,10;4138,65;4079,41;4079,41
Tesouro IPCA+ com Juros Semestrais;15/08/2050;05/03/2026;7,07;7,19;4097,68;4039,36;4039,36
Tesouro IPCA+ com Juros Semestrais;15/08/2050;06/03/2026;7,21;7,33;4036,00;3977,23;3977,23
Tesouro IPCA+ com Juros Semestrais;15/08/2050;09/03/2026;7,29;7,41;4001,28;3945,10;3945,10
Tesouro IPCA+ com Juros Semestrais;15/08/2050;10/03/2026;7,06;7,18;4110,44;4051,96;4051,96
Tesouro IPCA+ com Juros Semestrais;15/08/2050;11/03/2026;7,11;7,23;4088,82;4030,83;4030,83
Tesouro IPCA+ com Juros Semestrais;15/08/2050;12/03/2026;7,11;7,23;4093,13;4035,01;4035,01
Tesouro IPCA+ com Juros Semestrais;15/08/2050;13/03/2026;7,22;7,34;4045,28;3986,86;3986,86
Tesouro IPCA+ com Juros Semestrais;15/08/2050;16/03/2026;7,29;7,41;4014,60;3958,84;3958,84
Tesouro IPCA+ com Juros Semestrais;15/08/2050;17/03/2026;7,10;7,22;4104,43;4046,79;4046,79
Tesouro IPCA+ com Juros Semestrais;15/08/2050;18/03/2026;7,07;7,19;4120,17;4062,22;4062,22
Tesouro IPCA+ com Juros Semestrais;15/08/2050;19/03/2026;7,23;7,35;4046,70;3990,35;3990,35
Tesouro IPCA+ com Juros Semestrais;15/08/2050;20/03/2026;7,18;7,30;4072,20;4014,56;4014,56
Tesouro IPCA+ com Juros Semestrais;15/08/2050;23/03/2026;7,20;7,32;4064,41;4007,74;4007,74
Tesouro IPCA+ com Juros Semestrais;15/08/2050;24/03/2026;7,25;7,37;4042,80;3986,62;3986,62
Tesouro IPCA+ com Juros Semestrais;15/08/2050;25/03/2026;7,20;7,32;4067,44;4010,76;4010,76
Tesouro IPCA+ com Juros Semestrais;15/08/2050;26/03/2026;7,30;7,42;4022,90;3967,20;3967,20
Tesouro IPCA+ com Juros Semestrais;15/08/2050;27/03/2026;7,31;7,43;4028,58;3970,52;3970,52
Tesouro IPCA+ com Juros Semestrais;15/08/2050;30/03/2026;7,21;7,33;4076,70;4019,46;4019,46
Tesouro IPCA+ com Juros Semestrais;15/08/2050;31/03/2026;7,22;7,34;4074,11;4016,96;4016,96
Tesouro IPCA+ com Juros Semestrais;15/08/2050;01/04/2026;7,15;7,27;4108,88;4051,01;4051,01
Tesouro IPCA+ com Juros Semestrais;15/08/2050;02/04/2026;7,22;7,34;4081,02;4021,05;4021,05
Tesouro IPCA+ com Juros Semestrais;15/08/2050;06/04/2026;7,12;7,24;4129,98;4071,75;4071,75
Tesouro IPCA+ com Juros Semestrais;15/08/2050;07/04/2026;7,16;7,28;4113,19;4055,35;4055,35
Tesouro IPCA+ com Juros Semestrais;15/08/2050;08/04/2026;6,99;7,11;4196,37;4136,78;4136,78
Tesouro IPCA+ com Juros Semestrais;15/08/2050;09/04/2026;7,08;7,20;4155,19;4096,52;4096,52
Tesouro IPCA+ com Juros Semestrais;15/08/2050;10/04/2026;7,04;7,16;4184,92;4123,15;4123,15
Tesouro IPCA+ com Juros Semestrais;15/08/2050;13/04/2026;7,02;7,14;4196,87;4137,22;4137,22
Tesouro IPCA+ com Juros Semestrais;15/08/2050;14/04/2026;6,96;7,08;4228,34;4168,04;4168,04
Tesouro IPCA+ com Juros Semestrais;15/08/2050;15/04/2026;7,03;7,15;4196,44;4137,10;4137,10
Tesouro IPCA+ com Juros Semestrais;15/08/2050;16/04/2026;7,00;7,12;4213,04;4153,37;4153,37
Tesouro IPCA+ com Juros Semestrais;15/08/2050;17/04/2026;6,97;7,09;4231,63;4169,73;4169,73
Tesouro IPCA+ com Juros Semestrais;15/08/2050;20/04/2026;7,00;7,12;4220,06;4159,40;4159,40
Tesouro IPCA+ com Juros Semestrais;15/08/2050;22/04/2026;7,01;7,13;4217,30;4157,66;4157,66
Tesouro IPCA+ com Juros Semestrais;15/08/2050;23/04/2026;7,03;7,15;4209,70;4150,26;4150,26
Tesouro IPCA+ com Juros Semestrais;15/08/2050;24/04/2026;7,05;7,17;4204,04;4142,90;4142,90
Tesouro IPCA+ com Juros Semestrais;15/08/2050;27/04/2026;7,04;7,16;4210,95;4151,56;4151,56
Tesouro IPCA+ com Juros Semestrais;15/08/2050;28/04/2026;7,11;7,23;4179,45;4120,78;4120,78
Tesouro IPCA+ com Juros Semestrais;15/08/2050;29/04/2026;7,10;7,22;4186,10;4127,33;4127,33
Tesouro IPCA+ com Juros Semestrais;15/08/2050;30/04/2026;7,10;7,22;4190,97;4129,39;4129,39
Tesouro IPCA+ com Juros Semestrais;15/08/2050;04/05/2026;7,16;7,28;4164,51;4106,29;4106,29
Tesouro IPCA+ com Juros Semestrais;15/08/2050;05/05/2026;7,12;7,24;4185,58;4126,93;4126,93
Tesouro IPCA+ com Juros Semestrais;15/08/2050;06/05/2026;7,08;7,20;4206,78;4147,72;4147,72
Tesouro IPCA+ com Juros Semestrais;15/08/2050;07/05/2026;7,10;7,22;4199,28;4140,41;4140,41
Tesouro IPCA+ com Juros Semestrais;15/08/2050;08/05/2026;7,12;7,24;4193,67;4133,13;4133,13
Tesouro IPCA+ com Juros Semestrais;15/08/2050;11/05/2026;7,12;7,24;4195,74;4137,04;4137,04
Tesouro IPCA+ com Juros Semestrais;15/08/2050;12/05/2026;7,15;7,27;4183,55;4125,13;4125,13
Tesouro IPCA+ com Juros Semestrais;15/08/2050;13/05/2026;7,17;7,29;4176,15;4117,93;4117,93
Tesouro IPCA+ com Juros Semestrais;15/08/2050;14/05/2026;7,18;7,30;4173,50;4115,37;4115,37
Tesouro IPCA+ com Juros Semestrais;15/08/2050;15/05/2026;7,25;7,37;4143,80;4085,28;4085,28
Tesouro IPCA+ com Juros Semestrais;15/08/2050;18/05/2026;7,23;7,35;4154,97;4097,56;4097,56
Tesouro IPCA+ com Juros Semestrais;15/08/2050;19/05/2026;7,27;7,39;4138,12;4081,10;4081,10
Tesouro IPCA+ com Juros Semestrais;15/08/2050;20/05/2026;7,26;7,38;4144,60;4087,46;4087,46
Tesouro IPCA+ com Juros Semestrais;15/08/2050;21/05/2026;7,33;7,45;4114,00;4057,54;4057,54
Tesouro IPCA+ com Juros Semestrais;15/08/2050;22/05/2026;7,26;7,38;4149,57;4091,09;4091,09
Tesouro IPCA+ com Juros Semestrais;15/08/2050;25/05/2026;7,22;7,34;4170,11;4112,54;4112,54
Tesouro IPCA+ com Juros Semestrais;15/08/2050;26/05/2026;7,30;7,42;4134,63;4077,85;4077,85
Tesouro IPCA+ com Juros Semestrais;15/08/2050;27/05/2026;7,22;7,34;4173,76;4116,18;4116,18
Tesouro IPCA+ com Juros Semestrais;15/08/2050;28/05/2026;7,26;7,38;4156,87;4099,67;4099,67
Tesouro IPCA+ com Juros Semestrais;15/08/2050;29/05/2026;7,27;7,39;4155,37;4096,93;4096,93
Tesouro IPCA+ com Juros Semestrais;15/08/2050;01/06/2026;7,27;7,39;4157,19;4100,07;4100,07
Tesouro IPCA+ com Juros Semestrais;15/08/2050;02/06/2026;7,34;7,46;4126,61;4070,17;4070,17
Tesouro IPCA+ com Juros Semestrais;15/08/2050;03/06/2026;7,35;7,47;4124,50;4067,48;4067,48
Tesouro IPCA+ com Juros Semestrais;15/08/2050;05/06/2026;7,37;7,49;4118,48;4060,98;4060,98
Tesouro IPCA+ com Juros Semestrais;15/08/2050;08/06/2026;7,57;7,69;4030,29;3975,98;3975,98
Tesouro IPCA+ com Juros Semestrais;15/08/2050;09/06/2026;7,59;7,71;4023,28;3969,14;3969,14
Tesouro IPCA+ com Juros Semestrais;15/08/2050;10/06/2026;7,64;7,76;4003,16;3949,47;3949,47
Tesouro IPCA+ com Juros Semestrais;15/08/2050;11/06/2026;7,52;7,64;4057,96;4003,16;4003,16
Tesouro IPCA+ com Juros Semestrais;15/08/2050;12/06/2026;7,32;7,44;4155,27;4096,85;4096,85
Tesouro IPCA+ com Juros Semestrais;15/08/2050;15/06/2026;7,26;7,38;4184,83;4127,65;4127,65
Tesouro IPCA+ com Juros Semestrais;15/08/2050;16/06/2026;7,31;7,43;4163,17;4106,48;4106,48
Tesouro IPCA+ com Juros Semestrais;15/08/2050;17/06/2026;7,40;7,52;4123,40;4067,58;4067,58
Tesouro IPCA+ com Juros Semestrais;15/08/2050;18/06/2026;7,56;7,68;4053,03;3998,71;3998,71
Tesouro IPCA+ com Juros Semestrais;15/08/2050;19/06/2026;7,46;7,58;4100,36;4044,17;4044,17
Tesouro IPCA+ com Juros Semestrais;15/08/2050;22/06/2026;7,50;7,62;4083,98;4029,09;4029,09
Tesouro IPCA+ com Juros Semestrais;15/08/2050;23/06/2026;7,55;7,67;4063,29;4008,84;4008,84
Tesouro IPCA+ com Juros Semestrais;15/08/2050;24/06/2026;7,48;7,60;4096,24;4041,15;4041,15
Tesouro IPCA+ com Juros Semestrais;15/08/2050;25/06/2026;7,49;7,61;4093,38;4038,37;4038,37
Tesouro IPCA+ com Juros Semestrais;15/08/2050;26/06/2026;7,43;7,55;4122,87;4066,40;4066,40
Tesouro IPCA+ com Juros Semestrais;15/08/2050;29/06/2026;7,59;7,71;4052,81;3998,73;3998,73
Tesouro IPCA+ com Juros Semestrais;15/08/2050;30/06/2026;7,61;7,73;4045,61;3991,71;3991,71
Tesouro IPCA+ com Juros Semestrais;15/08/2050;01/07/2026;7,65;7,77;4029,68;3976,14;3976,14
Tesouro IPCA+ com Juros Semestrais;15/08/2050;02/07/2026;7,68;7,80;4018,22;3964,94;3964,94
Tesouro IPCA+ com Juros Semestrais;15/08/2050;03/07/2026;7,66;7,78;4029,44;3975,09;3975,09
Tesouro IPCA+ com Juros Semestrais;15/08/2050;06/07/2026;7,54;7,66;4084,02;4029,44;4029,44
Tesouro IPCA+ com Juros Semestrais;15/08/2050;07/07/2026;7,54;7,66;4085,64;4031,06;4031,06
Tesouro IPCA+ com Juros Semestrais;15/08/2050;08/07/2026;7,51;7,63;4100,68;4045,82;4045,82
Tesouro IPCA+ com Juros Semestrais;15/08/2050;09/07/2026;7,52;7,64;4097,84;4043,06;4043,06
Tesouro IPCA+ com Juros Semestrais;15/08/2050;10/07/2026;7,44;7,56;4129,89;4074,23;4074,23
Tesouro IPCA+ com Juros Semestrais;15/08/2050;13/07/2026;7,50;7,62;4104,23;4049,57;4049,57
Tesouro IPCA+ com Juros Semestrais;15/08/2050;14/07/2026;7,48;7,60;4114,61;4059,77;4059,77
Tesouro IPCA+ com Juros Semestrais;15/08/2050;15/07/2026;7,50;7,62;4107,11;4052,36;4052,36
Tesouro IPCA+ com Juros Semestrais;15/08/2050;16/07/2026;7,51;7,63;4104,11;4049,45;4049,45
Tesouro IPCA+ com Juros Semestrais;15/08/2050;17/07/2026;7,46;7,58;4128,70;4072,95;4072,95
Tesouro IPCA+ com Juros Semestrais;15/08/2050;20/07/2026;7,50;7,62;4112,17;4057,41;4057,41
Tesouro IPCA+ com Juros Semestrais;15/08/2050;21/07/2026;7,48;7,60;4122,65;4067,69;4067,69
Tesouro IPCA+ com Juros Semestrais;15/08/2050;22/07/2026;7,58;7,70;4079,49;4025,47;4025,47
Tesouro IPCA+ com Juros Semestrais;15/08/2050;23/07/2026;7,65;7,77;4050,20;3996,81;3996,81
Tesouro IPCA+ com Juros Semestrais;15/08/2050;24/07/2026;7,62;7,74;4065,43;4011,17;4011,17
Tesouro IPCA+ com Juros Semestrais;15/08/2050;27/07/2026;7,58;7,70;4084,56;4030,52;4030,52
Tesouro IPCA+ com Juros Semestrais;15/08/2050;28/07/2026;7,60;7,72;4077,21;4023,35;4023,35
Tesouro IPCA+ com Juros Semestrais;15/08/2050;29/07/2026;7,70;7,82;4031,47;3978,79;3978,79
Tesouro IPCA+ com Juros Semestrais;15/08/2050;30/07/2026;7,74;7,86;4015,46;3963,14;3963,14
Tesouro IPCA+ com Juros Semestrais;15/08/2050;31/07/2026;7,70;7,82;4034,10;3981,30;3981,30
Tesouro IPCA+ com Juros Semestrais;15/08/2050;03/08/2026;7,56;7,68;4096,72;4042,78;4042,78
Tesouro IPCA+ com Juros Semestrais;15/08/2050;04/08/2026;7,52;7,64;4115,78;4061,47;4061,47
Tesouro IPCA+ com Juros Semestrais;15/08/2050;05/08/2026;7,53;7,65;4112,57;4058,35;4058,35
Tesouro IPCA+ com Juros Semestrais;15/08/2050;06/08/2026;7,61;7,73;4078,39;4024,91;4024,91
Tesouro IPCA+ com Juros Semestrais;15/08/2050;07/08/2026;7,57;7,69;4097,43;4043,45;4043,45
Tesouro IPCA+ com Juros Semestrais;15/08/2050;10/08/2026;7,57;7,69;4098,68;4044,84;4044,84
Tesouro IPCA+ com Juros Semestrais;15/08/2050;11/08/2026;7,60;7,72;4087,42;4033,82;4033,82
Tesouro IPCA+ com Juros Semestrais;15/08/2050;12/08/2026;7,56;7,68;4106,39;4052,42;4052,42
Tesouro IPCA+ com Juros Semestrais;15/08/2050;13/08/2026;7,58;7,70;4098,81;4045,03;4045,03
Tesouro IPCA+ com Juros Semestrais;15/08/2050;14/08/2026;7,57;7,69;3963,80;4050,64;4050,64
Tesouro IPCA+ com Juros Semestrais;15/08/2050;17/08/2026;7,54;7,66;3978,01;3924,25;3924,25
Tesouro IPCA+ com Juros Semestrais;15/08/2050;18/08/2026;7,51;7,63;3992,28;3938,26;3938,26
Tesouro IPCA+ com Juros Semestrais;15/08/2050;19/08/2026;7,47;7,59;4011,13;3956,74;3956,74
Tesouro IPCA+ com Juros Semestrais;15/08/2050;20/08/2026;7,51;7,63;3994,06;3940,05;3940,05
Tesouro IPCA+ com Juros Semestrais;15/08/2050;21/08/2026;7,43;7,55;4030,46;3976,23;3976,23
Tesouro IPCA+ com Juros Semestrais;15/08/2050;24/08/2026;7,47;7,59;4013,28;3958,91;3958,91
Tesouro IPCA+ com Juros Semestrais;15/08/2050;25/08/2026;7,44;7,56;4027,71;3973,07;3973,07
Tesouro IPCA+ com Juros Semestrais;15/08/2050;26/08/2026;7,39;7,51;4051,33;3996,22;3996,22
Tesouro IPCA+ com Juros Semestrais;15/08/2050;27/08/2026;7,43;7,55;4032,65;3978,05;3978,05
Tesouro IPCA+ com Juros Semestrais;15/08/2050;28/08/2026;7,40;7,52;4046,34;3992,19;3992,19
Tesouro IPCA+ com Juros Semestrais;15/08/2050;31/08/2026;7,40;7,52;4047,12;3992,26;3992,26
Tesouro IPCA+ com Juros Semestrais;15/08/2050;01/09/2026;7,54;7,66;3984,93;3931,38;3931,38
Tesouro IPCA+ com Juros Semestrais;15/08/2050;02/09/2026;7,43;7,55;4035,05;3980,49;3980,49
Tesouro IPCA+ com Juros Semestrais;15/08/2050;03/09/2026;7,40;7,52;4049,46;3994,62;3994,62
Tesouro IPCA+ com Juros Semestrais;15/08/2050;04/09/2026;7,39;7,51;4053,69;3999,87;3999,87
Tesouro IPCA+ com Juros Semestrais;15/08/2050;08/09/2026;7,35;7,47;4072,77;4017,48;4017,48
Tesouro IPCA+ com Juros Semestrais;15/08/2050;09/09/2026;7,40;7,52;4050,70;3995,90;3995,90
Tesouro IPCA+ com Juros Semestrais;15/08/2050;10/09/2026;7,43;7,55;4037,87;3983,36;3983,36
Tesouro IPCA+ com Juros Semestrais;15/08/2050;11/09/2026;7,28;7,40;4105,08;4050,07;4050,07
Tesouro IPCA+ com Juros Semestrais;15/08/2050;14/09/2026;7,37;7,49;4064,36;4009,38;4009,38
Tesouro IPCA+ com Juros Semestrais;15/08/2050;15/09/2026;7,31;7,43;4093,82;4037,09;4037,09
Tesouro IPCA+ com Juros Semestrais;15/08/2050;16/09/2026;7,32;7,44;4091,12;4034,47;4034,47
Tesouro IPCA+ com Juros Semestrais;15/08/2050;17/09/2026;7,28;7,40;4111,53;4054,49;4054,49
Tesouro IPCA+ com Juros Semestrais;15/08/2050;18/09/2026;7,28;7,40;4114,97;4056,40;4056,40
Tesouro IPCA+ com Juros Semestrais;15/08/2050;21/09/2026;7,27;7,39;4121,54;4064,37;4064,37
Tesouro IPCA+ com Juros Semestrais;15/08/2050;22/09/2026;7,32;7,44;4100,28;4043,59;4043,59
Tesouro IPCA+ com Juros Semestrais;15/08/2050;23/09/2026;7,29;7,41;4116,08;4059,08;4059,08
Tesouro IPCA+ com Juros Semestrais;15/08/2050;24/09/2026;7,29;7,41;4117,99;4060,99;4060,99
Tesouro IPCA+ com Juros Semestrais;15/08/2050;25/09/2026;7,26;7,38;4135,41;4076,56;4076,56
